DEPTH = 11595;
WIDTH = 32;
ADDRESS_RADIX = HEX;
DATA_RADIX = HEX;
CONTENT
BEGIN
00000000 : f14020f3;
00000001 : 80010217;
00000002 : ffc20213;
00000003 : ff027113;
00000004 : 80000197;
00000005 : 7f018193;
00000006 : 000022b7;
00000007 : 80028293;
00000008 : 30029073;
00000009 : 00000317;
0000000a : 15030313;
0000000b : 30531073;
0000000c : 30401073;
0000000d : 0000b397;
0000000e : f8c38393;
0000000f : 80000417;
00000010 : fc440413;
00000011 : 80000497;
00000012 : 52848493;
00000013 : 80000517;
00000014 : 52450513;
00000015 : 80000597;
00000016 : 7b858593;
00000017 : 46814601;
00000018 : 47814701;
00000019 : 48814801;
0000001a : 49814901;
0000001b : 4a814a01;
0000001c : 4b814b01;
0000001d : 4c814c01;
0000001e : 4d814d01;
0000001f : 4e814e01;
00000020 : 4f814f01;
00000021 : 04008263;
00000022 : 00000797;
00000023 : 01c78793;
00000024 : 30579073;
00000025 : 30445073;
00000026 : 30046073;
00000027 : 10500073;
00000028 : 0001bff5;
00000029 : 00000797;
0000002a : 0d078793;
0000002b : 30579073;
0000002c : 30405073;
0000002d : fff44737;
0000002e : 00872103;
0000002f : 07374750;
00000030 : 2223fff4;
00000031 : a8810007;
00000032 : 00838b63;
00000033 : 00945963;
00000034 : 0003a783;
00000035 : 0391c01c;
00000036 : 4be30411;
00000037 : 5763fe94;
00000038 : 202300b5;
00000039 : 05110005;
0000003a : feb54de3;
0000003b : 0000a417;
0000003c : c4440413;
0000003d : 0000a497;
0000003e : c3c48493;
0000003f : 00945963;
00000040 : 00042083;
00000041 : 000080e7;
00000042 : 4be30411;
00000043 : 1617fe94;
00000044 : 06130000;
00000045 : 000f96a6;
00000046 : 100f0ff0;
00000047 : 45010000;
00000048 : 00e74581;
00000049 : 70730006;
0000004a : 10733004;
0000004b : 05973040;
0000004c : 85930000;
0000004d : 90730465;
0000004e : 10733055;
0000004f : 24733405;
00000050 : e015f140;
00000051 : 0000a417;
00000052 : bec40413;
00000053 : 0000a497;
00000054 : be448493;
00000055 : 00945963;
00000056 : 00042083;
00000057 : 000080e7;
00000058 : 4be30411;
00000059 : 2473fe94;
0000005a : e011f140;
0000005b : 00739002;
0000005c : bff51050;
0000005d : 10500073;
0000005e : ffdff06f;
0000005f : 00051803;
00000060 : cc221101;
00000061 : 40785793;
00000062 : ce06ca26;
00000063 : 84ae8b85;
00000064 : 78938432;
00000065 : e3d107f8;
00000066 : 40385713;
00000067 : 17938b3d;
00000068 : 06330047;
00000069 : c84a00f7;
0000006a : 00787693;
0000006b : 03845783;
0000006c : 8732832a;
0000006d : 14068563;
0000006e : 01081513;
0000006f : 81414605;
00000070 : 98638942;
00000071 : 863e02c6;
00000072 : 051385ba;
00000073 : c61a0284;
00000074 : 10efc442;
00000075 : 57833480;
00000076 : 191303c4;
00000077 : 48220105;
00000078 : 59134332;
00000079 : 97634109;
0000007a : 57831407;
0000007b : 1e230384;
0000007c : 85be02a4;
0000007d : c442c61a;
0000007e : 43b010ef;
0000007f : 78934822;
00000080 : 433207f9;
00000081 : f0087813;
00000082 : 0108e833;
00000083 : 68134942;
00000084 : 1c230808;
00000085 : 102302a4;
00000086 : 98030103;
00000087 : 57930004;
00000088 : 8b854078;
00000089 : 40f2cb91;
0000008a : 77934462;
0000008b : 44d207f8;
0000008c : 40f88533;
0000008d : 80826105;
0000008e : 40385713;
0000008f : 17938b3d;
00000090 : 06330047;
00000091 : c84a00f7;
00000092 : 00787693;
00000093 : 03845783;
00000094 : caa58732;
00000095 : 01081513;
00000096 : 81414605;
00000097 : 97638942;
00000098 : 863e02c6;
00000099 : 051385ba;
0000009a : c6460284;
0000009b : 10efc442;
0000009c : 57832ac0;
0000009d : 191303c4;
0000009e : 48220105;
0000009f : 591348b2;
000000a0 : ebbd4109;
000000a1 : 03845783;
000000a2 : 02a41e23;
000000a3 : c64685be;
000000a4 : 10efc442;
000000a5 : 48223a10;
000000a6 : 07f97793;
000000a7 : 02a41c23;
000000a8 : f0087813;
000000a9 : 40f248b2;
000000aa : e8334462;
000000ab : 68130107;
000000ac : 90230808;
000000ad : 49420104;
000000ae : 853344d2;
000000af : 610540f8;
000000b0 : 06938082;
000000b1 : e4630210;
000000b2 : 071300c6;
000000b3 : 16830220;
000000b4 : 16030024;
000000b5 : 484c0004;
000000b6 : c6464c08;
000000b7 : 10efc442;
000000b8 : 57831a10;
000000b9 : 191303e4;
000000ba : 48220105;
000000bb : 591348b2;
000000bc : e3994109;
000000bd : 02a41f23;
000000be : 03845783;
000000bf : 0693bf41;
000000c0 : e4630210;
000000c1 : 071300c6;
000000c2 : 16830220;
000000c3 : 16030024;
000000c4 : 484c0004;
000000c5 : c61a4c08;
000000c6 : 10efc442;
000000c7 : 57831650;
000000c8 : 191303e4;
000000c9 : 48220105;
000000ca : 59134332;
000000cb : e3994109;
000000cc : 02a41f23;
000000cd : 03845783;
000000ce : 1e03bd6d;
000000cf : 71390045;
000000d0 : d05adc22;
000000d1 : da26de06;
000000d2 : d64ed84a;
000000d3 : d256d452;
000000d4 : cc62ce5e;
000000d5 : c86aca66;
000000d6 : 5140c66e;
000000d7 : 5e634b01;
000000d8 : cf6339c0;
000000d9 : 08633805;
000000da : 8c2e3a04;
000000db : 4e814801;
000000dc : 43014881;
000000dd : a02187a2;
000000de : 8063439c;
000000df : 43d82407;
000000e0 : 00271603;
000000e1 : ff861ae3;
000000e2 : a0114681;
000000e3 : 4018843a;
000000e4 : 86a2c014;
000000e5 : 8463ff65;
000000e6 : 43d82207;
000000e7 : 17030885;
000000e8 : 76930007;
000000e9 : c6810017;
000000ea : 8b058725;
000000eb : 4398933a;
000000ec : 4314c711;
000000ed : 401cc394;
000000ee : c018c31c;
000000ef : 00180793;
000000f0 : 01079813;
000000f1 : 41085813;
000000f2 : 04064263;
000000f3 : 1c130605;
000000f4 : 07c20106;
000000f5 : 410c5c13;
000000f6 : 016383c1;
000000f7 : fb13050e;
000000f8 : 86da0ff7;
000000f9 : 766187a2;
000000fa : f80c56e3;
000000fb : 4b0343d8;
000000fc : 0be30007;
000000fd : 439cf8db;
000000fe : 43d8cb81;
000000ff : 00074b03;
00000100 : f8db04e3;
00000101 : fbf5439c;
00000102 : bfbd8b36;
00000103 : 83c107c2;
00000104 : 0ff7f693;
00000105 : 87a28c32;
00000106 : ff0e11e3;
00000107 : 00289793;
00000108 : 41d787b3;
00000109 : 1493933e;
0000010a : 80c10103;
0000010b : 4d638a2a;
0000010c : 401c1cb0;
0000010d : a9838922;
0000010e : 43d80007;
0000010f : 0049a603;
00000110 : 0009a683;
00000111 : a223c3d0;
00000112 : c39400e9;
00000113 : 0009a023;
00000114 : 0e0c4f63;
00000115 : 00492783;
00000116 : 00279783;
00000117 : 01878c63;
00000118 : 00092903;
00000119 : 26090b63;
0000011a : 00492783;
0000011b : 00279783;
0000011c : ff8798e3;
0000011d : 85a6405c;
0000011e : 00079503;
0000011f : 6b1010ef;
00000120 : 00092903;
00000121 : 17e384aa;
00000122 : 2903fe09;
00000123 : a7030004;
00000124 : 26830049;
00000125 : 27830049;
00000126 : 43050009;
00000127 : 00d9a223;
00000128 : 00e92223;
00000129 : 00f9a023;
0000012a : 01392023;
0000012b : c46d8e9a;
0000012c : 46814901;
0000012d : 0e054e01;
0000012e : 47818722;
0000012f : 0067d563;
00000130 : 07854318;
00000131 : 8622ff65;
00000132 : 843a859a;
00000133 : 02f05063;
00000134 : 0015b713;
00000135 : 00143513;
00000136 : c3058f49;
00000137 : 17fd8736;
00000138 : 421086b2;
00000139 : c314cf25;
0000013a : fef044e3;
0000013b : 00803533;
0000013c : 00b02733;
0000013d : cb498f69;
0000013e : 2883cfa5;
0000013f : 42480044;
00000140 : 00289f03;
00000141 : 00051703;
00000142 : 00251f83;
00000143 : 01071293;
00000144 : f0077813;
00000145 : 0182d713;
00000146 : 00e86733;
00000147 : 00e51023;
00000148 : 00089703;
00000149 : 01071813;
0000014a : f0077513;
0000014b : 01885713;
0000014c : 90238f49;
0000014d : 546300e8;
0000014e : 873607ff;
0000014f : 86a215fd;
00000150 : f3554000;
00000151 : 2903a821;
00000152 : 08630009;
00000153 : 27831809;
00000154 : c7830049;
00000155 : 18e30007;
00000156 : bf29fefb;
00000157 : b7bd8936;
00000158 : 00803533;
00000159 : 00b037b3;
0000015a : 8fe9c298;
0000015b : cf8986ba;
0000015c : 15fd8722;
0000015d : f6ed4000;
0000015e : 00803533;
0000015f : 00b037b3;
00000160 : 893a8fe9;
00000161 : f7ed86ba;
00000162 : a023f51d;
00000163 : 00630006;
00000164 : 844a05de;
00000165 : fc090306;
00000166 : 00002023;
00000167 : 42089002;
00000168 : c69117fd;
00000169 : 86b28736;
0000016a : 862ac314;
0000016b : 86b2bf35;
0000016c : 862a8932;
0000016d : f4f045e3;
0000016e : 8662bf15;
0000016f : 401cb3f1;
00000170 : 43dc0e85;
00000171 : 00178783;
00000172 : 933e8b85;
00000173 : 2403bbc5;
00000174 : c8190009;
00000175 : 00492783;
00000176 : 950385a6;
00000177 : 10ef0007;
00000178 : 400054f0;
00000179 : f47d84aa;
0000017a : 546250f2;
0000017b : 59b25942;
0000017c : 5a925a22;
0000017d : 4bf25b02;
0000017e : 4cd24c62;
0000017f : 4db24d42;
00000180 : 54d28526;
00000181 : 80826121;
00000182 : d4594985;
00000183 : 4d014a81;
00000184 : 0b854b81;
00000185 : 490187a2;
00000186 : 01395563;
00000187 : 0905439c;
00000188 : 8da2ffe5;
00000189 : 843e8cce;
0000018a : 03205263;
0000018b : 001cb793;
0000018c : 00143693;
0000018d : c39d8fd5;
0000018e : 197d87ea;
0000018f : ad838d6e;
00000190 : cb8d000d;
00000191 : 01a7a023;
00000192 : ff2042e3;
00000193 : 008036b3;
00000194 : 019027b3;
00000195 : cba18ff5;
00000196 : 02090063;
00000197 : a503404c;
00000198 : 8652004d;
00000199 : 59633e21;
0000019a : 87ea04a0;
0000019b : 8d221cfd;
0000019c : fbe94000;
0000019d : bf4d8aea;
0000019e : a811866a;
0000019f : 008036b3;
000001a0 : 019037b3;
000001a1 : 01a62023;
000001a2 : 866a8ff5;
000001a3 : 8d22cf89;
000001a4 : 40001cfd;
000001a5 : 36b3f665;
000001a6 : 37b30080;
000001a7 : 8ff50190;
000001a8 : 866a8aea;
000001a9 : f6b5f7ed;
000001aa : 000d2023;
000001ab : 82634785;
000001ac : 098606fb;
000001ad : bf918456;
000001ae : 000da683;
000001af : 0863197d;
000001b0 : 87ea000d;
000001b1 : a0238d6e;
000001b2 : 8db601a7;
000001b3 : 8d6ebfb5;
000001b4 : 8db68aee;
000001b5 : f92044e3;
000001b6 : 2903bf95;
000001b7 : 0ae30004;
000001b8 : 405cda09;
000001b9 : 950385a6;
000001ba : 10ef0007;
000001bb : 29034430;
000001bc : 84aa0009;
000001bd : d80910e3;
000001be : 8c2ebb49;
000001bf : b33d4481;
000001c0 : 862ec819;
000001c1 : 480187a2;
000001c2 : 48814e81;
000001c3 : 43014681;
000001c4 : 8456b1ed;
000001c5 : 4781bb39;
000001c6 : 9002439c;
000001c7 : ccccd7b7;
000001c8 : ccd78793;
000001c9 : 02f537b3;
000001ca : a023852e;
000001cb : 76e10005;
000001cc : 08068693;
000001cd : 01058f13;
000001ce : 839105a1;
000001cf : ffe78713;
000001d0 : 00371813;
000001d1 : 2223982a;
000001d2 : 1e130105;
000001d3 : 10230027;
000001d4 : 112300d8;
000001d5 : 9e420008;
000001d6 : 00480793;
000001d7 : 290f7863;
000001d8 : 00880693;
000001d9 : 29c6f463;
000001da : c55c78e1;
000001db : 00052423;
000001dc : c793c10c;
000001dd : 58fdfff8;
000001de : 00f81323;
000001df : 01181223;
000001e0 : 7ee1cf39;
000001e1 : 008f0893;
000001e2 : fffece93;
000001e3 : f7634581;
000001e4 : 83130508;
000001e5 : 7e630046;
000001e6 : 2f8323c3;
000001e7 : 47b30005;
000001e8 : 078e00b6;
000001e9 : 0075f293;
000001ea : 0787f793;
000001eb : 01ff2023;
000001ec : 0057e7b3;
000001ed : 01e52023;
000001ee : 00879f93;
000001ef : 00df2223;
000001f0 : 058597fe;
000001f1 : 00f69023;
000001f2 : 01d69123;
000001f3 : 00b70863;
000001f4 : 08938f46;
000001f5 : 869a008f;
000001f6 : fb08ede3;
000001f7 : a803410c;
000001f8 : 0b630005;
000001f9 : d7b70408;
000001fa : 8793cccc;
000001fb : 3733ccd7;
000001fc : 6e1102f7;
000001fd : 03131e7d;
000001fe : 47852000;
000001ff : a8218309;
00000200 : 00082883;
00000201 : 00f59123;
00000202 : 02088863;
00000203 : 078585c2;
00000204 : 10030313;
00000205 : 41cc8846;
00000206 : fee7e4e3;
00000207 : 00c7c8b3;
00000208 : 70037693;
00000209 : 0116e6b3;
0000020a : 00082883;
0000020b : 01c6f6b3;
0000020c : 00d59123;
0000020d : fc089ce3;
0000020e : 8ff64e85;
0000020f : 4581872a;
00000210 : 4f014501;
00000211 : 87ba0f05;
00000212 : d5634681;
00000213 : 439c01d6;
00000214 : ffe50685;
00000215 : 8876863a;
00000216 : 5263873e;
00000217 : 379302d0;
00000218 : 38930018;
00000219 : e7b30017;
0000021a : c39d0117;
0000021b : 16fd421c;
0000021c : 14058463;
0000021d : 85b2c190;
0000021e : 42e3863e;
0000021f : 38b3fed0;
00000220 : 27b300e0;
00000221 : f7b30100;
00000222 : 8b6300f8;
00000223 : c2ed1007;
00000224 : c6221141;
00000225 : 00472e03;
00000226 : 00462883;
00000227 : 002e1283;
00000228 : 00089783;
00000229 : 00289383;
0000022a : 01079413;
0000022b : f007f313;
0000022c : 01845793;
0000022d : 00f367b3;
0000022e : 00f89023;
0000022f : 000e1783;
00000230 : 01079313;
00000231 : f007f893;
00000232 : 01835793;
00000233 : 00f8e7b3;
00000234 : 00fe1023;
00000235 : 0272d863;
00000236 : 187d87b2;
00000237 : 4318863a;
00000238 : c190c185;
00000239 : 863e85b2;
0000023a : 02d05663;
0000023b : 00183793;
0000023c : 00173893;
0000023d : 0117e7b3;
0000023e : 421cdfd1;
0000023f : f1f516fd;
00000240 : b7cd8532;
00000241 : 16fd421c;
00000242 : 85b2fde9;
00000243 : 863e8532;
00000244 : f8d044e3;
00000245 : 00e038b3;
00000246 : 010027b3;
00000247 : 00f8f7b3;
00000248 : faadcb95;
00000249 : a81186ae;
0000024a : 00e038b3;
0000024b : 010037b3;
0000024c : f7b3c28c;
0000024d : 86ae00f8;
0000024e : 85bacf91;
0000024f : 4318187d;
00000250 : 38b3f6e5;
00000251 : 37b300e0;
00000252 : f7b30100;
00000253 : 852e00f8;
00000254 : f7e586ae;
00000255 : 06088463;
00000256 : 87ba0f05;
00000257 : d5634681;
00000258 : 439c01d6;
00000259 : ffe50685;
0000025a : 8876863a;
0000025b : bfad873e;
0000025c : a81186ae;
0000025d : 00e038b3;
0000025e : 010037b3;
0000025f : f7b3c28c;
00000260 : 86ae00f8;
00000261 : 85bacf91;
00000262 : 4318187d;
00000263 : 38b3f6e5;
00000264 : 37b300e0;
00000265 : f7b30100;
00000266 : 852e00f8;
00000267 : f7e586ae;
00000268 : ea0892e3;
00000269 : 0005a023;
0000026a : 03ff0b63;
0000026b : 17e30e86;
0000026c : 2023e805;
0000026d : 90020000;
0000026e : bd758532;
0000026f : 0005a023;
00000270 : 03ff0063;
00000271 : c1050e86;
00000272 : 4581872a;
00000273 : 4f014501;
00000274 : 0585b761;
00000275 : e0b704e3;
00000276 : 88fa8336;
00000277 : 8082bbd5;
00000278 : 01414432;
00000279 : 20238082;
0000027a : 90020000;
0000027b : 86be8f2e;
0000027c : b3794581;
0000027d : c04a1141;
0000027e : 01c52903;
0000027f : 2c23c606;
00000280 : 2e230205;
00000281 : 04630205;
00000282 : 45850609;
00000283 : c226c422;
00000284 : 3225842a;
00000285 : 03845583;
00000286 : 10ef4485;
00000287 : 1c234180;
00000288 : 55fd02a4;
00000289 : 3a118522;
0000028a : 03845583;
0000028b : 406010ef;
0000028c : 01051793;
0000028d : 054283c1;
0000028e : dc1c8fc9;
0000028f : 02990763;
00000290 : 85224585;
00000291 : 558338dd;
00000292 : 04850384;
00000293 : 3e6010ef;
00000294 : 02a41c23;
00000295 : 852255fd;
00000296 : 558330cd;
00000297 : 10ef0384;
00000298 : 1c233d40;
00000299 : 1de302a4;
0000029a : 4422fc99;
0000029b : 40b24492;
0000029c : 45014902;
0000029d : 80820141;
0000029e : 862e7171;
0000029f : 086cce2a;
000002a0 : 06e10513;
000002a1 : d522d706;
000002a2 : d14ad326;
000002a3 : cd52cf4e;
000002a4 : c95acb56;
000002a5 : c562c75e;
000002a6 : c16ac366;
000002a7 : 3cd000ef;
000002a8 : 10ef4505;
000002a9 : 162335a0;
000002aa : 450902a1;
000002ab : 350010ef;
000002ac : 02a11723;
000002ad : 10ef450d;
000002ae : 18233460;
000002af : 451102a1;
000002b0 : 33c010ef;
000002b1 : 4515c4aa;
000002b2 : 334010ef;
000002b3 : 451de111;
000002b4 : c6aa57b2;
000002b5 : 34078563;
000002b6 : 82634705;
000002b7 : 451d6ae7;
000002b8 : 31c010ef;
000002b9 : 85410542;
000002ba : 0513e119;
000002bb : c2aa7d00;
000002bc : 5e1000ef;
000002bd : 162347b6;
000002be : da2a0601;
000002bf : 0027f813;
000002c0 : 0017f613;
000002c1 : 010036b3;
000002c2 : 0047f893;
000002c3 : 85aa4716;
000002c4 : 906396b2;
000002c5 : 55330208;
000002c6 : c2aa02d7;
000002c7 : 1a061863;
000002c8 : 02080663;
000002c9 : 02a60733;
000002ca : de3a972e;
000002cb : 02088063;
000002cc : 8513a811;
000002cd : 55330016;
000002ce : c2aa02a7;
000002cf : 18061863;
000002d0 : fe0812e3;
000002d1 : 02a686b3;
000002d2 : c0ae95b6;
000002d3 : 0017f713;
000002d4 : 1603c719;
000002d5 : 55e202c1;
000002d6 : 47b636d1;
000002d7 : f713c8aa;
000002d8 : 1b630027;
000002d9 : 8b911607;
000002da : 4606c799;
000002db : 02c11583;
000002dc : 00ef4516;
000002dd : 47a65850;
000002de : 0c079363;
000002df : a90367ad;
000002e0 : a983fa87;
000002e1 : 4a05fac7;
000002e2 : 4726c4d2;
000002e3 : 00271793;
000002e4 : 078697ba;
000002e5 : 00efc4be;
000002e6 : 44a62650;
000002e7 : d482d282;
000002e8 : 4585c0bd;
000002e9 : f0ef1068;
000002ea : 5583f94f;
000002eb : 44050641;
000002ec : 282010ef;
000002ed : 06a11223;
000002ee : 106855fd;
000002ef : f7eff0ef;
000002f0 : 06415583;
000002f1 : 26e010ef;
000002f2 : 01051793;
000002f3 : 054283c1;
000002f4 : d2be8fc9;
000002f5 : 03448963;
000002f6 : 10684585;
000002f7 : f5eff0ef;
000002f8 : 06415583;
000002f9 : 10ef0405;
000002fa : 122324c0;
000002fb : 55fd06a1;
000002fc : f0ef1068;
000002fd : 5583f48f;
000002fe : 10ef0641;
000002ff : 12232380;
00000300 : 9be306a1;
00000301 : 00effc84;
00000302 : 00ef2110;
00000303 : 00ef2290;
00000304 : 864a2430;
00000305 : 842a86ce;
00000306 : 70ef84ae;
00000307 : 46e35870;
00000308 : 8522f605;
00000309 : 80ef85a6;
0000030a : e1114cb0;
0000030b : 47a94505;
0000030c : 02a7d7b3;
0000030d : 07854726;
0000030e : 02f707b3;
0000030f : 00efc4be;
00000310 : 10681bd0;
00000311 : 00ef3b45;
00000312 : 00ef1d10;
00000313 : 842a1e90;
00000314 : 02c11503;
00000315 : 458184ae;
00000316 : 6d4010ef;
00000317 : 150385aa;
00000318 : 10ef02e1;
00000319 : 85aa6ca0;
0000031a : 03011503;
0000031b : 6c0010ef;
0000031c : 150385aa;
0000031d : 10ef0441;
0000031e : 67a16b60;
0000031f : b0578793;
00000320 : 0763892a;
00000321 : e9634cf5;
00000322 : 678906a7;
00000323 : 8f278793;
00000324 : 48f50a63;
00000325 : 87936795;
00000326 : 1b63eaf7;
00000327 : 652918f5;
00000328 : d8c50513;
00000329 : 3fc040ef;
0000032a : 879367b9;
0000032b : c23e5a47;
0000032c : 87936795;
0000032d : c43e6087;
0000032e : 8793679d;
0000032f : c03ea797;
00000330 : 47898b3e;
00000331 : 4ba24c12;
00000332 : a0bdcc3e;
00000333 : 1be3dc2e;
00000334 : 8de3e408;
00000335 : b5bde608;
00000336 : 02e11783;
00000337 : 02c11603;
00000338 : 451655f2;
00000339 : 8e5d07c2;
0000033a : 00ef08d4;
0000033b : 47b60510;
0000033c : 9ce38b91;
0000033d : b541e607;
0000033e : 879367a5;
0000033f : 0d63a027;
00000340 : 67bd3ef5;
00000341 : 9f578793;
00000342 : 12f51463;
00000343 : 05136529;
00000344 : 40efdbc5;
00000345 : 67a538e0;
00000346 : e3a78793;
00000347 : 6789c23e;
00000348 : fd778793;
00000349 : 67b9c43e;
0000034a : 71478793;
0000034b : 4ba24c12;
0000034c : 8b3ec03e;
0000034d : cc3e478d;
0000034e : d541a783;
0000034f : 5d634c81;
00000350 : 66a90ef0;
00000351 : 67a96729;
00000352 : e1468693;
00000353 : e4470713;
00000354 : e7878793;
00000355 : c636deee;
00000356 : ca3ec83a;
00000357 : 49814a01;
00000358 : a0154a81;
00000359 : d7839c8a;
0000035a : 8cb306cc;
0000035b : 87130147;
0000035c : a7830019;
0000035d : 1993d541;
0000035e : d9930107;
0000035f : 8a660109;
00000360 : db638ace;
00000361 : 9c932ef9;
00000362 : 8db3004a;
00000363 : 0d8a015c;
00000364 : 060d8793;
00000365 : 8db30818;
00000366 : a78300e7;
00000367 : 9e23fdcd;
00000368 : f693fe0d;
00000369 : c28d0017;
0000036a : ff6dd603;
0000036b : 01660e63;
0000036c : 45324682;
0000036d : 10ef85d6;
0000036e : d68354f0;
0000036f : a783ffcd;
00000370 : 0685fdcd;
00000371 : fedd9e23;
00000372 : 0027f693;
00000373 : 8db3ca8d;
00000374 : 0d8a015c;
00000375 : 060d8713;
00000376 : 0db30814;
00000377 : d60300d7;
00000378 : 0e63ff8d;
00000379 : 46a20176;
0000037a : 85d64542;
0000037b : 519010ef;
0000037c : ffcdd683;
0000037d : fdcda783;
0000037e : 9e230685;
0000037f : 9cd6fedd;
00000380 : 0c8a8b91;
00000381 : 8793d3a5;
00000382 : 0818060c;
00000383 : 00e78cb3;
00000384 : ffacd603;
00000385 : 25861563;
00000386 : ffccd783;
00000387 : 1783b7b9;
00000388 : 9ee30301;
00000389 : 0793ca07;
0000038a : 18230660;
0000038b : b94502f1;
0000038c : 57fd6cc1;
0000038d : cc3e1cfd;
0000038e : 696010ef;
0000038f : 09b34596;
00000390 : 65290195;
00000391 : ea850513;
00000392 : 4bd010ef;
00000393 : 3e800613;
00000394 : 85224681;
00000395 : 60ef85a6;
00000396 : 85aa52a0;
00000397 : 05136529;
00000398 : 10efec05;
00000399 : 85224a30;
0000039a : 27dd85a6;
0000039b : 6529862a;
0000039c : 051386ae;
0000039d : 10efedc5;
0000039e : 852248f0;
0000039f : 2fc985a6;
000003a0 : 46814601;
000003a1 : 245070ef;
000003a2 : 02a05b63;
000003a3 : d541a783;
000003a4 : 05334526;
000003a5 : 80ef02f5;
000003a6 : 8a2a2d30;
000003a7 : 85228aae;
000003a8 : 277d85a6;
000003a9 : 86ae862a;
000003aa : 85d68552;
000003ab : 1d4070ef;
000003ac : 6529862a;
000003ad : 051386ae;
000003ae : 10efef45;
000003af : 852244b0;
000003b0 : 277985a6;
000003b1 : a60367ad;
000003b2 : a683fb07;
000003b3 : 70effb47;
000003b4 : 45632d30;
000003b5 : a7831a05;
000003b6 : 45a6d541;
000003b7 : 05136529;
000003b8 : 85b3f4c5;
000003b9 : 6a2902f5;
000003ba : 6b296aa9;
000003bb : d99309c2;
000003bc : 10ef4109;
000003bd : 65294130;
000003be : f64a0593;
000003bf : f7050513;
000003c0 : 405010ef;
000003c1 : 85936529;
000003c2 : 0513f88a;
000003c3 : 10eff985;
000003c4 : 65293f70;
000003c5 : fb0b0593;
000003c6 : fb850513;
000003c7 : 3e9010ef;
000003c8 : 85ca6529;
000003c9 : fd050513;
000003ca : 3dd010ef;
000003cb : f71347b6;
000003cc : cf150017;
000003cd : d541a703;
000003ce : 02e05b63;
000003cf : 09136929;
000003d0 : 4b81fec9;
000003d1 : 97934581;
000003d2 : 97ae0045;
000003d3 : 978a078a;
000003d4 : 0667d603;
000003d5 : 0b85854a;
000003d6 : 3ad010ef;
000003d7 : d541a783;
000003d8 : db930bc2;
000003d9 : 85de010b;
000003da : fcfbcfe3;
000003db : f71347b6;
000003dc : cf150027;
000003dd : d541a703;
000003de : 22e05263;
000003df : 09136929;
000003e0 : 4b810089;
000003e1 : 97934581;
000003e2 : 97ae0045;
000003e3 : 978a078a;
000003e4 : 0687d603;
000003e5 : 0b85854a;
000003e6 : 36d010ef;
000003e7 : d541a783;
000003e8 : db930bc2;
000003e9 : 85de010b;
000003ea : fcfbcfe3;
000003eb : 8b9147b6;
000003ec : a783cf8d;
000003ed : 5663d541;
000003ee : 692906f0;
000003ef : 02490913;
000003f0 : 45814b81;
000003f1 : 00459793;
000003f2 : 078a97ae;
000003f3 : d603978a;
000003f4 : 854a06a7;
000003f5 : 10ef0b85;
000003f6 : a78332f0;
000003f7 : 0bc2d541;
000003f8 : 010bdb93;
000003f9 : cfe385de;
000003fa : a783fcfb;
000003fb : 6929d541;
000003fc : 04090913;
000003fd : 45814b81;
000003fe : 02f05563;
000003ff : 00459793;
00000400 : 078a97ae;
00000401 : d603978a;
00000402 : 854a0647;
00000403 : 10ef0b85;
00000404 : a7832f70;
00000405 : 0bc2d541;
00000406 : 010bdb93;
00000407 : cfe385de;
00000408 : 8463fcfb;
00000409 : 53630609;
0000040a : 65290d30;
0000040b : 12c50513;
0000040c : 070040ef;
0000040d : 00ef5552;
0000040e : 05130bd0;
0000040f : 2f2d06e1;
00000410 : 542a50ba;
00000411 : 590a549a;
00000412 : 4a6a49fa;
00000413 : 4b4a4ada;
00000414 : 4c2a4bba;
00000415 : 4d0a4c9a;
00000416 : 614d4501;
00000417 : 46928082;
00000418 : 85d64552;
00000419 : 2a1010ef;
0000041a : ffccd783;
0000041b : 07c20785;
0000041c : 9e2383c1;
0000041d : b9d5fefc;
0000041e : bb7d5df6;
0000041f : 05136529;
00000420 : 40eff0c5;
00000421 : 098501e0;
00000422 : 6529b5b9;
00000423 : 05c50513;
00000424 : 010040ef;
00000425 : 478d4762;
00000426 : f8f71ee3;
00000427 : d541a783;
00000428 : 05334526;
00000429 : 80ef02f5;
0000042a : 892a0c30;
0000042b : 852289ae;
0000042c : 2b7985a6;
0000042d : 86ae862a;
0000042e : 85ce854a;
0000042f : 7c5060ef;
00000430 : 6529862a;
00000431 : 879386ae;
00000432 : 0713f88a;
00000433 : 0513f64a;
00000434 : 10ef0a45;
00000435 : 65292330;
00000436 : fb0b0593;
00000437 : 0c050513;
00000438 : 225010ef;
00000439 : 30ef4529;
0000043a : b7a96d30;
0000043b : 05136529;
0000043c : 30ef0c85;
0000043d : bf3d7af0;
0000043e : 05136529;
0000043f : 30efd305;
00000440 : 67997a30;
00000441 : e4778793;
00000442 : 67b1c23e;
00000443 : e5278793;
00000444 : 67b5c43e;
00000445 : 4b078793;
00000446 : 4ba24c12;
00000447 : 8b3ec03e;
00000448 : b919cc02;
00000449 : 05136529;
0000044a : 30efde85;
0000044b : 67a57770;
0000044c : d8478793;
0000044d : 67b9c23e;
0000044e : 3c178793;
0000044f : 0793c03e;
00000450 : c43e7470;
00000451 : 47918bbe;
00000452 : 4b024c12;
00000453 : b6edcc3e;
00000454 : 05136529;
00000455 : 30efd5c5;
00000456 : 679174b0;
00000457 : 9bf78793;
00000458 : 6785c23e;
00000459 : 19978793;
0000045a : 678dc43e;
0000045b : 34078793;
0000045c : 8b3ec03e;
0000045d : 4c124785;
0000045e : cc3e4ba2;
0000045f : 1783be75;
00000460 : 9ee30301;
00000461 : 37b79407;
00000462 : 87933415;
00000463 : 07134157;
00000464 : d63e0660;
00000465 : 02e11823;
00000466 : 947ff06f;
00000467 : 86e38b91;
00000468 : b541e407;
00000469 : d2267179;
0000046a : ca56d04a;
0000046b : 00151493;
0000046c : d606797d;
0000046d : 69338ab2;
0000046e : 96260127;
0000046f : 32050863;
00000470 : cc52ce4e;
00000471 : d422c65e;
00000472 : c85a8bb6;
00000473 : 89bac462;
00000474 : 86b28a2e;
00000475 : 87b34801;
00000476 : d7034096;
00000477 : 07890007;
00000478 : 9f23974e;
00000479 : 9ae3fee7;
0000047a : 0413fed7;
0000047b : 86b30018;
0000047c : 04630097;
0000047d : 88220085;
0000047e : 4581bff9;
0000047f : 96934501;
00000480 : 96d20025;
00000481 : 409607b3;
00000482 : 00079703;
00000483 : 06910789;
00000484 : 03370733;
00000485 : fee6ae23;
00000486 : fef618e3;
00000487 : 962695a2;
00000488 : 01050463;
00000489 : bfe10505;
0000048a : 00241b13;
0000048b : 016a0c33;
0000048c : 470188e2;
0000048d : 45014601;
0000048e : 87b34301;
0000048f : 86ba4168;
00000490 : 05934398;
00000491 : 079100a5;
00000492 : 00e6a6b3;
00000493 : 9536963a;
00000494 : 02c94163;
00000495 : 85410542;
00000496 : 02f88363;
00000497 : 439886ba;
00000498 : 00a50593;
00000499 : a6b30791;
0000049a : 963a00e6;
0000049b : 53e39536;
0000049c : 9513fec9;
0000049d : 85410105;
0000049e : 91e34601;
0000049f : 98dafef8;
000004a0 : 00680463;
000004a1 : bf550305;
000004a2 : 10ef4581;
000004a3 : 85aa0a20;
000004a4 : 853388d2;
000004a5 : 4301009b;
000004a6 : 00131693;
000004a7 : 87de96d6;
000004a8 : 97034601;
000004a9 : 98030006;
000004aa : 07890007;
000004ab : 07330689;
000004ac : 963a0307;
000004ad : fea797e3;
000004ae : 00c8a023;
000004af : 93220891;
000004b0 : fd889ce3;
000004b1 : 47014e01;
000004b2 : 47814601;
000004b3 : 18134501;
000004b4 : 9852002e;
000004b5 : 270386ba;
000004b6 : 48810008;
000004b7 : 00a78313;
000004b8 : 00e6a6b3;
000004b9 : 97b6963a;
000004ba : 43630885;
000004bb : 07c202c9;
000004bc : f96387c1;
000004bd : 08110288;
000004be : 270386ba;
000004bf : 83130008;
000004c0 : 088500a7;
000004c1 : 00e6a6b3;
000004c2 : 97b6963a;
000004c3 : fec951e3;
000004c4 : 01031793;
000004c5 : f66387c1;
000004c6 : 08110088;
000004c7 : 86ba4601;
000004c8 : 4601bfe9;
000004c9 : 9e220505;
000004ca : fa8563e3;
000004cb : 00ef853e;
000004cc : 85aa7ff0;
000004cd : 8ed68fd2;
000004ce : 855e4f01;
000004cf : 4681867e;
000004d0 : 88f6832a;
000004d1 : 48014e01;
000004d2 : 00089783;
000004d3 : 00031703;
000004d4 : 08890805;
000004d5 : 02e787b3;
000004d6 : 9e3e9326;
000004d7 : fe8866e3;
000004d8 : 01c62023;
000004d9 : 06110685;
000004da : ebe30509;
000004db : 0f05fc86;
000004dc : 9fda9ea6;
000004dd : fc8f63e3;
000004de : 47014e01;
000004df : 47814601;
000004e0 : 18134301;
000004e1 : 9852002e;
000004e2 : 270386ba;
000004e3 : 48810008;
000004e4 : 00a78513;
000004e5 : 00e6a6b3;
000004e6 : 97b6963a;
000004e7 : 43630885;
000004e8 : 07c202c9;
000004e9 : f96387c1;
000004ea : 08110288;
000004eb : 270386ba;
000004ec : 85130008;
000004ed : 088500a7;
000004ee : 00e6a6b3;
000004ef : 97b6963a;
000004f0 : fec951e3;
000004f1 : 01051793;
000004f2 : f66387c1;
000004f3 : 08110088;
000004f4 : 86ba4601;
000004f5 : 4601bfe9;
000004f6 : 9e220305;
000004f7 : fa8363e3;
000004f8 : 00ef853e;
000004f9 : 85aa74b0;
000004fa : 8f5682d2;
000004fb : 855e4f81;
000004fc : 46818616;
000004fd : 837a8e2a;
000004fe : 48814e81;
000004ff : 00031783;
00000500 : 000e1703;
00000501 : 03090885;
00000502 : 02e787b3;
00000503 : d8139e26;
00000504 : 87954027;
00000505 : 00f87813;
00000506 : 07f7f793;
00000507 : 02f807b3;
00000508 : ede39ebe;
00000509 : 2023fc88;
0000050a : 068501d6;
0000050b : 05090611;
0000050c : fc86e2e3;
0000050d : 9f260f85;
0000050e : eae392da;
0000050f : 4e01fa8f;
00000510 : 46014701;
00000511 : 43014781;
00000512 : 002e1513;
00000513 : 86ba9552;
00000514 : 48014118;
00000515 : 00a78893;
00000516 : 00e6a6b3;
00000517 : 97b6963a;
00000518 : 42630805;
00000519 : 07c202c9;
0000051a : 786387c1;
0000051b : 05110288;
0000051c : 411886ba;
0000051d : 00a78893;
0000051e : a6b30805;
0000051f : 963a00e6;
00000520 : 52e397b6;
00000521 : 9793fec9;
00000522 : 87c10108;
00000523 : 00887663;
00000524 : 46010511;
00000525 : bff186ba;
00000526 : 03054601;
00000527 : 65e39e22;
00000528 : 853efa83;
00000529 : 689000ef;
0000052a : 46014581;
0000052b : 00159793;
0000052c : 468197d6;
0000052d : 0007d703;
0000052e : 07890685;
0000052f : 41370733;
00000530 : fee79f23;
00000531 : fe86e8e3;
00000532 : 95a20605;
00000533 : fe8660e3;
00000534 : 50b25422;
00000535 : 49f20542;
00000536 : 4b424a62;
00000537 : 4c224bb2;
00000538 : 59025492;
00000539 : 85414ad2;
0000053a : 80826145;
0000053b : 00ef4581;
0000053c : 85aa63f0;
0000053d : 00ef4501;
0000053e : 85aa6370;
0000053f : 00ef4501;
00000540 : 85aa62f0;
00000541 : 00ef4501;
00000542 : 50b26270;
00000543 : 54920542;
00000544 : 4ad25902;
00000545 : 61458541;
00000546 : 11418082;
00000547 : 4514c422;
00000548 : 872e8432;
00000549 : 454c4150;
0000054a : c6064108;
0000054b : 85a239a5;
0000054c : 40b24422;
0000054d : 006f0141;
0000054e : 11415f70;
0000054f : c426c622;
00000550 : e211882a;
00000551 : 84134605;
00000552 : 9871fff5;
00000553 : 00440393;
00000554 : 0b634781;
00000555 : 853e0808;
00000556 : 87330785;
00000557 : 070e02f7;
00000558 : ff076be3;
00000559 : 02a502b3;
0000055a : 84330286;
0000055b : c1590053;
0000055c : 84aac24a;
0000055d : 00150313;
0000055e : 00151913;
0000055f : 4e818f22;
00000560 : 8e334785;
00000561 : 8fbe4083;
00000562 : 063385fa;
00000563 : 08b302f6;
00000564 : 058900be;
00000565 : 41f65713;
00000566 : 963a8341;
00000567 : 82410642;
00000568 : 88338e19;
00000569 : 073300c7;
0000056a : 9f2300f8;
0000056b : 7713ff05;
0000056c : 07850ff7;
0000056d : 00e89023;
0000056e : fc6799e3;
0000056f : 07b30e85;
00000570 : 932a01f5;
00000571 : 90e39f4a;
00000572 : 4912fcae;
00000573 : 005407b3;
00000574 : c68017fd;
00000575 : 44329bf1;
00000576 : c2840791;
00000577 : a223c6dc;
00000578 : 44a20076;
00000579 : 80820141;
0000057a : c24a54fd;
0000057b : 85260419;
0000057c : b7494289;
0000057d : 44814281;
0000057e : 1141bfd1;
0000057f : 20efc606;
00000580 : a02329e0;
00000581 : a223d8a1;
00000582 : 4781d8b1;
00000583 : 32079073;
00000584 : 014140b2;
00000585 : 11418082;
00000586 : 57fdc606;
00000587 : 32079073;
00000588 : 27c020ef;
00000589 : ac2340b2;
0000058a : ae23d6a1;
0000058b : 0141d6b1;
0000058c : a7838082;
0000058d : a503d781;
0000058e : a583d801;
0000058f : a703d7c1;
00000590 : 8533d841;
00000591 : b7b340a7;
00000592 : 8d9900a7;
00000593 : 80828d9d;
00000594 : 43907781;
00000595 : 46811141;
00000596 : 50efc606;
00000597 : 80ef5270;
00000598 : 40b23860;
00000599 : 80820141;
0000059a : c4221141;
0000059b : c606c226;
0000059c : 440184aa;
0000059d : 30441073;
0000059e : 31b020ef;
0000059f : fc0027f3;
000005a0 : 0807f793;
000005a1 : 65a9eb89;
000005a2 : 13c58593;
000005a3 : fff50537;
000005a4 : 69b020ef;
000005a5 : 6595a001;
000005a6 : b0058593;
000005a7 : 05374601;
000005a8 : 20effff5;
000005a9 : 20ef36f0;
000005aa : a8232080;
000005ab : 57fdd6a1;
000005ac : 32079073;
000005ad : b0041073;
000005ae : b0241073;
000005af : 1073c541;
000005b0 : 47a1b034;
000005b1 : 32379073;
000005b2 : 0d634785;
000005b3 : 107306f5;
000005b4 : 47c1b044;
000005b5 : 32479073;
000005b6 : 05634789;
000005b7 : 107306f5;
000005b8 : 0793b054;
000005b9 : 90730200;
000005ba : 478d3257;
000005bb : 04f50c63;
000005bc : b0641073;
000005bd : 04000793;
000005be : 32679073;
000005bf : 03634791;
000005c0 : 107304f5;
000005c1 : 0793b074;
000005c2 : 90730800;
000005c3 : 47953277;
000005c4 : 02f50a63;
000005c5 : b0841073;
000005c6 : 10000793;
000005c7 : 32879073;
000005c8 : 01634799;
000005c9 : 107302f5;
000005ca : 0793b094;
000005cb : 90732000;
000005cc : 479d3297;
000005cd : 00f50863;
000005ce : b0a41073;
000005cf : 40000793;
000005d0 : 32a79073;
000005d1 : 43907781;
000005d2 : 859365a9;
000005d3 : 05371705;
000005d4 : 20effff5;
000005d5 : 65a95d90;
000005d6 : 19858593;
000005d7 : 7d000613;
000005d8 : fff50537;
000005d9 : 5c7020ef;
000005da : 80234785;
000005db : 40b200f4;
000005dc : 44924422;
000005dd : 80820141;
000005de : c6061141;
000005df : 65a9c422;
000005e0 : 00050023;
000005e1 : 1e458593;
000005e2 : fff50537;
000005e3 : 59f020ef;
000005e4 : b0002673;
000005e5 : 859365a9;
000005e6 : 05372205;
000005e7 : 20effff5;
000005e8 : 267358d0;
000005e9 : 65a9b020;
000005ea : 24858593;
000005eb : fff50537;
000005ec : 57b020ef;
000005ed : d701a783;
000005ee : 0e078763;
000005ef : b0302673;
000005f0 : 859365a9;
000005f1 : 05372705;
000005f2 : 20effff5;
000005f3 : a7035610;
000005f4 : 4785d701;
000005f5 : 0ae7ff63;
000005f6 : b0402673;
000005f7 : 859365a9;
000005f8 : 05372ac5;
000005f9 : 20effff5;
000005fa : a7035450;
000005fb : 4789d701;
000005fc : 0ae7f163;
000005fd : b0502673;
000005fe : 859365a9;
000005ff : 05372d45;
00000600 : 20effff5;
00000601 : a7035290;
00000602 : 478dd701;
00000603 : 08e7f363;
00000604 : b0602673;
00000605 : 859365a9;
00000606 : 05372fc5;
00000607 : 20effff5;
00000608 : a70350d0;
00000609 : 4791d701;
0000060a : 06e7f563;
0000060b : b0702673;
0000060c : 859365a9;
0000060d : 05373245;
0000060e : 20effff5;
0000060f : a7034f10;
00000610 : 4795d701;
00000611 : 04e7f763;
00000612 : b0802673;
00000613 : 859365a9;
00000614 : 053734c5;
00000615 : 20effff5;
00000616 : a7034d50;
00000617 : 4799d701;
00000618 : 02e7f963;
00000619 : b0902673;
0000061a : 859365a9;
0000061b : 05373745;
0000061c : 20effff5;
0000061d : a7034b90;
0000061e : 479dd701;
0000061f : 00e7fb63;
00000620 : b0a02673;
00000621 : 859365a9;
00000622 : 053739c5;
00000623 : 20effff5;
00000624 : 442249d0;
00000625 : 65a940b2;
00000626 : 1e058593;
00000627 : fff50537;
00000628 : 206f0141;
00000629 : 65a94890;
0000062a : 29858593;
0000062b : fff50537;
0000062c : 47b020ef;
0000062d : d701a783;
0000062e : f00792e3;
0000062f : 40b24422;
00000630 : 859365a9;
00000631 : 05371e05;
00000632 : 0141fff5;
00000633 : 45f0206f;
00000634 : c6061141;
00000635 : 649020ef;
00000636 : 40b2c501;
00000637 : 80820141;
00000638 : 859365a9;
00000639 : 05373c45;
0000063a : 20effff5;
0000063b : 90024410;
0000063c : 206fa001;
0000063d : 08136370;
0000063e : 4e05fff5;
0000063f : 766388b2;
00000640 : 8733170e;
00000641 : 074201c5;
00000642 : 83411141;
00000643 : 6f2d6fad;
00000644 : 13936ead;
00000645 : c62201b7;
00000646 : 461dc426;
00000647 : 00777693;
00000648 : 810f8f93;
00000649 : 820f0f13;
0000064a : 830e8e93;
0000064b : 43114581;
0000064c : 02c00293;
0000064d : 01e3d793;
0000064e : 06c68663;
0000064f : 10d36163;
00000650 : 06c216f5;
00000651 : 636382c1;
00000652 : 078a06de;
00000653 : 438097f6;
00000654 : 07420705;
00000655 : 00958493;
00000656 : fd638341;
00000657 : 83b30504;
00000658 : 87b300b8;
00000659 : 17fd4083;
0000065a : 007466b3;
0000065b : 0037b793;
0000065c : b7938a8d;
0000065d : b6930017;
0000065e : 8ff50016;
0000065f : 4014c7e9;
00000660 : a02347a1;
00000661 : 405400d3;
00000662 : 00d3a223;
00000663 : 8023979e;
00000664 : 13930057;
00000665 : 769301b7;
00000666 : 85a60077;
00000667 : 01e3d793;
00000668 : f8c69ee3;
00000669 : 97fe078a;
0000066a : b75d4380;
0000066b : 00558493;
0000066c : 0304e163;
0000066d : 0ca5f863;
0000066e : 00158793;
0000066f : 7c634605;
00000670 : 443208f5;
00000671 : 853344a2;
00000672 : 458100b8;
00000673 : 306f0141;
00000674 : 66ad0630;
00000675 : 8693078a;
00000676 : 97b68406;
00000677 : c24a4380;
00000678 : 47830705;
00000679 : 83b30004;
0000067a : 074200b8;
0000067b : 00f38023;
0000067c : 05858341;
0000067d : 46834791;
0000067e : 95c60014;
0000067f : 80238936;
00000680 : 45830125;
00000681 : 46910024;
00000682 : 00b38123;
00000683 : 00344583;
00000684 : 00b381a3;
00000685 : 06d78c63;
00000686 : 00444683;
00000687 : 822347a1;
00000688 : 468300d3;
00000689 : 82a30054;
0000068a : 468300d3;
0000068b : 83230064;
0000068c : 468300d3;
0000068d : 83a30074;
0000068e : 491200d3;
0000068f : 078abf81;
00000690 : 438097fa;
00000691 : c24ab731;
00000692 : 00044683;
00000693 : 47a10585;
00000694 : 00d38023;
00000695 : 4432b74d;
00000696 : 063344a2;
00000697 : 853340b5;
00000698 : 014100b8;
00000699 : 306f4581;
0000069a : 45817ca0;
0000069b : 00158793;
0000069c : 64634605;
0000069d : 063300f5;
0000069e : 853340b5;
0000069f : 458100b8;
000006a0 : 7b00306f;
000006a1 : 44a24432;
000006a2 : 80820141;
000006a3 : bdfd4912;
000006a4 : 46014118;
000006a5 : 00074783;
000006a6 : 0693cb95;
000006a7 : 460102c0;
000006a8 : 16d78363;
000006a9 : 02e00813;
000006aa : 17078163;
000006ab : 02f86363;
000006ac : fd578793;
000006ad : 0fd7f793;
000006ae : 16078463;
000006af : 419c41d4;
000006b0 : 06850705;
000006b1 : c1d40785;
000006b2 : 4605c19c;
000006b3 : 8532c118;
000006b4 : 87938082;
000006b5 : f793fd07;
000006b6 : 46250ff7;
000006b7 : fef660e3;
000006b8 : 07934190;
000006b9 : 06050017;
000006ba : 4703c190;
000006bb : 05630017;
000006bc : 06631607;
000006bd : 069316d7;
000006be : 0c6302e0;
000006bf : 071302d7;
000006c0 : 7713fd07;
000006c1 : 46a50ff7;
000006c2 : 00e6fd63;
000006c3 : 46054994;
000006c4 : 00178713;
000006c5 : 00c687b3;
000006c6 : c118c99c;
000006c7 : 80828532;
000006c8 : c703c590;
000006c9 : 07850017;
000006ca : 12070863;
000006cb : 02c00693;
000006cc : 4998b7c9;
000006cd : c9980705;
000006ce : 0017c703;
000006cf : cf710785;
000006d0 : 02c00693;
000006d1 : 0ad70f63;
000006d2 : 0df77693;
000006d3 : 04500613;
000006d4 : 08c69a63;
000006d5 : 871349d4;
000006d6 : 460d0017;
000006d7 : c9d40685;
000006d8 : 0017c683;
000006d9 : 0813d6a5;
000006da : 8e6302c0;
000006db : 45d80906;
000006dc : fd568693;
000006dd : 0fd6f693;
000006de : c5d80705;
000006df : 87134605;
000006e0 : f6a90027;
000006e1 : 0027c683;
000006e2 : 00278713;
000006e3 : de9d4619;
000006e4 : 07068b63;
000006e5 : 86934d90;
000006e6 : f693fd06;
000006e7 : 06050ff6;
000006e8 : cd904825;
000006e9 : 00d87863;
000006ea : 00378713;
000006eb : c1184605;
000006ec : 80828532;
000006ed : 4683863a;
000006ee : 07050017;
000006ef : 02c00893;
000006f0 : fd068793;
000006f1 : 0ff7f793;
000006f2 : 8063ced9;
000006f3 : 73e30b16;
000006f4 : 41dcfef8;
000006f5 : 00260713;
000006f6 : 97b24605;
000006f7 : c118c1dc;
000006f8 : 80828532;
000006f9 : fd070713;
000006fa : 0ff77713;
000006fb : f5e346a5;
000006fc : 49d4f4e6;
000006fd : 87134605;
000006fe : 87b30017;
000006ff : c9dc00c6;
00000700 : 873eb5f1;
00000701 : 07054615;
00000702 : 4190b5d1;
00000703 : 00170793;
00000704 : c1900605;
00000705 : 00174703;
00000706 : 873ef715;
00000707 : b57d4615;
00000708 : 07934190;
00000709 : 06050017;
0000070a : 4303c190;
0000070b : 05630017;
0000070c : 0f630403;
0000070d : 459002d3;
0000070e : fd030693;
0000070f : 0ff6f693;
00000710 : 060548a5;
00000711 : ecd8fee3;
00000712 : 01030663;
00000713 : 0709c590;
00000714 : bdad4605;
00000715 : b5cdc590;
00000716 : 4611873e;
00000717 : 873ebd85;
00000718 : 07054611;
00000719 : 461db5a5;
0000071a : 461db595;
0000071b : bdb90705;
0000071c : 4609873e;
0000071d : bd990705;
0000071e : 4609873e;
0000071f : 7119bd81;
00000720 : daa6dca2;
00000721 : d6ced8ca;
00000722 : d2d6d4d2;
00000723 : ceded0da;
00000724 : de86cce2;
00000725 : c58384ae;
00000726 : 09930005;
00000727 : 08000301;
00000728 : c802d802;
00000729 : a223c626;
0000072a : a4230009;
0000072b : a6230009;
0000072c : a8230009;
0000072d : aa230009;
0000072e : ac230009;
0000072f : ae230009;
00000730 : 22230009;
00000731 : 24230004;
00000732 : 26230004;
00000733 : 28230004;
00000734 : 2a230004;
00000735 : 2c230004;
00000736 : 2e230004;
00000737 : 893e0004;
00000738 : 8bb28c2a;
00000739 : 8b3a8ab6;
0000073a : 00c10a13;
0000073b : 10058363;
0000073c : 855285ce;
0000073d : 17133b71;
0000073e : 97220025;
0000073f : 431c46b2;
00000740 : 0006c683;
00000741 : c31c0785;
00000742 : c626f6e5;
00000743 : f8639c26;
00000744 : 47050384;
00000745 : 061387a6;
00000746 : 196302c0;
00000747 : c70308eb;
00000748 : 46b30007;
00000749 : 04630177;
0000074a : 802300c7;
0000074b : 078500d7;
0000074c : ff87e7e3;
0000074d : 0004c783;
0000074e : 00c10a13;
0000074f : 85cecbc5;
00000750 : 33b98552;
00000751 : 00251713;
00000752 : 46b29722;
00000753 : c683431c;
00000754 : 07850006;
00000755 : f6e5c31c;
00000756 : 0384f263;
00000757 : 19634785;
00000758 : 069306fb;
00000759 : c78302c0;
0000075a : c7330004;
0000075b : 84630157;
0000075c : 802300d7;
0000075d : 048500e4;
0000075e : ff84e7e3;
0000075f : 400884ce;
00000760 : 041185ca;
00000761 : 85aa24b1;
00000762 : 04914088;
00000763 : 892a2491;
00000764 : fe8997e3;
00000765 : 546650f6;
00000766 : 594654d6;
00000767 : 5a2659b6;
00000768 : 5b065a96;
00000769 : 4c664bf6;
0000076a : 80826109;
0000076b : 0007c703;
0000076c : 017746b3;
0000076d : 00c70463;
0000076e : 00d78023;
0000076f : e7e397da;
00000770 : c783ff87;
00000771 : 0a130004;
00000772 : fbb500c1;
00000773 : fb84f8e3;
00000774 : 02c00693;
00000775 : 0004c783;
00000776 : 0157c733;
00000777 : 00d78463;
00000778 : 00e48023;
00000779 : e7e394da;
0000077a : bf49ff84;
0000077b : f784ebe3;
0000077c : 8c33b771;
0000077d : eee300a4;
0000077e : b749f184;
0000077f : e8634795;
00000780 : 67ad02a7;
00000781 : 85078793;
00000782 : 953e050a;
00000783 : 8782411c;
00000784 : d881a503;
00000785 : a5038082;
00000786 : 8082d901;
00000787 : d8c1a503;
00000788 : a5038082;
00000789 : 8082d5c1;
0000078a : d581a503;
0000078b : 45018082;
0000078c : f7938082;
0000078d : 07a20ff5;
0000078e : 670581a1;
0000078f : 0313737d;
00000790 : 07130f03;
00000791 : 8fcdf0f7;
00000792 : 00e7f5b3;
00000793 : 0067f7b3;
00000794 : 05928391;
00000795 : 78f58ddd;
00000796 : 8893678d;
00000797 : 8793ccc8;
00000798 : 76933337;
00000799 : 781300f5;
0000079a : f6330f05;
0000079b : 581300f5;
0000079c : f5b30048;
0000079d : 06920115;
0000079e : 0106e6b3;
0000079f : 060a8189;
000007a0 : fe138e4d;
000007a1 : 65950336;
000007a2 : 0cc6f693;
000007a3 : 8593786d;
000007a4 : 08135555;
000007a5 : de93aaa8;
000007a6 : 0e0a0026;
000007a7 : 00b676b3;
000007a8 : 01de6e33;
000007a9 : 01067633;
000007aa : 82050686;
000007ab : 055e7f13;
000007ac : 0aae7e13;
000007ad : 00c6eeb3;
000007ae : 5e130f06;
000007af : 6e33001e;
000007b0 : de9301cf;
000007b1 : ceb3008e;
000007b2 : 6e2d01ce;
000007b3 : 868e0e13;
000007b4 : 96938e55;
000007b5 : 96f2001e;
000007b6 : 0006d683;
000007b7 : 81210622;
000007b8 : 1e938e35;
000007b9 : f6930106;
000007ba : d6130ff6;
000007bb : 06a2018e;
000007bc : f6338ed1;
000007bd : f6b300e6;
000007be : 82910066;
000007bf : 8e550612;
000007c0 : 00f676b3;
000007c1 : 01167633;
000007c2 : 068a8209;
000007c3 : f6338ed1;
000007c4 : f6b300b6;
000007c5 : 06060106;
000007c6 : 8ed18285;
000007c7 : 0ff6f613;
000007c8 : 82a10622;
000007c9 : 76b38e55;
000007ca : 7eb300e6;
000007cb : de930066;
000007cc : 7613004e;
000007cd : 069200f5;
000007ce : 01d6e6b3;
000007cf : 06128111;
000007d0 : feb38e49;
000007d1 : f5330116;
000007d2 : de9300f6;
000007d3 : 7693002e;
000007d4 : 050a0336;
000007d5 : 0cc67613;
000007d6 : 01d56533;
000007d7 : 068a8209;
000007d8 : 76338ed1;
000007d9 : 753300b5;
000007da : ff130105;
000007db : 06060556;
000007dc : f6938105;
000007dd : 6eb30aa6;
000007de : 828500a6;
000007df : 6f330f06;
000007e0 : d69300df;
000007e1 : c6b3008e;
000007e2 : 068601e6;
000007e3 : d68396f2;
000007e4 : 96130006;
000007e5 : 8e35008e;
000007e6 : 01061513;
000007e7 : 0ff6f693;
000007e8 : 01855613;
000007e9 : 8ed106a2;
000007ea : f6b38f75;
000007eb : 82910066;
000007ec : 8f550712;
000007ed : 77338ff9;
000007ee : 83090117;
000007ef : 8fd9078a;
000007f0 : 00b7f533;
000007f1 : 0107f7b3;
000007f2 : 05068385;
000007f3 : 80828d5d;
000007f4 : 0ff5f793;
000007f5 : 81a107a2;
000007f6 : 78fd6705;
000007f7 : 0f088893;
000007f8 : f0f70713;
000007f9 : f6b38fcd;
000007fa : f7b300e7;
000007fb : 83910117;
000007fc : 8edd0692;
000007fd : 678d7875;
000007fe : ccc80813;
000007ff : 33378793;
00000800 : 00f57613;
00000801 : 0f057593;
00000802 : 00f6f333;
00000803 : f6b38191;
00000804 : 06120106;
00000805 : 82898e4d;
00000806 : 6333030a;
00000807 : 7e1300d3;
00000808 : 66950336;
00000809 : 0cc67613;
0000080a : 869375ed;
0000080b : 85935556;
0000080c : 5e93aaa5;
0000080d : 0e0a0026;
0000080e : 00d37633;
0000080f : 01de6e33;
00000810 : 00b37333;
00000811 : 53130606;
00000812 : 7f130013;
00000813 : 7e13055e;
00000814 : 6eb30aae;
00000815 : 0f060066;
00000816 : 001e5e13;
00000817 : 01cf6e33;
00000818 : 008ede93;
00000819 : 01ceceb3;
0000081a : 00666e33;
0000081b : 0313632d;
0000081c : 96138683;
0000081d : 961a001e;
0000081e : 00065603;
0000081f : 5f130e22;
00000820 : 4e330085;
00000821 : 1e9301c6;
00000822 : 7613010e;
00000823 : de130ff6;
00000824 : 0622018e;
00000825 : 01c66633;
00000826 : 00e67e33;
00000827 : 01167633;
00000828 : 0e128211;
00000829 : 00ce6e33;
0000082a : 00fe7633;
0000082b : 010e7e33;
0000082c : 002e5e13;
0000082d : 6633060a;
0000082e : 7e3301c6;
0000082f : 8e6d00d6;
00000830 : 0e068205;
00000831 : 00ce6e33;
00000832 : 0ffe7613;
00000833 : 5e130622;
00000834 : 6633008e;
00000835 : 7eb301c6;
00000836 : 763300e6;
00000837 : 82110116;
00000838 : eeb30e92;
00000839 : 761300ce;
0000083a : 7f1300ff;
0000083b : fe330f0f;
0000083c : 5f1300fe;
0000083d : feb3004f;
0000083e : 0612010e;
0000083f : 01e66633;
00000840 : 002ede93;
00000841 : 6e330e0a;
00000842 : 7e9301de;
00000843 : 76130336;
00000844 : 5f130cc6;
00000845 : 0e8a0026;
00000846 : 00de7633;
00000847 : 01eeeeb3;
00000848 : 00be7e33;
00000849 : 5e130606;
0000084a : ff93001e;
0000084b : fe93055e;
0000084c : 6f330aae;
0000084d : 0f8601c6;
0000084e : 001ede93;
0000084f : 008f5f13;
00000850 : 01dfeeb3;
00000851 : 01df4eb3;
00000852 : 01c66e33;
00000853 : 001e9613;
00000854 : 5603961a;
00000855 : 0e220006;
00000856 : 01055e93;
00000857 : 01c64e33;
00000858 : 010e1f13;
00000859 : 0ff67613;
0000085a : 018f5e13;
0000085b : 66330622;
0000085c : 7e3301c6;
0000085d : 763300e6;
0000085e : 82110116;
0000085f : 6e330e12;
00000860 : 763300ce;
00000861 : 7e3300fe;
00000862 : 5e13010e;
00000863 : 060a002e;
00000864 : 01c66633;
00000865 : 00d67e33;
00000866 : 0e068e6d;
00000867 : 66338205;
00000868 : 7e1300ce;
00000869 : 0e220ff6;
0000086a : 6e338221;
0000086b : 763300ce;
0000086c : 7e3300ee;
0000086d : 5e13011e;
0000086e : 0612004e;
0000086f : 01c66633;
00000870 : 00fefe13;
00000871 : 0f0efe93;
00000872 : 004edf13;
00000873 : 7eb30e12;
00000874 : 763300f6;
00000875 : 6e330106;
00000876 : 820901ee;
00000877 : eeb30e8a;
00000878 : 761300ce;
00000879 : 7e13033e;
0000087a : 5f130cce;
0000087b : 060a002e;
0000087c : 00defe33;
0000087d : 01e66633;
0000087e : 00befeb3;
0000087f : 001ede93;
00000880 : 7f930e06;
00000881 : 76130556;
00000882 : 6f330aa6;
00000883 : 0f8601de;
00000884 : 5f138205;
00000885 : e633008f;
00000886 : 463300cf;
00000887 : 060600cf;
00000888 : 5603961a;
00000889 : 6e330006;
0000088a : 0e2201de;
0000088b : 01c64e33;
0000088c : 010e1e93;
0000088d : 0ff67613;
0000088e : 018ede13;
0000088f : 66330622;
00000890 : 7e3301c6;
00000891 : 763300e6;
00000892 : 82110116;
00000893 : 6e330e12;
00000894 : 763300ce;
00000895 : 7e3300fe;
00000896 : 5e13010e;
00000897 : 060a002e;
00000898 : 01c66633;
00000899 : 00d67e33;
0000089a : 82058e6d;
0000089b : 6e330e06;
0000089c : 761300ce;
0000089d : 06220ffe;
0000089e : 008e5e13;
0000089f : 01c66633;
000008a0 : 00e67eb3;
000008a1 : 01167e33;
000008a2 : 76138161;
000008a3 : 5e1300f5;
000008a4 : 0e92004e;
000008a5 : eeb30612;
000008a6 : 811101ce;
000008a7 : 00fefe33;
000008a8 : feb38d51;
000008a9 : 7613010e;
000008aa : de930335;
000008ab : 7513002e;
000008ac : 0e0a0cc5;
000008ad : 01de6e33;
000008ae : 060a8109;
000008af : 75338e49;
000008b0 : 7e3300de;
000008b1 : 7f1300be;
000008b2 : 05060556;
000008b3 : 001e5e13;
000008b4 : 0aa67613;
000008b5 : 01c56eb3;
000008b6 : 0f068205;
000008b7 : 00cf6f33;
000008b8 : 008ed613;
000008b9 : 01e64633;
000008ba : 961a0606;
000008bb : 00065603;
000008bc : 008e9513;
000008bd : 13138d31;
000008be : 76130105;
000008bf : 55130ff6;
000008c0 : 06220183;
000008c1 : 8f718e49;
000008c2 : 01167633;
000008c3 : 07128211;
000008c4 : 8ff98f51;
000008c5 : 01077733;
000008c6 : 078a8309;
000008c7 : f5338fd9;
000008c8 : 8fed00d7;
000008c9 : 05068385;
000008ca : 80828d5d;
000008cb : 0ff5f793;
000008cc : 81a107a2;
000008cd : 737d6705;
000008ce : 0f030313;
000008cf : f0f70713;
000008d0 : f5b38fcd;
000008d1 : f7b300e7;
000008d2 : 83910067;
000008d3 : 8ddd0592;
000008d4 : 678d78f5;
000008d5 : ccc88893;
000008d6 : 33378793;
000008d7 : 00f57693;
000008d8 : 0f057813;
000008d9 : 00f5f633;
000008da : 00485813;
000008db : 0115f5b3;
000008dc : e6b30692;
000008dd : 81890106;
000008de : 8e4d060a;
000008df : 0336fe13;
000008e0 : f6936595;
000008e1 : 786d0cc6;
000008e2 : 55558593;
000008e3 : aaa80813;
000008e4 : 0026de93;
000008e5 : 76b30e0a;
000008e6 : 6e3300b6;
000008e7 : 763301de;
000008e8 : 06860106;
000008e9 : 7f138205;
000008ea : 7e13055e;
000008eb : eeb30aae;
000008ec : 0f0600c6;
000008ed : 001e5e13;
000008ee : 01cf6e33;
000008ef : 008ede93;
000008f0 : 01ceceb3;
000008f1 : 0e136e2d;
000008f2 : 8e55868e;
000008f3 : 001e9693;
000008f4 : d68396f2;
000008f5 : 06220006;
000008f6 : 8e358121;
000008f7 : 01061e93;
000008f8 : 0ff6f693;
000008f9 : 018ed613;
000008fa : 8ed106a2;
000008fb : 00e6f633;
000008fc : 0066f6b3;
000008fd : 06128291;
000008fe : 76b38e55;
000008ff : 763300f6;
00000900 : 82090116;
00000901 : 8ed1068a;
00000902 : 00b6f633;
00000903 : 0106f6b3;
00000904 : 82850606;
00000905 : f6138ed1;
00000906 : 06220ff6;
00000907 : 8e5582a1;
00000908 : 00e676b3;
00000909 : 00667eb3;
0000090a : 004ede93;
0000090b : 00f57613;
0000090c : 75130692;
0000090d : e6b30f05;
0000090e : 811101d6;
0000090f : 8e490612;
00000910 : 0116feb3;
00000911 : 00f6f533;
00000912 : 002ede93;
00000913 : 03367693;
00000914 : 7613050a;
00000915 : 65330cc6;
00000916 : 820901d5;
00000917 : 8ed1068a;
00000918 : 00b57633;
00000919 : 01057533;
0000091a : 0556ff13;
0000091b : 81050606;
0000091c : 0aa6f693;
0000091d : 00a66eb3;
0000091e : 0f068285;
0000091f : 00df6f33;
00000920 : 008ed693;
00000921 : 01e6c6b3;
00000922 : 96f20686;
00000923 : 0006d683;
00000924 : 008e9613;
00000925 : 15138e35;
00000926 : f6930106;
00000927 : 56130ff6;
00000928 : 06a20185;
00000929 : 8f758ed1;
0000092a : 0066f6b3;
0000092b : 07128291;
0000092c : 8ff98f55;
0000092d : 01177733;
0000092e : 078a8309;
0000092f : f5338fd9;
00000930 : f7b300b7;
00000931 : 83850107;
00000932 : 8d5d0506;
00000933 : 45018082;
00000934 : 48938082;
00000935 : 711dfff6;
00000936 : 41f8d893;
00000937 : 8d3ed86a;
00000938 : 011677b3;
00000939 : caa6cca2;
0000093a : d66ec8ca;
0000093b : c6cece86;
0000093c : c2d6c4d2;
0000093d : dc62c0da;
0000093e : 0313da66;
0000093f : c64204e0;
00000940 : 842ec43e;
00000941 : 8db684aa;
00000942 : 5363893a;
00000943 : c41a00c3;
00000944 : 85a28526;
00000945 : 46814601;
00000946 : 488060ef;
00000947 : 56634781;
00000948 : 07b70005;
00000949 : 8c3d8000;
0000094a : 20234785;
0000094b : 852600f9;
0000094c : 85a20810;
0000094d : 018020ef;
0000094e : 4cd24c42;
0000094f : 84aa892e;
00000950 : 46814601;
00000951 : 85e68562;
00000952 : 2fc060ef;
00000953 : 1e050263;
00000954 : 67ad6b2d;
00000955 : fb0b2a03;
00000956 : fb4b2a83;
00000957 : ab03de5e;
00000958 : ab83fb87;
00000959 : 0413fbc7;
0000095a : 89a2050d;
0000095b : 856286d6;
0000095c : 865285e6;
0000095d : 30d050ef;
0000095e : 10ef0810;
0000095f : 865a7d30;
00000960 : cc2a86de;
00000961 : 50efce2e;
00000962 : 86523ae0;
00000963 : 60ef86d6;
00000964 : 70ef4ea0;
00000965 : 4c422e20;
00000966 : 05134cd2;
00000967 : 8fa30305;
00000968 : 4601fea9;
00000969 : 85624681;
0000096a : 19fd85e6;
0000096b : 298060ef;
0000096c : 0c33fd55;
0000096d : 0c13413d;
0000096e : 87ce050c;
0000096f : 2e89f063;
00000970 : 413d0533;
00000971 : 04f50693;
00000972 : 72634719;
00000973 : 67332ad7;
00000974 : 0693013d;
00000975 : 8b0dfff5;
00000976 : 0036b693;
00000977 : 00173713;
00000978 : 0016b693;
00000979 : 04638f75;
0000097a : 08132807;
0000097b : 75930505;
0000097c : 8633ffc8;
0000097d : 876a00b9;
0000097e : 07914394;
0000097f : 2e230711;
00000980 : 1be3fed7;
00000981 : 0763fef6;
00000982 : 470302b8;
00000983 : 95ea0006;
00000984 : 00160793;
00000985 : 00e58023;
00000986 : 0087fe63;
00000987 : 00164703;
00000988 : 00260793;
00000989 : 00e580a3;
0000098a : 0087f663;
0000098b : 00264783;
0000098c : 00f58123;
0000098d : 5bf247a2;
0000098e : 0b33942a;
0000098f : 47b200fd;
00000990 : 16078863;
00000991 : 018da023;
00000992 : 17ab6963;
00000993 : 050d0993;
00000994 : 048b6063;
00000995 : aa0367ad;
00000996 : aa83fb07;
00000997 : a01dfb47;
00000998 : 418060ef;
00000999 : 10ef0830;
0000099a : 84aa6e70;
0000099b : 4562892e;
0000099c : 040545f2;
0000099d : 200070ef;
0000099e : 03050513;
0000099f : fea40fa3;
000009a0 : 008b6863;
000009a1 : 85ca8526;
000009a2 : 86d68652;
000009a3 : fd346ae3;
000009a4 : 133b7863;
000009a5 : 000b4783;
000009a6 : 03900693;
000009a7 : f7930795;
000009a8 : 00230ff7;
000009a9 : f46300fb;
000009aa : 47b206f6;
000009ab : 12079663;
000009ac : 061387da;
000009ad : 80230300;
000009ae : 646300c7;
000009af : 071318fd;
000009b0 : 80230310;
000009b1 : a70300e7;
000009b2 : 0705000d;
000009b3 : 00eda023;
000009b4 : 016d7463;
000009b5 : 00cb0023;
000009b6 : 0007c703;
000009b7 : 03900693;
000009b8 : f6630b05;
000009b9 : 061302e6;
000009ba : 05930310;
000009bb : 80230300;
000009bc : a70300c7;
000009bd : 0705000d;
000009be : 00eda023;
000009bf : 016d7463;
000009c0 : 00bb0023;
000009c1 : 0007c703;
000009c2 : e2e30b05;
000009c3 : 0023fee6;
000009c4 : 40f6000b;
000009c5 : 44d64466;
000009c6 : 49b64946;
000009c7 : 4a964a26;
000009c8 : 5c624b06;
000009c9 : 5db25cd2;
000009ca : 5d42856a;
000009cb : 80826125;
000009cc : 85ca8526;
000009cd : 46814601;
000009ce : 190060ef;
000009cf : 08a05563;
000009d0 : 26036b2d;
000009d1 : 2683fb0b;
000009d2 : 8526fb4b;
000009d3 : de5e85ca;
000009d4 : 328060ef;
000009d5 : aa0367ad;
000009d6 : aa83fa87;
000009d7 : 89aafac7;
000009d8 : 86d68652;
000009d9 : cc2a842e;
000009da : 60efce2e;
000009db : 4c012360;
000009dc : fb4b2b83;
000009dd : fb0b2b03;
000009de : 10055563;
000009df : 85a2854e;
000009e0 : 86de865a;
000009e1 : 2f4060ef;
000009e2 : 86d68652;
000009e3 : 892284ce;
000009e4 : 89aa1c7d;
000009e5 : 60ef842e;
000009e6 : 41e320a0;
000009e7 : 47a2fe05;
000009e8 : ce22cc4e;
000009e9 : 00fd0b33;
000009ea : ebad47b2;
000009eb : 846a5bf2;
000009ec : a0239b62;
000009ed : 7be3018d;
000009ee : 0023e9ab;
000009ef : bf91000d;
000009f0 : 040d07a3;
000009f1 : 47a2b7b9;
000009f2 : 00fd0b33;
000009f3 : e3a547b2;
000009f4 : 846a4c01;
000009f5 : bff19b62;
000009f6 : 061387da;
000009f7 : 80230300;
000009f8 : 6b6300c7;
000009f9 : 061306fd;
000009fa : 80230310;
000009fb : a70300c7;
000009fc : 0693000d;
000009fd : 07050390;
000009fe : 00eda023;
000009ff : 0007c703;
00000a00 : f0e6f7e3;
00000a01 : 00c78023;
00000a02 : 000da703;
00000a03 : a0230705;
00000a04 : c70300ed;
00000a05 : e7e30007;
00000a06 : bdd5fee6;
00000a07 : 018da023;
00000a08 : 07ab6a63;
00000a09 : 09935bf2;
00000a0a : 846a050d;
00000a0b : a023b525;
00000a0c : 0993000d;
00000a0d : 846a050d;
00000a0e : e1ab7ee3;
00000a0f : 000d0023;
00000a10 : c703bdc9;
00000a11 : 0705fff7;
00000a12 : 0ff77713;
00000a13 : fee78fa3;
00000a14 : eae6ffe3;
00000a15 : b58517fd;
00000a16 : fff7c703;
00000a17 : 77130705;
00000a18 : 8fa30ff7;
00000a19 : f4e3fee7;
00000a1a : 17fdeae6;
00000a1b : 87eabf8d;
00000a1c : 0009c703;
00000a1d : 07850985;
00000a1e : fee78fa3;
00000a1f : ff341ae3;
00000a20 : 47a2bb55;
00000a21 : 00fd0b33;
00000a22 : d38d47b2;
00000a23 : 000da023;
00000a24 : f9ab7ae3;
00000a25 : 00235bf2;
00000a26 : bda5000d;
00000a27 : 0b3347a2;
00000a28 : 47b200fd;
00000a29 : a023d781;
00000a2a : 65e3018d;
00000a2b : 89a2ffab;
00000a2c : 846a5bf2;
00000a2d : 4801b345;
00000a2e : 7175b929;
00000a2f : c70688aa;
00000a30 : c5226529;
00000a31 : c14ac326;
00000a32 : fe13dece;
00000a33 : 83320407;
00000a34 : 48450513;
00000a35 : 000e0563;
00000a36 : 85136ea9;
00000a37 : f3934ace;
00000a38 : 8f130017;
00000a39 : 7f13fff3;
00000a3a : f293ff0f;
00000a3b : 0f130107;
00000a3c : 8663030f;
00000a3d : 9bf90002;
00000a3e : 0f1343c1;
00000a3f : f6130200;
00000a40 : ff930027;
00000a41 : 0f630207;
00000a42 : cc630e06;
00000a43 : f6131805;
00000a44 : 19630047;
00000a45 : 8ba11606;
00000a46 : c7814981;
00000a47 : 099316fd;
00000a48 : 8c630200;
00000a49 : 47c1000f;
00000a4a : 18f30d63;
00000a4b : ff830793;
00000a4c : 0017b793;
00000a4d : 0f938e9d;
00000a4e : 9b630200;
00000a4f : 07931005;
00000a50 : 06230300;
00000a51 : 490102f1;
00000a52 : 10604785;
00000a53 : d3638e3e;
00000a54 : 8e3a00e7;
00000a55 : 41c684b3;
00000a56 : 0a039963;
00000a57 : 0a905663;
00000a58 : 86268546;
00000a59 : 02000593;
00000a5a : cc1ace3a;
00000a5b : c872ca7e;
00000a5c : c47ac63e;
00000a5d : 20efc216;
00000a5e : 42920bb0;
00000a5f : 47b24f22;
00000a60 : 4fd24e42;
00000a61 : 47724362;
00000a62 : 009508b3;
00000a63 : 0e099563;
00000a64 : 000f8863;
00000a65 : 066346a1;
00000a66 : 46c114d3;
00000a67 : 0ed30863;
00000a68 : 005034b3;
00000a69 : dc6314f9;
00000a6a : 09b300e7;
00000a6b : 854640fe;
00000a6c : 0593864e;
00000a6d : 20ef0300;
00000a6e : 08b307b0;
00000a6f : 07b30135;
00000a70 : 05930124;
00000a71 : 8746fff4;
00000a72 : 0007c603;
00000a73 : 070517fd;
00000a74 : fec70fa3;
00000a75 : fef59ae3;
00000a76 : 00190793;
00000a77 : 00f88833;
00000a78 : 00905a63;
00000a79 : 86268542;
00000a7a : 02000593;
00000a7b : 045020ef;
00000a7c : 00950833;
00000a7d : 442a40ba;
00000a7e : 490a449a;
00000a7f : 854259f6;
00000a80 : 80826149;
00000a81 : bf314981;
00000a82 : 856314fd;
00000a83 : 80230009;
00000a84 : 08850138;
00000a85 : 000f8863;
00000a86 : 086346a1;
00000a87 : 46c10ad3;
00000a88 : 06d30763;
00000a89 : f80291e3;
00000a8a : 0c905c63;
00000a8b : 85468626;
00000a8c : c63a85fa;
00000a8d : c23ec472;
00000a8e : 7f8020ef;
00000a8f : 009508b3;
00000a90 : 4e224792;
00000a91 : 54fd4732;
00000a92 : 16fdbfb9;
00000a93 : 02d00993;
00000a94 : 10604781;
00000a95 : 0265f833;
00000a96 : 0785893e;
00000a97 : 00f40eb3;
00000a98 : 982a8e2e;
00000a99 : 00084803;
00000a9a : 0265d5b3;
00000a9b : ff0e8fa3;
00000a9c : fe6e72e3;
00000a9d : 8023bde1;
00000a9e : 08850138;
00000a9f : f20f82e3;
00000aa0 : bf5954fd;
00000aa1 : 099316fd;
00000aa2 : bd6102b0;
00000aa3 : 061354fd;
00000aa4 : 06930300;
00000aa5 : 80230780;
00000aa6 : 80a300c8;
00000aa7 : 088900d8;
00000aa8 : 05b3b751;
00000aa9 : 82e340b0;
00000aaa : 47c1fa0f;
00000aab : 04f30463;
00000aac : 026347a1;
00000aad : 16fd02f3;
00000aae : 02d00993;
00000aaf : 02000f93;
00000ab0 : 16f9bf41;
00000ab1 : 02000f93;
00000ab2 : 0693bd8d;
00000ab3 : 80230300;
00000ab4 : 088500d8;
00000ab5 : 16f9bf81;
00000ab6 : 02d00993;
00000ab7 : 02000f93;
00000ab8 : 34b3bf85;
00000ab9 : 06930050;
00000aba : 80230300;
00000abb : 14f900d8;
00000abc : bd550885;
00000abd : 099316f5;
00000abe : 0f9302d0;
00000abf : bf890200;
00000ac0 : b55514fd;
00000ac1 : de010113;
00000ac2 : 1f312623;
00000ac3 : 1f612023;
00000ac4 : 1e112e23;
00000ac5 : 1e812c23;
00000ac6 : 1e912a23;
00000ac7 : 1f212823;
00000ac8 : 20b12223;
00000ac9 : 20c12423;
00000aca : 20d12623;
00000acb : 20e12823;
00000acc : 20f12a23;
00000acd : 21012c23;
00000ace : 21112e23;
00000acf : 00054783;
00000ad0 : 20410b13;
00000ad1 : 0993ca5a;
00000ad2 : cba10c01;
00000ad3 : 1d712e23;
00000ad4 : 22236bad;
00000ad5 : 2c231f51;
00000ad6 : 24231d81;
00000ad7 : 2a231f41;
00000ad8 : 832a1d91;
00000ad9 : a68b8b93;
00000ada : 02500c13;
00000adb : 49254ac1;
00000adc : 02e00493;
00000add : 09878c63;
00000ade : 00f98023;
00000adf : 00134783;
00000ae0 : 03050985;
00000ae1 : 2a03fbe5;
00000ae2 : 2a831e81;
00000ae3 : 2b831e41;
00000ae4 : 2c031dc1;
00000ae5 : 2c831d81;
00000ae6 : 80231d41;
00000ae7 : 44030009;
00000ae8 : 45010c01;
00000ae9 : 4929c429;
00000aea : 0f630184;
00000aeb : 85a20124;
00000aec : fff50537;
00000aed : 6ac010ef;
00000aee : 0014c403;
00000aef : 00148793;
00000af0 : 84bec01d;
00000af1 : ff2415e3;
00000af2 : 053745b5;
00000af3 : 10effff5;
00000af4 : 85a26920;
00000af5 : fff50537;
00000af6 : 688010ef;
00000af7 : 0014c403;
00000af8 : 00148793;
00000af9 : 019cfc79;
00000afa : 40f48533;
00000afb : 20830505;
00000afc : 24031fc1;
00000afd : 24831f81;
00000afe : 29031f41;
00000aff : 29831f01;
00000b00 : 2b031ec1;
00000b01 : 01131e01;
00000b02 : 80822201;
00000b03 : 46034781;
00000b04 : 04130013;
00000b05 : 07130013;
00000b06 : 7713fe06;
00000b07 : e6630ff7;
00000b08 : 070a00ea;
00000b09 : 4318975e;
00000b0a : 07138702;
00000b0b : 7713fd06;
00000b0c : 7f630ff7;
00000b0d : 07130ce9;
00000b0e : 5a7d02a0;
00000b0f : 0ee60d63;
00000b10 : 0563587d;
00000b11 : 77130a96;
00000b12 : 06930df6;
00000b13 : 106304c0;
00000b14 : 85b208d7;
00000b15 : 00144603;
00000b16 : 03700693;
00000b17 : 00140c93;
00000b18 : fbf60713;
00000b19 : 0ff77713;
00000b1a : 02e6ed63;
00000b1b : 070a66ad;
00000b1c : aac68693;
00000b1d : 43189736;
00000b1e : e7938702;
00000b1f : 83220017;
00000b20 : e793b779;
00000b21 : 83220107;
00000b22 : e793b759;
00000b23 : 83220047;
00000b24 : e793bfbd;
00000b25 : 83220207;
00000b26 : e793bf9d;
00000b27 : 83220087;
00000b28 : 8466b7bd;
00000b29 : 02500793;
00000b2a : 00f60963;
00000b2b : 00f98023;
00000b2c : 00044603;
00000b2d : 08e30985;
00000b2e : 8023ec06;
00000b2f : 478300c9;
00000b30 : 09850014;
00000b31 : 00140313;
00000b32 : ea0796e3;
00000b33 : 0713bd6d;
00000b34 : 7713fbf6;
00000b35 : 06930ff7;
00000b36 : e5e30370;
00000b37 : 66adfce6;
00000b38 : 8693070a;
00000b39 : 9736b8c6;
00000b3a : 87024318;
00000b3b : 00144603;
00000b3c : 069345a5;
00000b3d : 07130014;
00000b3e : 7713fd06;
00000b3f : fd630ff7;
00000b40 : 071306e5;
00000b41 : 016302a0;
00000b42 : 84360ae6;
00000b43 : bf254801;
00000b44 : 45a54a01;
00000b45 : 002a1693;
00000b46 : 040596d2;
00000b47 : 96b20686;
00000b48 : 00044603;
00000b49 : fd068a13;
00000b4a : fd060713;
00000b4b : 0ff77713;
00000b4c : fee5f2e3;
00000b4d : 2a03b731;
00000b4e : 4603000b;
00000b4f : 04130023;
00000b50 : 44630023;
00000b51 : 0b11000a;
00000b52 : 0a33bde5;
00000b53 : e7934140;
00000b54 : 0b110107;
00000b55 : 8ca2b5f5;
00000b56 : 25834629;
00000b57 : 0b11000b;
00000b58 : 8742854e;
00000b59 : 3e9186d2;
00000b5a : 001cc783;
00000b5b : 831389aa;
00000b5c : 91e3001c;
00000b5d : bd01e007;
00000b5e : 17134801;
00000b5f : 97420028;
00000b60 : 07060685;
00000b61 : c6039732;
00000b62 : 08130006;
00000b63 : 0713fd07;
00000b64 : 7713fd06;
00000b65 : f2e30ff7;
00000b66 : 4713fee5;
00000b67 : 877dfff8;
00000b68 : 78338436;
00000b69 : b54500e8;
00000b6a : 000b2803;
00000b6b : 00244603;
00000b6c : 47130b11;
00000b6d : 877dfff8;
00000b6e : 00e87833;
00000b6f : b5610409;
00000b70 : 06c00713;
00000b71 : 0027e793;
00000b72 : 88e34629;
00000b73 : a021f8e5;
00000b74 : 0027e793;
00000b75 : 25838ca2;
00000b76 : 4629000b;
00000b77 : b7490b11;
00000b78 : 28838466;
00000b79 : 0b11000b;
00000b7a : 66088463;
00000b7b : 0008c703;
00000b7c : 0ee38bc1;
00000b7d : 98461207;
00000b7e : 07638746;
00000b7f : 468300e8;
00000b80 : 07050017;
00000b81 : 883afafd;
00000b82 : 41180cb3;
00000b83 : 68078163;
00000b84 : 07905c63;
00000b85 : fffc8793;
00000b86 : 7be34719;
00000b87 : 87330af7;
00000b88 : 177d4119;
00000b89 : 0138e6b3;
00000b8a : 00373713;
00000b8b : 37138a8d;
00000b8c : b6930017;
00000b8d : 8ef90016;
00000b8e : 874e87c6;
00000b8f : 08068ae3;
00000b90 : ffccf593;
00000b91 : 01158633;
00000b92 : 07914394;
00000b93 : 2e230711;
00000b94 : 1be3fed7;
00000b95 : 87b3fef6;
00000b96 : 86630199;
00000b97 : 46830395;
00000b98 : 99ae0006;
00000b99 : 00158713;
00000b9a : 00d98023;
00000b9b : 01975d63;
00000b9c : 00164703;
00000b9d : 80a30589;
00000b9e : d66300e9;
00000b9f : 47030195;
00000ba0 : 81230026;
00000ba1 : 89be00e9;
00000ba2 : 00140313;
00000ba3 : 0b4cd8e3;
00000ba4 : 419a0cb3;
00000ba5 : 8666854e;
00000ba6 : 02000593;
00000ba7 : 20efc01a;
00000ba8 : 47833920;
00000ba9 : 43020014;
00000baa : 95e399e6;
00000bab : b9e1cc07;
00000bac : 8bc18466;
00000bad : 004b0c93;
00000bae : 00140313;
00000baf : 58078f63;
00000bb0 : 000b2683;
00000bb1 : 80234705;
00000bb2 : 5ce300d9;
00000bb3 : 1a7d1547;
00000bb4 : 00e98533;
00000bb5 : 05938652;
00000bb6 : c01a0200;
00000bb7 : 354020ef;
00000bb8 : 00144783;
00000bb9 : 09b34302;
00000bba : 8b660145;
00000bbb : c80794e3;
00000bbc : 8ca2b959;
00000bbd : b5954621;
00000bbe : 577d8466;
00000bbf : 00ea1563;
00000bc0 : 0017e793;
00000bc1 : 25834a21;
00000bc2 : 854e000b;
00000bc3 : 86d28742;
00000bc4 : 32654641;
00000bc5 : 00144783;
00000bc6 : 89aa0b11;
00000bc7 : 00140313;
00000bc8 : c4079ae3;
00000bc9 : 8ca2b18d;
00000bca : bd054641;
00000bcb : 06c00713;
00000bcc : 0407e793;
00000bcd : 28e58263;
00000bce : 1da12823;
00000bcf : 000b2303;
00000bd0 : 4f030b11;
00000bd1 : 02630003;
00000bd2 : 07133c0f;
00000bd3 : 51630630;
00000bd4 : 86b749e7;
00000bd5 : 869351eb;
00000bd6 : 36b351f6;
00000bd7 : 029302df;
00000bd8 : 67290640;
00000bd9 : 48470713;
00000bda : ccccdeb7;
00000bdb : ccde8e93;
00000bdc : 46214425;
00000bdd : 4899451d;
00000bde : 82b38295;
00000bdf : 96ba0256;
00000be0 : 0006c683;
00000be1 : 45914e15;
00000be2 : 06d10823;
00000be3 : 4f89480d;
00000be4 : 405f02b3;
00000be5 : 03d2b6b3;
00000be6 : 9f13828d;
00000be7 : 9f360026;
00000be8 : c68396ba;
00000be9 : 0f060006;
00000bea : 41e28f33;
00000beb : 06d108a3;
00000bec : 47039f3a;
00000bed : 9f8a000f;
00000bee : 06ef8823;
00000bef : 002806b3;
00000bf0 : 02e00713;
00000bf1 : 06e68823;
00000bf2 : 00134683;
00000bf3 : 32068963;
00000bf4 : 06300713;
00000bf5 : 3ad75a63;
00000bf6 : 51eb8eb7;
00000bf7 : 51fe8e93;
00000bf8 : 03d6beb3;
00000bf9 : 00258fb3;
00000bfa : 06400293;
00000bfb : 88b285c6;
00000bfc : 07136729;
00000bfd : 0f334847;
00000bfe : 8e2a002e;
00000bff : d6138522;
00000c00 : 02b3005e;
00000c01 : 963a0256;
00000c02 : 00064603;
00000c03 : ccccdeb7;
00000c04 : ccde8e93;
00000c05 : 06cf8823;
00000c06 : 00880413;
00000c07 : 00780613;
00000c08 : 40568833;
00000c09 : 03d836b3;
00000c0a : 0eb3828d;
00000c0b : cf8300d7;
00000c0c : 9e93000e;
00000c0d : 96f60026;
00000c0e : 08230686;
00000c0f : 06b307ff;
00000c10 : 96ba40d8;
00000c11 : 0006c703;
00000c12 : 8823958a;
00000c13 : 06b306e5;
00000c14 : 0713002e;
00000c15 : 882302e0;
00000c16 : 468306e6;
00000c17 : 89630023;
00000c18 : 07132806;
00000c19 : 51630630;
00000c1a : 85b72ed7;
00000c1b : 859351eb;
00000c1c : b5b351f5;
00000c1d : 8fb302b6;
00000c1e : 08130028;
00000c1f : 88b20640;
00000c20 : ccccdf37;
00000c21 : ccdf0f13;
00000c22 : 07136729;
00000c23 : 0eb34847;
00000c24 : 85220025;
00000c25 : 0055d613;
00000c26 : 030605b3;
00000c27 : 4603963a;
00000c28 : 04130006;
00000c29 : 8823006e;
00000c2a : 061306cf;
00000c2b : 85b3005e;
00000c2c : b6b340b6;
00000c2d : 828d03e5;
00000c2e : 00d70833;
00000c2f : 00084e03;
00000c30 : 00269813;
00000c31 : 068696c2;
00000c32 : 07ce8823;
00000c33 : 40d586b3;
00000c34 : c68396ba;
00000c35 : 87330006;
00000c36 : 08230028;
00000c37 : 069306d7;
00000c38 : 073302e0;
00000c39 : 08230025;
00000c3a : 468306d7;
00000c3b : 8b630033;
00000c3c : 07131e06;
00000c3d : 5f630630;
00000c3e : 85b730d7;
00000c3f : 859351eb;
00000c40 : b5b351f5;
00000c41 : 089302b6;
00000c42 : 67290640;
00000c43 : 48470713;
00000c44 : d837960a;
00000c45 : 0813cccc;
00000c46 : 0333ccd8;
00000c47 : 04130024;
00000c48 : 81950045;
00000c49 : 031588b3;
00000c4a : c58395ba;
00000c4b : 08230005;
00000c4c : 061306b6;
00000c4d : 85b30035;
00000c4e : b6b34116;
00000c4f : 828d0305;
00000c50 : 00d70533;
00000c51 : 00054803;
00000c52 : 00269513;
00000c53 : 068696aa;
00000c54 : 07030823;
00000c55 : 40d586b3;
00000c56 : c70396ba;
00000c57 : 960a0006;
00000c58 : 06e60823;
00000c59 : ef918bc1;
00000c5a : 5f445a63;
00000c5b : 408a0a33;
00000c5c : 854e8652;
00000c5d : 02000593;
00000c5e : 20ef99d2;
00000c5f : 0a130b60;
00000c60 : 854efff4;
00000c61 : 188c8622;
00000c62 : 20ef8d4e;
00000c63 : 99a21820;
00000c64 : 01445b63;
00000c65 : 0633854e;
00000c66 : 0593408a;
00000c67 : 20ef0200;
00000c68 : 09b30920;
00000c69 : c783014d;
00000c6a : 2d03001c;
00000c6b : 83131d01;
00000c6c : 91e3001c;
00000c6d : bac19c07;
00000c6e : 26036729;
00000c6f : 0713000b;
00000c70 : 0b114ac7;
00000c71 : 00064683;
00000c72 : 03a00593;
00000c73 : 06b10923;
00000c74 : 0046d513;
00000c75 : 953a8abd;
00000c76 : 450396ba;
00000c77 : c6830005;
00000c78 : 8bc10006;
00000c79 : 06a10823;
00000c7a : 06d108a3;
00000c7b : 00164683;
00000c7c : 06b10aa3;
00000c7d : 0046d513;
00000c7e : 953a8abd;
00000c7f : 450396ba;
00000c80 : c6830005;
00000c81 : 09a30006;
00000c82 : 0a2306a1;
00000c83 : 468306d1;
00000c84 : 0c230026;
00000c85 : d51306b1;
00000c86 : 8abd0046;
00000c87 : 96ba953a;
00000c88 : 00054503;
00000c89 : 0006c683;
00000c8a : 06a10b23;
00000c8b : 06d10ba3;
00000c8c : 00364683;
00000c8d : 06b10da3;
00000c8e : 0046d513;
00000c8f : 953a8abd;
00000c90 : c68396ba;
00000c91 : 45030006;
00000c92 : 0d230005;
00000c93 : 0ca306d1;
00000c94 : 468306a1;
00000c95 : 0f230046;
00000c96 : d59306b1;
00000c97 : 8abd0046;
00000c98 : 96ba95ba;
00000c99 : 0006c683;
00000c9a : 0005c583;
00000c9b : 06d10ea3;
00000c9c : 06b10e23;
00000c9d : 00564683;
00000c9e : 0046d613;
00000c9f : 4603963a;
00000ca0 : 8abd0006;
00000ca1 : 0fa39736;
00000ca2 : 470306c1;
00000ca3 : 00230007;
00000ca4 : ebc908e1;
00000ca5 : d6634cc5;
00000ca6 : 0613094c;
00000ca7 : 0593fefa;
00000ca8 : 854e0200;
00000ca9 : 10ef19bd;
00000caa : 99d278b0;
00000cab : 8666854e;
00000cac : 20ef188c;
00000cad : 09c505a0;
00000cae : 00244783;
00000caf : 00240313;
00000cb0 : 8a079ae3;
00000cb1 : e793b0c9;
00000cb2 : 46410407;
00000cb3 : 0713b479;
00000cb4 : 93e306c0;
00000cb5 : 6729c6e5;
00000cb6 : 000b2603;
00000cb7 : 48470713;
00000cb8 : b5cd0b11;
00000cb9 : 0713960a;
00000cba : 08230300;
00000cbb : bd9d06e6;
00000cbc : 00288733;
00000cbd : 03000693;
00000cbe : 06d70823;
00000cbf : 958ab3cd;
00000cc0 : 03000713;
00000cc1 : 06e58823;
00000cc2 : 0713b399;
00000cc3 : 08230300;
00000cc4 : 441d06e1;
00000cc5 : 45154619;
00000cc6 : 4e0d4891;
00000cc7 : 48054589;
00000cc8 : 1a7db971;
00000cc9 : 854e4cc5;
00000cca : 188c8666;
00000ccb : 7e1010ef;
00000ccc : d3e399e6;
00000ccd : 1a3df94c;
00000cce : 8652854e;
00000ccf : 02000593;
00000cd0 : 6f1010ef;
00000cd1 : bf8d99d2;
00000cd2 : 45a56729;
00000cd3 : 48470713;
00000cd4 : d8d5d0e3;
00000cd5 : ccccd5b7;
00000cd6 : ccd58593;
00000cd7 : 02b6b5b3;
00000cd8 : 00288eb3;
00000cd9 : 853288aa;
00000cda : 04138622;
00000cdb : 818d005e;
00000cdc : 00b70833;
00000cdd : 00084e03;
00000cde : 00259813;
00000cdf : 058695c2;
00000ce0 : 07ce8823;
00000ce1 : b3a98e8d;
00000ce2 : 4ea56729;
00000ce3 : 48470713;
00000ce4 : caded9e3;
00000ce5 : ccccdeb7;
00000ce6 : ccde8e93;
00000ce7 : 03d6beb3;
00000ce8 : 00258f33;
00000ce9 : 8e4685f2;
00000cea : 853288aa;
00000ceb : 04138622;
00000cec : d8130078;
00000ced : 0eb3003e;
00000cee : cf830107;
00000cef : 1e93000e;
00000cf0 : 98760028;
00000cf1 : 08230806;
00000cf2 : 86b307ff;
00000cf3 : b9954106;
00000cf4 : 5e634725;
00000cf5 : d6b70de7;
00000cf6 : 8693cccc;
00000cf7 : 36b3ccd6;
00000cf8 : 672902df;
00000cf9 : 48470713;
00000cfa : 461d4421;
00000cfb : 48954519;
00000cfc : 458d4e11;
00000cfd : 828d4809;
00000cfe : 00269e93;
00000cff : 96ba9eb6;
00000d00 : 0006cf83;
00000d01 : 001e9693;
00000d02 : 40df0f33;
00000d03 : 07f10823;
00000d04 : be794f85;
00000d05 : 45a56729;
00000d06 : 48470713;
00000d07 : d2d5dee3;
00000d08 : ccccd5b7;
00000d09 : ccd58593;
00000d0a : 02b6b5b3;
00000d0b : 00260833;
00000d0c : 04138622;
00000d0d : 818d0035;
00000d0e : 00b70533;
00000d0f : 00054883;
00000d10 : 00259513;
00000d11 : 058695aa;
00000d12 : 07180823;
00000d13 : b3298e8d;
00000d14 : 8bc168a9;
00000d15 : 4d488893;
00000d16 : 4785ba79;
00000d17 : 1f47da63;
00000d18 : 0613854e;
00000d19 : 0593fffa;
00000d1a : c01a0200;
00000d1b : 5c5010ef;
00000d1c : 000b2783;
00000d1d : 430219fd;
00000d1e : 802399d2;
00000d1f : 098500f9;
00000d20 : 00144783;
00000d21 : 97638b66;
00000d22 : f06fee07;
00000d23 : d763efcf;
00000d24 : 0a33394c;
00000d25 : 8652419a;
00000d26 : 0593854e;
00000d27 : c0460200;
00000d28 : 591010ef;
00000d29 : 488299d2;
00000d2a : fffc8a13;
00000d2b : 6729b295;
00000d2c : 48470713;
00000d2d : 4619441d;
00000d2e : 48914515;
00000d2f : 45894e0d;
00000d30 : 4f814805;
00000d31 : 2823b4f5;
00000d32 : 26231da1;
00000d33 : 84661db1;
00000d34 : 007b0713;
00000d35 : 0017f693;
00000d36 : 16fd9b61;
00000d37 : 00072303;
00000d38 : 00472883;
00000d39 : ff06f613;
00000d3a : 00870b13;
00000d3b : 0107f713;
00000d3c : 03060d13;
00000d3d : 0027ec93;
00000d3e : fc93c719;
00000d3f : ec93ffe7;
00000d40 : 0d13002c;
00000d41 : 851a0200;
00000d42 : 460185c6;
00000d43 : c4424681;
00000d44 : c046c21a;
00000d45 : 48c050ef;
00000d46 : 43124882;
00000d47 : 42634822;
00000d48 : f7931805;
00000d49 : 8663004c;
00000d4a : 1a7d1807;
00000d4b : 02b00d93;
00000d4c : 136357fd;
00000d4d : 481900f8;
00000d4e : 0878189c;
00000d4f : 86420834;
00000d50 : 85c6851a;
00000d51 : f0efc042;
00000d52 : 4772b70f;
00000d53 : 86aa4802;
00000d54 : c719101c;
00000d55 : 02d00793;
00000d56 : 02f10023;
00000d57 : 02110793;
00000d58 : 0006c703;
00000d59 : 1e070e63;
00000d5a : 859348e2;
00000d5b : 05130016;
00000d5c : 556302e0;
00000d5d : 86332710;
00000d5e : 167d40d5;
00000d5f : 85630585;
00000d60 : 80231cc8;
00000d61 : c70300e7;
00000d62 : 0785fff5;
00000d63 : 8023f76d;
00000d64 : f7930007;
00000d65 : 4703020c;
00000d66 : c3990201;
00000d67 : 14080e63;
00000d68 : cf094781;
00000d69 : 87b21010;
00000d6a : c7031214;
00000d6b : 07850017;
00000d6c : 9ce3c319;
00000d6d : 8f91fed7;
00000d6e : 40fa0a33;
00000d6f : 011cf713;
00000d70 : 5663e745;
00000d71 : 86522140;
00000d72 : 02000593;
00000d73 : c03e854e;
00000d74 : 461010ef;
00000d75 : 9a4e4782;
00000d76 : 0e0d8663;
00000d77 : 01ba0023;
00000d78 : 001a0993;
00000d79 : 1a7d5a7d;
00000d7a : 00f05a63;
00000d7b : 854e863e;
00000d7c : c03e100c;
00000d7d : 519010ef;
00000d7e : 99be4782;
00000d7f : 01405963;
00000d80 : 8652854e;
00000d81 : 02000593;
00000d82 : 429010ef;
00000d83 : 478399d2;
00000d84 : 2d030014;
00000d85 : 2d831d01;
00000d86 : 03131cc1;
00000d87 : 9b630014;
00000d88 : f06fd407;
00000d89 : 2823d64f;
00000d8a : 8ca21da1;
00000d8b : 2823ba01;
00000d8c : 26231da1;
00000d8d : bd691db1;
00000d8e : 0407e793;
00000d8f : 46418ca2;
00000d90 : f1aff06f;
00000d91 : 1da12823;
00000d92 : 0407e793;
00000d93 : b0fd8ca2;
00000d94 : 000b2783;
00000d95 : 8b660985;
00000d96 : fef98fa3;
00000d97 : 00144783;
00000d98 : d0079a63;
00000d99 : d22ff06f;
00000d9a : 000d8563;
00000d9b : 01b98023;
00000d9c : fc930985;
00000d9d : 99e3010c;
00000d9e : 56e3f60c;
00000d9f : 854ef740;
00000da0 : 865285ea;
00000da1 : 10efc03e;
00000da2 : 47823ab0;
00000da3 : 50e399d2;
00000da4 : 863ef8f0;
00000da5 : 100c854e;
00000da6 : 475010ef;
00000da7 : 99be4782;
00000da8 : 07b7b7bd;
00000da9 : 1a7d8000;
00000daa : 00f8c8b3;
00000dab : 02d00d93;
00000dac : f793b541;
00000dad : 4d81008c;
00000dae : e6078ce3;
00000daf : 0d931a7d;
00000db0 : b5bd0200;
00000db1 : 54e389d2;
00000db2 : 863ef4f0;
00000db3 : b7d9c03e;
00000db4 : 019987b3;
00000db5 : 0008c703;
00000db6 : 08850985;
00000db7 : fee98fa3;
00000db8 : fef99ae3;
00000db9 : fa2ff06f;
00000dba : 000780a3;
00000dbb : 020cf793;
00000dbc : 02014703;
00000dbd : ea0786e3;
00000dbe : 12070763;
00000dbf : 87b21010;
00000dc0 : 02e00593;
00000dc1 : 04500693;
00000dc2 : e8b70fe3;
00000dc3 : 0df77713;
00000dc4 : 08d70063;
00000dc5 : 0017c703;
00000dc6 : f77d0785;
00000dc7 : 02e00713;
00000dc8 : 00e78023;
00000dc9 : 02014703;
00000dca : 000780a3;
00000dcb : 4c81bd95;
00000dcc : f4079c63;
00000dcd : 00140313;
00000dce : d5404de3;
00000dcf : 00144783;
00000dd0 : c2079a63;
00000dd1 : c42ff06f;
00000dd2 : 00e780a3;
00000dd3 : fff5c703;
00000dd4 : 00a78023;
00000dd5 : 10e30789;
00000dd6 : bd15e207;
00000dd7 : b4151a7d;
00000dd8 : 03000593;
00000dd9 : 00b78023;
00000dda : f80800e3;
00000ddb : 02e00693;
00000ddc : 85138642;
00000ddd : 80a30027;
00000dde : c04200d7;
00000ddf : 2b5010ef;
00000de0 : 07334802;
00000de1 : 00230105;
00000de2 : 47030007;
00000de3 : bd090201;
00000de4 : 0007c683;
00000de5 : 10078613;
00000de6 : c29d873e;
00000de7 : 00174683;
00000de8 : c2990705;
00000de9 : fee61ce3;
00000dea : 40f70633;
00000deb : 00c05a63;
00000dec : 00178593;
00000ded : 00278513;
00000dee : 10efc03e;
00000def : 478214f0;
00000df0 : 02e00713;
00000df1 : 00e78023;
00000df2 : 02014703;
00000df3 : 8ce3bbd1;
00000df4 : 8023ee0d;
00000df5 : 1a7901b9;
00000df6 : b5390985;
00000df7 : 03000593;
00000df8 : 00b78023;
00000df9 : 00a780a3;
00000dfa : 81630789;
00000dfb : 06330208;
00000dfc : 853e4110;
00000dfd : c43ac636;
00000dfe : c046c242;
00000dff : 235010ef;
00000e00 : 46b24882;
00000e01 : 48124722;
00000e02 : 411507b3;
00000e03 : 80230685;
00000e04 : c70300e7;
00000e05 : 07850006;
00000e06 : bb95fb75;
00000e07 : f06f1a7d;
00000e08 : 99badf2f;
00000e09 : 101cb9b1;
00000e0a : 67a9bdd5;
00000e0b : 4dc78793;
00000e0c : 479843d4;
00000e0d : 0007a803;
00000e0e : 713947dc;
00000e0f : ca3ac836;
00000e10 : ce02cc3e;
00000e11 : d202d002;
00000e12 : d602d402;
00000e13 : da02d802;
00000e14 : de02dc02;
00000e15 : 0693c642;
00000e16 : 47b9ffe6;
00000e17 : 03f10713;
00000e18 : 02d7ea63;
00000e19 : 02c5f7b3;
00000e1a : 86ae177d;
00000e1b : c783978a;
00000e1c : d5b300c7;
00000e1d : 002302c5;
00000e1e : f5e300f7;
00000e1f : 087cfec6;
00000e20 : 0007c703;
00000e21 : c7010785;
00000e22 : 00e50023;
00000e23 : 00980505;
00000e24 : fef718e3;
00000e25 : 00050023;
00000e26 : 80826121;
00000e27 : c80027f3;
00000e28 : c0002573;
00000e29 : c80025f3;
00000e2a : fef59ae3;
00000e2b : 25738082;
00000e2c : 7513fc00;
00000e2d : 06632005;
00000e2e : 57e11205;
00000e2f : 3207a073;
00000e30 : 90734785;
00000e31 : 9073b037;
00000e32 : 9073b047;
00000e33 : 9073b057;
00000e34 : 9073b067;
00000e35 : 9073b077;
00000e36 : 9073b087;
00000e37 : 9073b097;
00000e38 : 9073b0a7;
00000e39 : 9073b0b7;
00000e3a : 9073b0c7;
00000e3b : 9073b0d7;
00000e3c : 9073b0e7;
00000e3d : 9073b0f7;
00000e3e : 9073b107;
00000e3f : 9073b117;
00000e40 : 9073b127;
00000e41 : 9073b137;
00000e42 : 9073b147;
00000e43 : 9073b157;
00000e44 : 9073b167;
00000e45 : 9073b177;
00000e46 : 9073b187;
00000e47 : 9073b197;
00000e48 : 9073b1a7;
00000e49 : 9073b1b7;
00000e4a : 9073b1c7;
00000e4b : 9073b1d7;
00000e4c : 9073b1e7;
00000e4d : 27f3b1f7;
00000e4e : 2573b030;
00000e4f : 953eb040;
00000e50 : b05027f3;
00000e51 : 27f3953e;
00000e52 : 953eb060;
00000e53 : b07027f3;
00000e54 : 27f3953e;
00000e55 : 953eb080;
00000e56 : b09027f3;
00000e57 : 27f3953e;
00000e58 : 953eb0a0;
00000e59 : b0b027f3;
00000e5a : 27f3953e;
00000e5b : 953eb0c0;
00000e5c : b0d027f3;
00000e5d : 27f3953e;
00000e5e : 953eb0e0;
00000e5f : b0f027f3;
00000e60 : 27f3953e;
00000e61 : 953eb100;
00000e62 : b11027f3;
00000e63 : 27f3953e;
00000e64 : 953eb120;
00000e65 : b13027f3;
00000e66 : 27f3953e;
00000e67 : 953eb140;
00000e68 : b15027f3;
00000e69 : 27f3953e;
00000e6a : 953eb160;
00000e6b : b17027f3;
00000e6c : 27f3953e;
00000e6d : 953eb180;
00000e6e : b19027f3;
00000e6f : 27f3953e;
00000e70 : 953eb1a0;
00000e71 : b1b027f3;
00000e72 : 27f3953e;
00000e73 : 953eb1c0;
00000e74 : b1d027f3;
00000e75 : 27f3953e;
00000e76 : 953eb1e0;
00000e77 : b1f027f3;
00000e78 : 8082953e;
00000e79 : 8082557d;
00000e7a : c1dc6789;
00000e7b : 80824501;
00000e7c : 80824505;
00000e7d : 80824501;
00000e7e : c2261141;
00000e7f : c606c04a;
00000e80 : 892ec422;
00000e81 : e51184b2;
00000e82 : 0537842a;
00000e83 : 2fd1fff5;
00000e84 : 0537e52d;
00000e85 : 27f1fff6;
00000e86 : e11d4401;
00000e87 : 00efa0ad;
00000e88 : 07930510;
00000e89 : 0713ff65;
00000e8a : 06b3ff35;
00000e8b : b7930089;
00000e8c : 37130017;
00000e8d : 80230017;
00000e8e : 8fd900a6;
00000e8f : e7910405;
00000e90 : fff60537;
00000e91 : fc941de3;
00000e92 : 40b28426;
00000e93 : 44228522;
00000e94 : 49024492;
00000e95 : 80820141;
00000e96 : 017000ef;
00000e97 : ff650793;
00000e98 : ff350713;
00000e99 : 008906b3;
00000e9a : 0017b793;
00000e9b : 00173713;
00000e9c : 00a68023;
00000e9d : 04058fd9;
00000e9e : 0537fbe9;
00000e9f : 1de3fff5;
00000ea0 : 8426fc94;
00000ea1 : 0713b7d9;
00000ea2 : a2230580;
00000ea3 : 547ddae1;
00000ea4 : 1141bf6d;
00000ea5 : c04ac226;
00000ea6 : 157dc606;
00000ea7 : 892e4785;
00000ea8 : fa6384b2;
00000ea9 : 053702a7;
00000eaa : 2f25fff6;
00000eab : c4b9cd31;
00000eac : 844ac422;
00000ead : 00044583;
00000eae : fff60537;
00000eaf : 274d0405;
00000eb0 : 409407b3;
00000eb1 : ff2798e3;
00000eb2 : 85264422;
00000eb3 : 449240b2;
00000eb4 : 01414902;
00000eb5 : 05378082;
00000eb6 : 2721fff5;
00000eb7 : c422c515;
00000eb8 : cc81844a;
00000eb9 : 00044583;
00000eba : fff50537;
00000ebb : 2f8d0405;
00000ebc : 409407b3;
00000ebd : ff2798e3;
00000ebe : 4422bfc1;
00000ebf : 449240b2;
00000ec0 : 45014902;
00000ec1 : 80820141;
00000ec2 : 05800713;
00000ec3 : dae1a223;
00000ec4 : bf6d557d;
00000ec5 : d941a683;
00000ec6 : 00c18713;
00000ec7 : 37b7c685;
00000ec8 : 87938000;
00000ec9 : 896380c7;
00000eca : 953600e7;
00000ecb : 00f57663;
00000ecc : d8a1aa23;
00000ecd : 80828536;
00000ece : 56fd4731;
00000ecf : dae1a223;
00000ed0 : 80828536;
00000ed1 : d8e1aa23;
00000ed2 : bfd186ba;
00000ed3 : 34011073;
00000ed4 : c2067119;
00000ed5 : 340110f3;
00000ed6 : c60ec406;
00000ed7 : ca16c812;
00000ed8 : ce1ecc1a;
00000ed9 : d226d022;
00000eda : d62ed42a;
00000edb : da36d832;
00000edc : de3edc3a;
00000edd : c2c6c0c2;
00000ede : c6cec4ca;
00000edf : cad6c8d2;
00000ee0 : cedeccda;
00000ee1 : d2e6d0e2;
00000ee2 : d6eed4ea;
00000ee3 : daf6d8f2;
00000ee4 : defedcfa;
00000ee5 : 34202573;
00000ee6 : 01855593;
00000ee7 : 01f57613;
00000ee8 : 962e060a;
00000ee9 : dac18513;
00000eea : 4210962a;
00000eeb : 000600e7;
00000eec : 34202573;
00000eed : 02054163;
00000eee : 0e634585;
00000eef : 25f300b5;
00000ef0 : 85133410;
00000ef1 : c5830045;
00000ef2 : 898d0005;
00000ef3 : c19115f5;
00000ef4 : 10731579;
00000ef5 : 40923415;
00000ef6 : 424241b2;
00000ef7 : 436242d2;
00000ef8 : 540243f2;
00000ef9 : 55225492;
00000efa : 564255b2;
00000efb : 576256d2;
00000efc : 480657f2;
00000efd : 49264896;
00000efe : 4a4649b6;
00000eff : 4b664ad6;
00000f00 : 5c064bf6;
00000f01 : 5d265c96;
00000f02 : 5e465db6;
00000f03 : 5f665ed6;
00000f04 : 41225ff6;
00000f05 : 30200073;
00000f06 : 71390001;
00000f07 : fff50537;
00000f08 : dc22de06;
00000f09 : d84ada26;
00000f0a : d452d64e;
00000f0b : e5412b5d;
00000f0c : f14027f3;
00000f0d : 05378b85;
00000f0e : c7adfff5;
00000f0f : e159235d;
00000f10 : 300027f3;
00000f11 : 00b7d713;
00000f12 : 05378b0d;
00000f13 : c715fff5;
00000f14 : e1412b49;
00000f15 : 34202973;
00000f16 : fd6347ad;
00000f17 : 07b70327;
00000f18 : 17f58000;
00000f19 : 477197ca;
00000f1a : 06f76c63;
00000f1b : 078a672d;
00000f1c : c6c70713;
00000f1d : 439c97ba;
00000f1e : 23a58782;
00000f1f : 65a9dd61;
00000f20 : 52058593;
00000f21 : fff50537;
00000f22 : 29732be5;
00000f23 : 47ad3420;
00000f24 : fd27e7e3;
00000f25 : 0713672d;
00000f26 : 1793ce07;
00000f27 : 97ba0029;
00000f28 : 8782439c;
00000f29 : dd492b3d;
00000f2a : 859365a9;
00000f2b : 05375145;
00000f2c : 23f9fff5;
00000f2d : 65a9b771;
00000f2e : 4f058593;
00000f2f : fff50537;
00000f30 : b7bd23c1;
00000f31 : 859365a9;
00000f32 : 053750c5;
00000f33 : 2b4dfff5;
00000f34 : 65a9bf85;
00000f35 : 51c58593;
00000f36 : fff50537;
00000f37 : bf9d2355;
00000f38 : fff50537;
00000f39 : 116329fd;
00000f3a : 64294805;
00000f3b : 7fc40413;
00000f3c : 4050400c;
00000f3d : 44584414;
00000f3e : 01044783;
00000f3f : fff50537;
00000f40 : c832c62e;
00000f41 : cc3aca36;
00000f42 : 00f10e23;
00000f43 : 1c6329d9;
00000f44 : 49853a05;
00000f45 : 0537a80d;
00000f46 : 6429fff5;
00000f47 : 041321d9;
00000f48 : d9657fc4;
00000f49 : 859365a9;
00000f4a : 05375545;
00000f4b : 2b89fff5;
00000f4c : a8114985;
00000f4d : fff50537;
00000f4e : 1e63216d;
00000f4f : 64294205;
00000f50 : 7fc40413;
00000f51 : 05374981;
00000f52 : 2961fff5;
00000f53 : 3e051963;
00000f54 : 34102a73;
00000f55 : 4050400c;
00000f56 : 44584414;
00000f57 : 01044783;
00000f58 : fff50537;
00000f59 : c832c62e;
00000f5a : cc3aca36;
00000f5b : 00f10e23;
00000f5c : 1b63298d;
00000f5d : 05373805;
00000f5e : 21a5fff5;
00000f5f : 36051f63;
00000f60 : 343024f3;
00000f61 : 4050400c;
00000f62 : 44584414;
00000f63 : 01044783;
00000f64 : fff50537;
00000f65 : c832c62e;
00000f66 : cc3aca36;
00000f67 : 00f10e23;
00000f68 : e10d2189;
00000f69 : 04094a63;
00000f6a : 06099463;
00000f6b : fff50537;
00000f6c : e93d290d;
00000f6d : 546250f2;
00000f6e : 594254d2;
00000f6f : 5a2259b2;
00000f70 : 80826121;
00000f71 : 03000593;
00000f72 : fff50537;
00000f73 : 05932951;
00000f74 : 05370780;
00000f75 : 2169fff5;
00000f76 : 5a714471;
00000f77 : 0084d7b3;
00000f78 : 978a8bbd;
00000f79 : 00c7c583;
00000f7a : fff50537;
00000f7b : 298d1471;
00000f7c : ff4416e3;
00000f7d : fa095ae3;
00000f7e : fff50537;
00000f7f : 1e6326dd;
00000f80 : 47853405;
00000f81 : 012797b3;
00000f82 : 3047b073;
00000f83 : fa0980e3;
00000f84 : fff50537;
00000f85 : 1b6326f9;
00000f86 : 00733205;
00000f87 : bff51050;
00000f88 : fff50537;
00000f89 : d5592e7d;
00000f8a : 50f25462;
00000f8b : 594254d2;
00000f8c : 5a2259b2;
00000f8d : 859365a9;
00000f8e : 05377e05;
00000f8f : 6121fff5;
00000f90 : 0537a181;
00000f91 : 2e71fff5;
00000f92 : 32051e63;
00000f93 : 04136429;
00000f94 : 49857fc4;
00000f95 : 0537bdcd;
00000f96 : 2661fff5;
00000f97 : ee0501e3;
00000f98 : 859365a9;
00000f99 : 05375b85;
00000f9a : 2919fff5;
00000f9b : 0537bdc9;
00000f9c : 2e85fff5;
00000f9d : ec0505e3;
00000f9e : 859365a9;
00000f9f : 05375d45;
00000fa0 : 2efdfff5;
00000fa1 : 0537bd6d;
00000fa2 : 2ea1fff5;
00000fa3 : ea0509e3;
00000fa4 : 859365a9;
00000fa5 : 05375e85;
00000fa6 : 26ddfff5;
00000fa7 : 0537b54d;
00000fa8 : 2681fff5;
00000fa9 : e8050de3;
00000faa : 859365a9;
00000fab : 05376085;
00000fac : 26f9fff5;
00000fad : 0537b569;
00000fae : 2625fff5;
00000faf : e80501e3;
00000fb0 : 859365a9;
00000fb1 : 053758c5;
00000fb2 : 2e5dfff5;
00000fb3 : 0537bd8d;
00000fb4 : 2e01fff5;
00000fb5 : e60505e3;
00000fb6 : 859365a9;
00000fb7 : 05375a45;
00000fb8 : 2e79fff5;
00000fb9 : 0537bda9;
00000fba : 2ce5fff5;
00000fbb : e40509e3;
00000fbc : 859365a9;
00000fbd : 05375745;
00000fbe : 2659fff5;
00000fbf : 0537b589;
00000fc0 : 24c5fff5;
00000fc1 : e2050de3;
00000fc2 : 859365a9;
00000fc3 : 05376545;
00000fc4 : 26bdfff5;
00000fc5 : 0537b52d;
00000fc6 : 24e1fff5;
00000fc7 : e20501e3;
00000fc8 : 859365a9;
00000fc9 : 05376405;
00000fca : 2e99fff5;
00000fcb : 0537bd09;
00000fcc : 2c45fff5;
00000fcd : e00505e3;
00000fce : 859365a9;
00000fcf : 05377645;
00000fd0 : 2e3dfff5;
00000fd1 : 0537bbed;
00000fd2 : 2c61fff5;
00000fd3 : de0509e3;
00000fd4 : 859365a9;
00000fd5 : 053768c5;
00000fd6 : 261dfff5;
00000fd7 : 0537b3cd;
00000fd8 : 2441fff5;
00000fd9 : dc050de3;
00000fda : 859365a9;
00000fdb : 05377545;
00000fdc : 2639fff5;
00000fdd : 0537b3e9;
00000fde : 24a5fff5;
00000fdf : dc0501e3;
00000fe0 : 859365a9;
00000fe1 : 053767c5;
00000fe2 : 2cddfff5;
00000fe3 : 0537bb4d;
00000fe4 : 2c81fff5;
00000fe5 : da0505e3;
00000fe6 : 859365a9;
00000fe7 : 053766c5;
00000fe8 : 2cf9fff5;
00000fe9 : 0537bb69;
00000fea : 2c25fff5;
00000feb : d80509e3;
00000fec : 859365a9;
00000fed : 05377405;
00000fee : 24d9fff5;
00000fef : 0537b349;
00000ff0 : 2405fff5;
00000ff1 : d6050de3;
00000ff2 : 859365a9;
00000ff3 : 05377305;
00000ff4 : 247dfff5;
00000ff5 : 0537b3ad;
00000ff6 : 2421fff5;
00000ff7 : d60501e3;
00000ff8 : 859365a9;
00000ff9 : 05377205;
00000ffa : 2c59fff5;
00000ffb : 0537bb89;
00000ffc : 2ac5fff5;
00000ffd : d40505e3;
00000ffe : 859365a9;
00000fff : 05377105;
00001000 : 2cbdfff5;
00001001 : 0537bb2d;
00001002 : 2ae1fff5;
00001003 : d20509e3;
00001004 : 859365a9;
00001005 : 05377005;
00001006 : 249dfff5;
00001007 : 0537b30d;
00001008 : 22c1fff5;
00001009 : d0050de3;
0000100a : 859365a9;
0000100b : 05376f05;
0000100c : 24b9fff5;
0000100d : 0537b329;
0000100e : 2265fff5;
0000100f : d00501e3;
00001010 : 859365a9;
00001011 : 05376e05;
00001012 : 2c1dfff5;
00001013 : 0537b9cd;
00001014 : 2a41fff5;
00001015 : ce0505e3;
00001016 : 859365a9;
00001017 : 05376d05;
00001018 : 2c39fff5;
00001019 : 0537b9e9;
0000101a : 2aa5fff5;
0000101b : cc0509e3;
0000101c : 859365a9;
0000101d : 05376c05;
0000101e : 2419fff5;
0000101f : 0537b1c9;
00001020 : 2285fff5;
00001021 : ca050de3;
00001022 : 859365a9;
00001023 : 05376ac5;
00001024 : 22fdfff5;
00001025 : 0537b16d;
00001026 : 22a1fff5;
00001027 : ca0501e3;
00001028 : 859365a9;
00001029 : 053769c5;
0000102a : 2ad9fff5;
0000102b : 0537b949;
0000102c : 2a05fff5;
0000102d : c80505e3;
0000102e : 859365a9;
0000102f : 05376285;
00001030 : 2a7dfff5;
00001031 : 0593b9ad;
00001032 : 05370300;
00001033 : 2a49fff5;
00001034 : 07800593;
00001035 : fff50537;
00001036 : 44f12261;
00001037 : 57b359f1;
00001038 : 8bbd0099;
00001039 : c583978a;
0000103a : 053700c7;
0000103b : 14f1fff5;
0000103c : 96e32a85;
0000103d : 4985ff34;
0000103e : 65a9b1b9;
0000103f : 79058593;
00001040 : fff50537;
00001041 : b9ad2ab5;
00001042 : 03000593;
00001043 : fff50537;
00001044 : 22b9d256;
00001045 : 07800593;
00001046 : fff50537;
00001047 : 44f12291;
00001048 : 57b35af1;
00001049 : 8bbd009a;
0000104a : c583978a;
0000104b : 053700c7;
0000104c : 14f1fff5;
0000104d : 96e32235;
0000104e : 5a92ff54;
0000104f : 65a9b92d;
00001050 : 78858593;
00001051 : fff50537;
00001052 : b1192a25;
00001053 : 859365a9;
00001054 : 05377b05;
00001055 : 222dfff5;
00001056 : 65a9b1c9;
00001057 : 79858593;
00001058 : fff50537;
00001059 : b9712a31;
0000105a : 859365a9;
0000105b : 05377745;
0000105c : 2239fff5;
0000105d : 65a9be9d;
0000105e : 54058593;
0000105f : fff50537;
00001060 : be752201;
00001061 : 859365a9;
00001062 : 05375245;
00001063 : 28cdfff5;
00001064 : 6789b975;
00001065 : 80078793;
00001066 : 30079073;
00001067 : 90734781;
00001068 : 27f33047;
00001069 : e78df140;
0000106a : 85936591;
0000106b : 8613c1a5;
0000106c : 4701dac1;
0000106d : 02000513;
0000106e : 00271693;
0000106f : 02070793;
00001070 : 078a96b2;
00001071 : 97b2c28c;
00001072 : 0705c38c;
00001073 : fea716e3;
00001074 : 0ff0000f;
00001075 : 87936791;
00001076 : 9bf1b4c7;
00001077 : 30579073;
00001078 : 07378082;
00001079 : 87aafff5;
0000107a : 00e50e63;
0000107b : fff60737;
0000107c : 83634501;
0000107d : 808200e7;
0000107e : 47887781;
0000107f : 020007b7;
00001080 : 80828d7d;
00001081 : 47887781;
00001082 : 000207b7;
00001083 : 80828d7d;
00001084 : 00052023;
00001085 : 439c7781;
00001086 : 46810586;
00001087 : 02b7d7b3;
00001088 : 3fe00593;
00001089 : 00f5e763;
0000108a : 838da839;
0000108b : fa630685;
0000108c : 871300f5;
0000108d : 9b75ffe6;
0000108e : 8385db6d;
0000108f : eae30685;
00001090 : 068efef5;
00001091 : 17fd8ae1;
00001092 : 3ff7f793;
00001093 : 00f00737;
00001094 : 8e79079a;
00001095 : 8fd58fd1;
00001096 : 0017e793;
00001097 : 8082c11c;
00001098 : 9713411c;
00001099 : 5de300c7;
0000109a : c14cfe07;
0000109b : 411c8082;
0000109c : 00f79713;
0000109d : fe075de3;
0000109e : 75134148;
0000109f : 80820ff5;
000010a0 : 0005c683;
000010a1 : 8613c28d;
000010a2 : 48350015;
000010a3 : 8d6345a9;
000010a4 : 411c00b6;
000010a5 : 00c79713;
000010a6 : fe075de3;
000010a7 : 4683c154;
000010a8 : 06050006;
000010a9 : 8082f6ed;
000010aa : 9713411c;
000010ab : 5de300c7;
000010ac : 2223fe07;
000010ad : bff10105;
000010ae : ce86711d;
000010af : 0005c703;
000010b0 : d002ce02;
000010b1 : d402d202;
000010b2 : d802d602;
000010b3 : dc02da02;
000010b4 : c349de02;
000010b5 : c6cec8ca;
000010b6 : 69ad692d;
000010b7 : caa6cca2;
000010b8 : 8832c4d2;
000010b9 : 842ac2d6;
000010ba : 00158613;
000010bb : d6990913;
000010bc : d1098993;
000010bd : 02500493;
000010be : 1b634a29;
000010bf : c7831e97;
000010c0 : 46850015;
000010c1 : 00258a93;
000010c2 : 01278733;
000010c3 : 00074703;
000010c4 : 03638b0d;
000010c5 : 8b6306d7;
000010c6 : 87130097;
000010c7 : 46d5f9d7;
000010c8 : 02e6ed63;
000010c9 : 974e070a;
000010ca : 87024318;
000010cb : 9713401c;
000010cc : 5de300c7;
000010cd : 0793fe07;
000010ce : c05c0250;
000010cf : c70385d6;
000010d0 : 86130005;
000010d1 : fb550015;
000010d2 : 44d64466;
000010d3 : 49b64946;
000010d4 : 4a964a26;
000010d5 : 612540f6;
000010d6 : 40188082;
000010d7 : 00c71693;
000010d8 : fe06dde3;
000010d9 : 02500713;
000010da : 4018c058;
000010db : 00c71693;
000010dc : fe06dde3;
000010dd : b7d9c05c;
000010de : 02078793;
000010df : 0ff7f793;
000010e0 : 2583bf59;
000010e1 : 46410008;
000010e2 : 08680811;
000010e3 : f0efc642;
000010e4 : 0868c9cf;
000010e5 : 0a0010ef;
000010e6 : 47a1469d;
000010e7 : 8e894832;
000010e8 : 03000593;
000010e9 : 0b63567d;
000010ea : 401c00f5;
000010eb : 00c79713;
000010ec : fe075de3;
000010ed : 16fdc04c;
000010ee : fec699e3;
000010ef : 01c14683;
000010f0 : 01d10613;
000010f1 : 453545a9;
000010f2 : 8e63dab5;
000010f3 : 401c00b6;
000010f4 : 00c79713;
000010f5 : fe075de3;
000010f6 : c0540605;
000010f7 : fff64683;
000010f8 : 96e3deb1;
000010f9 : 401cfeb6;
000010fa : 00c79713;
000010fb : fe075de3;
000010fc : bff1c048;
000010fd : 00082583;
000010fe : 00480893;
000010ff : 1005cc63;
00001100 : 08684629;
00001101 : f0efc646;
00001102 : 48b2c24f;
00001103 : 01c14683;
00001104 : 884685d6;
00001105 : 0613d68d;
00001106 : 45a901d1;
00001107 : 8e634535;
00001108 : 401c00b6;
00001109 : 00c79713;
0000110a : fe075de3;
0000110b : c0540605;
0000110c : fff64683;
0000110d : 8846f6ed;
0000110e : 401cb711;
0000110f : 00c79713;
00001110 : fe075de3;
00001111 : bff1c048;
00001112 : 00082683;
00001113 : 401c0811;
00001114 : 00c79713;
00001115 : fe075de3;
00001116 : 0ff6f793;
00001117 : 85d6c05c;
00001118 : 2583bdf9;
00001119 : 46290008;
0000111a : 08680811;
0000111b : f0efc642;
0000111c : 4683bbcf;
0000111d : 483201c1;
0000111e : ec0682e3;
0000111f : 061345a9;
00001120 : 453501d1;
00001121 : 00b68f63;
00001122 : 9713401c;
00001123 : 5de300c7;
00001124 : 0605fe07;
00001125 : 4683c054;
00001126 : 81e3fff6;
00001127 : 95e3ea06;
00001128 : 401cfeb6;
00001129 : 00c79713;
0000112a : fe075de3;
0000112b : bfe9c048;
0000112c : 00082583;
0000112d : c6830811;
0000112e : 81e30005;
0000112f : 4629e806;
00001130 : 45350585;
00001131 : 00c68f63;
00001132 : 9713401c;
00001133 : 5de300c7;
00001134 : c054fe07;
00001135 : 0005c683;
00001136 : 81e30585;
00001137 : 95e3e606;
00001138 : 401cfec6;
00001139 : 00c79713;
0000113a : fe075de3;
0000113b : bfe9c048;
0000113c : 01470a63;
0000113d : 9693401c;
0000113e : dde300c7;
0000113f : c058fe06;
00001140 : bd3585b2;
00001141 : 9693401c;
00001142 : dde300c7;
00001143 : 47b5fe06;
00001144 : b7cdc05c;
00001145 : 40b005b3;
00001146 : 9713401c;
00001147 : 5de300c7;
00001148 : 0793fe07;
00001149 : c05c02d0;
0000114a : 7139bde1;
0000114b : 02810313;
0000114c : 861ad432;
0000114d : d636ce06;
0000114e : da3ed83a;
0000114f : de46dc42;
00001150 : 3b9dc61a;
00001151 : 612140f2;
00001152 : 00008082;
00001153 : 4145d693;
00001154 : fe010113;
00001155 : 7ff6f693;
00001156 : 00112e23;
00001157 : c0168813;
00001158 : 01300313;
00001159 : 00058793;
0000115a : 00060893;
0000115b : 00050713;
0000115c : 05034863;
0000115d : 10084663;
0000115e : 001006b7;
0000115f : fff68693;
00001160 : 4106d6b3;
00001161 : 00b6f633;
00001162 : 00a66633;
00001163 : 06061463;
00001164 : 00070613;
00001165 : 00078693;
00001166 : 80000737;
00001167 : 00f777b3;
00001168 : 00c8a023;
00001169 : 00000713;
0000116a : 00d8a223;
0000116b : 01c12083;
0000116c : 00070513;
0000116d : 00078593;
0000116e : 02010113;
0000116f : 00008067;
00001170 : 03300613;
00001171 : 07064663;
00001172 : fff00613;
00001173 : bed68693;
00001174 : 00d656b3;
00001175 : 00a6f633;
00001176 : fa060ce3;
00001177 : fff6c693;
00001178 : 00a6fe33;
00001179 : 00a6f333;
0000117a : 000e0613;
0000117b : 00058693;
0000117c : 0180006f;
0000117d : fff6c693;
0000117e : 00b6f7b3;
0000117f : 00000613;
00001180 : 00078693;
00001181 : 00000313;
00001182 : 00f8a223;
00001183 : 0068a023;
00001184 : 305040ef;
00001185 : 01c12083;
00001186 : 00050713;
00001187 : 00058793;
00001188 : 00070513;
00001189 : 00078593;
0000118a : 02010113;
0000118b : 00008067;
0000118c : 00a8a023;
0000118d : 00b8a223;
0000118e : 00a12623;
0000118f : 00b12223;
00001190 : 01112423;
00001191 : 070000ef;
00001192 : 00412783;
00001193 : 04051c63;
00001194 : 00c12703;
00001195 : 00078693;
00001196 : 00078593;
00001197 : 00070613;
00001198 : 00070513;
00001199 : 2d0030ef;
0000119a : 00812883;
0000119b : 00050713;
0000119c : 00058793;
0000119d : 00a8a023;
0000119e : 00b8a223;
0000119f : f31ff06f;
000011a0 : 01c12083;
000011a1 : 800006b7;
000011a2 : 00b6f6b3;
000011a3 : 00062023;
000011a4 : 00d62223;
000011a5 : 00070513;
000011a6 : 00078593;
000011a7 : 02010113;
000011a8 : 00008067;
000011a9 : 80000737;
000011aa : 00f777b3;
000011ab : 00000713;
000011ac : efdff06f;
000011ad : 00b567b3;
000011ae : 04078e63;
000011af : 80000737;
000011b0 : 00b70733;
000011b1 : 00153793;
000011b2 : 00071663;
000011b3 : 00200513;
000011b4 : 04079463;
000011b5 : 00159713;
000011b6 : 00175713;
000011b7 : fff006b7;
000011b8 : 00d706b3;
000011b9 : 7fe00637;
000011ba : 00400513;
000011bb : 02c6e663;
000011bc : 0145d613;
000011bd : 7ff67613;
000011be : 7ff006b7;
000011bf : 00300513;
000011c0 : 00060c63;
000011c1 : 40d70733;
000011c2 : 00173713;
000011c3 : 00e7f533;
000011c4 : 00008067;
000011c5 : 00200513;
000011c6 : 00008067;
000011c7 : 00050593;
000011c8 : d681a503;
000011c9 : 0100006f;
000011ca : 00050593;
000011cb : d681a503;
000011cc : 6b50006f;
000011cd : fc010113;
000011ce : 02812c23;
000011cf : 02112e23;
000011d0 : 00b58793;
000011d1 : 01600713;
000011d2 : 00050413;
000011d3 : 08f76e63;
000011d4 : 01000693;
000011d5 : 06b6ec63;
000011d6 : 059000ef;
000011d7 : 01000693;
000011d8 : 01800713;
000011d9 : 00200893;
000011da : 80000837;
000011db : 00080813;
000011dc : 00e80733;
000011dd : 00472783;
000011de : ff870613;
000011df : 44c78c63;
000011e0 : 0047a703;
000011e1 : 00c7a603;
000011e2 : 0087a583;
000011e3 : ffc77713;
000011e4 : 00e78733;
000011e5 : 00472683;
000011e6 : 00c5a623;
000011e7 : 00f12623;
000011e8 : 00b62423;
000011e9 : 0016e693;
000011ea : 00040513;
000011eb : 00d72223;
000011ec : 005000ef;
000011ed : 00c12783;
000011ee : 03c12083;
000011ef : 03812403;
000011f0 : 00878513;
000011f1 : 04010113;
000011f2 : 00008067;
000011f3 : 00c00793;
000011f4 : 00f42023;
000011f5 : 00000513;
000011f6 : 03c12083;
000011f7 : 03812403;
000011f8 : 04010113;
000011f9 : 00008067;
000011fa : ff87f693;
000011fb : fe07c0e3;
000011fc : fcb6eee3;
000011fd : 00d12623;
000011fe : 7b8000ef;
000011ff : 00c12683;
00001200 : 1f700793;
00001201 : 4cd7f663;
00001202 : 0096d793;
00001203 : 16078e63;
00001204 : 00400713;
00001205 : 42f76863;
00001206 : 0066d793;
00001207 : 03978893;
00001208 : 03878e13;
00001209 : 00389513;
0000120a : 80000837;
0000120b : 00080813;
0000120c : 00a80533;
0000120d : 00452783;
0000120e : ff850513;
0000120f : 02f50863;
00001210 : 00f00313;
00001211 : 0140006f;
00001212 : 00c7a583;
00001213 : 34065463;
00001214 : 00b50e63;
00001215 : 00058793;
00001216 : 0047a703;
00001217 : ffc77713;
00001218 : 40d70633;
00001219 : fec352e3;
0000121a : 000e0893;
0000121b : 01082783;
0000121c : 80000e37;
0000121d : 008e0e13;
0000121e : 2dc78c63;
0000121f : 0047a703;
00001220 : 00f00593;
00001221 : ffc77713;
00001222 : 40d70633;
00001223 : 46c5cc63;
00001224 : 01c82a23;
00001225 : 01c82823;
00001226 : 44065263;
00001227 : 1ff00613;
00001228 : 00482303;
00001229 : 34e66063;
0000122a : ff877613;
0000122b : 00860613;
0000122c : 00c80633;
0000122d : 00062583;
0000122e : 00575513;
0000122f : 00100713;
00001230 : 00a71733;
00001231 : 00e36333;
00001232 : ff860713;
00001233 : 00b7a423;
00001234 : 00e7a623;
00001235 : 00682223;
00001236 : 00f62023;
00001237 : 00f5a623;
00001238 : 4028d793;
00001239 : 00100513;
0000123a : 00f51533;
0000123b : 0aa36663;
0000123c : 006577b3;
0000123d : 02079463;
0000123e : 00151513;
0000123f : ffc8f893;
00001240 : 006577b3;
00001241 : 00488893;
00001242 : 00079a63;
00001243 : 00151513;
00001244 : 006577b3;
00001245 : 00488893;
00001246 : fe078ae3;
00001247 : 00f00e93;
00001248 : 00389f13;
00001249 : 01e80f33;
0000124a : 000f0313;
0000124b : 00c32703;
0000124c : 00088f93;
0000124d : 32e30a63;
0000124e : 00472603;
0000124f : 00070793;
00001250 : 00c72703;
00001251 : ffc67613;
00001252 : 40d605b3;
00001253 : 32beca63;
00001254 : fe05c2e3;
00001255 : 00c78633;
00001256 : 00462683;
00001257 : 0087a583;
00001258 : 00040513;
00001259 : 0016e693;
0000125a : 00d62223;
0000125b : 00e5a623;
0000125c : 00b72423;
0000125d : 00f12623;
0000125e : 63c000ef;
0000125f : 00c12783;
00001260 : 00878513;
00001261 : e55ff06f;
00001262 : 20000513;
00001263 : 04000893;
00001264 : 03f00e13;
00001265 : e95ff06f;
00001266 : 00882783;
00001267 : 0047a703;
00001268 : ffc77313;
00001269 : 40d30633;
0000126a : 00d36663;
0000126b : 01062713;
0000126c : 1a070463;
0000126d : da01a583;
0000126e : d601a603;
0000126f : fff00713;
00001270 : 00b685b3;
00001271 : 42e60463;
00001272 : 00001737;
00001273 : 00f70713;
00001274 : 00e585b3;
00001275 : fffff737;
00001276 : 00e5f5b3;
00001277 : 00040513;
00001278 : 01012e23;
00001279 : 00f12c23;
0000127a : 00d12a23;
0000127b : 00612823;
0000127c : 00b12623;
0000127d : 6b8000ef;
0000127e : fff00713;
0000127f : 00c12583;
00001280 : 01012303;
00001281 : 01412683;
00001282 : 01812783;
00001283 : 01c12803;
00001284 : 00050e13;
00001285 : 34e50663;
00001286 : 00678733;
00001287 : 34e56063;
00001288 : eac18e93;
00001289 : 000ea603;
0000128a : 00c58633;
0000128b : 00cea023;
0000128c : 48a70a63;
0000128d : d601af03;
0000128e : fff00513;
0000128f : 4aaf0263;
00001290 : 40ee0733;
00001291 : 00c70733;
00001292 : 00eea023;
00001293 : 007e7f13;
00001294 : 3a0f0e63;
00001295 : ff8e7e13;
00001296 : 000018b7;
00001297 : 008e0e13;
00001298 : 00888893;
00001299 : 00be0633;
0000129a : 41e885b3;
0000129b : 40c585b3;
0000129c : 01459593;
0000129d : 0145d593;
0000129e : 00040513;
0000129f : 03012623;
000012a0 : 03d12423;
000012a1 : 02f12223;
000012a2 : 02d12023;
000012a3 : 00612e23;
000012a4 : 01c12c23;
000012a5 : 01e12a23;
000012a6 : 00c12823;
000012a7 : 00b12623;
000012a8 : 60c000ef;
000012a9 : 00050713;
000012aa : fff00513;
000012ab : 00c12583;
000012ac : 01012603;
000012ad : 01412f03;
000012ae : 01812e03;
000012af : 01c12303;
000012b0 : 02012683;
000012b1 : 02412783;
000012b2 : 02812e83;
000012b3 : 02c12803;
000012b4 : 44a70e63;
000012b5 : 000ea603;
000012b6 : 41c70733;
000012b7 : 00b70733;
000012b8 : 00176713;
000012b9 : 01c82423;
000012ba : 00c58633;
000012bb : 00ee2223;
000012bc : 00cea023;
000012bd : 03078e63;
000012be : 00f00513;
000012bf : 3e657663;
000012c0 : 0047a583;
000012c1 : ff430713;
000012c2 : ff877713;
000012c3 : 0015f593;
000012c4 : 00e5e5b3;
000012c5 : 00b7a223;
000012c6 : 00500893;
000012c7 : 00e785b3;
000012c8 : 0115a223;
000012c9 : 0115a423;
000012ca : 40e56a63;
000012cb : 004e2703;
000012cc : d9c1a583;
000012cd : 00c5f463;
000012ce : d8c1ae23;
000012cf : d981a583;
000012d0 : 00c5f463;
000012d1 : d8c1ac23;
000012d2 : 000e0793;
000012d3 : 21c0006f;
000012d4 : 00482303;
000012d5 : d8dff06f;
000012d6 : 0016e713;
000012d7 : 00e7a223;
000012d8 : 00d786b3;
000012d9 : 00166613;
000012da : 00d82423;
000012db : 00040513;
000012dc : 00c6a223;
000012dd : 00f12623;
000012de : 43c000ef;
000012df : 00c12783;
000012e0 : 03c12083;
000012e1 : 03812403;
000012e2 : 00878513;
000012e3 : 04010113;
000012e4 : 00008067;
000012e5 : 0087a603;
000012e6 : 00e78733;
000012e7 : 00472683;
000012e8 : 00b62623;
000012e9 : 00f12623;
000012ea : 0016e693;
000012eb : 00c5a423;
000012ec : 00040513;
000012ed : 00d72223;
000012ee : 3fc000ef;
000012ef : 00c12783;
000012f0 : 03c12083;
000012f1 : 03812403;
000012f2 : 00878513;
000012f3 : 04010113;
000012f4 : 00008067;
000012f5 : 00c72783;
000012f6 : 00288893;
000012f7 : c8f708e3;
000012f8 : ba1ff06f;
000012f9 : 00975613;
000012fa : 00400593;
000012fb : 14c5fe63;
000012fc : 01400593;
000012fd : 28c5e263;
000012fe : 05c60513;
000012ff : 00351513;
00001300 : 05b60593;
00001301 : 00a80533;
00001302 : 00052603;
00001303 : ff850513;
00001304 : 00c51863;
00001305 : 1e00006f;
00001306 : 00862603;
00001307 : 00c50863;
00001308 : 00462583;
00001309 : ffc5f593;
0000130a : feb768e3;
0000130b : 00c62503;
0000130c : 00a7a623;
0000130d : 00c7a423;
0000130e : 00f52423;
0000130f : 00f62623;
00001310 : ca1ff06f;
00001311 : 01400713;
00001312 : 14f77063;
00001313 : 05400713;
00001314 : 24f76263;
00001315 : 00c6d793;
00001316 : 06f78893;
00001317 : 06e78e13;
00001318 : 00389513;
00001319 : bc5ff06f;
0000131a : 001f8f93;
0000131b : 003ff793;
0000131c : 00830313;
0000131d : 12078863;
0000131e : 00c32703;
0000131f : cb9ff06f;
00001320 : 0087a503;
00001321 : 0016e893;
00001322 : 0117a223;
00001323 : 00e52623;
00001324 : 00a72423;
00001325 : 00d786b3;
00001326 : 00d82a23;
00001327 : 00d82823;
00001328 : 0015e713;
00001329 : 00c78633;
0000132a : 01c6a623;
0000132b : 01c6a423;
0000132c : 00e6a223;
0000132d : 00040513;
0000132e : 00b62023;
0000132f : 00f12623;
00001330 : 2f4000ef;
00001331 : 00c12783;
00001332 : 00878513;
00001333 : b0dff06f;
00001334 : 0036d893;
00001335 : 00868713;
00001336 : a91ff06f;
00001337 : 00e78733;
00001338 : 00472683;
00001339 : 00f12623;
0000133a : 00040513;
0000133b : 0016e693;
0000133c : 00d72223;
0000133d : 2c0000ef;
0000133e : 00c12783;
0000133f : 00878513;
00001340 : ad9ff06f;
00001341 : 0016e593;
00001342 : 00b7a223;
00001343 : 00d786b3;
00001344 : 00d82a23;
00001345 : 00d82823;
00001346 : 00166593;
00001347 : 00e78733;
00001348 : 01c6a623;
00001349 : 01c6a423;
0000134a : 00b6a223;
0000134b : 00040513;
0000134c : 00c72023;
0000134d : 00f12623;
0000134e : 27c000ef;
0000134f : 00c12783;
00001350 : 00878513;
00001351 : a95ff06f;
00001352 : 00675613;
00001353 : 03960513;
00001354 : 00351513;
00001355 : 03860593;
00001356 : eadff06f;
00001357 : 15078a63;
00001358 : 00882783;
00001359 : 0047a703;
0000135a : ffc77713;
0000135b : 40d70633;
0000135c : 00d76663;
0000135d : 01062713;
0000135e : de0700e3;
0000135f : 00040513;
00001360 : 234000ef;
00001361 : a51ff06f;
00001362 : 05c78893;
00001363 : 05b78e13;
00001364 : 00389513;
00001365 : a95ff06f;
00001366 : 008f2783;
00001367 : fff88893;
00001368 : 21e79463;
00001369 : 0038f793;
0000136a : ff8f0f13;
0000136b : fe0796e3;
0000136c : 00482703;
0000136d : fff54793;
0000136e : 00e7f7b3;
0000136f : 00f82223;
00001370 : 00151513;
00001371 : fff50713;
00001372 : bcf778e3;
00001373 : 00f57733;
00001374 : 00071a63;
00001375 : 00151513;
00001376 : 00f57733;
00001377 : 004f8f93;
00001378 : fe070ae3;
00001379 : 000f8893;
0000137a : b39ff06f;
0000137b : 01058593;
0000137c : bedff06f;
0000137d : 4025d593;
0000137e : 00100713;
0000137f : 00b71733;
00001380 : 00e36333;
00001381 : 00682223;
00001382 : e29ff06f;
00001383 : 00be0633;
00001384 : 40c005b3;
00001385 : 01459593;
00001386 : 0145d593;
00001387 : 00040513;
00001388 : 03012423;
00001389 : 03d12223;
0000138a : 02f12023;
0000138b : 00d12e23;
0000138c : 00612c23;
0000138d : 01c12a23;
0000138e : 00b12623;
0000138f : 00c12823;
00001390 : 26c000ef;
00001391 : 00050713;
00001392 : fff00513;
00001393 : 00c12583;
00001394 : 01412e03;
00001395 : 01812303;
00001396 : 01c12683;
00001397 : 02012783;
00001398 : 02412e83;
00001399 : 02812803;
0000139a : c6a716e3;
0000139b : 01012703;
0000139c : 00000593;
0000139d : c61ff06f;
0000139e : 05400593;
0000139f : 06c5ec63;
000013a0 : 00c75613;
000013a1 : 06f60513;
000013a2 : 00351513;
000013a3 : 06e60593;
000013a4 : d75ff06f;
000013a5 : 15400713;
000013a6 : 06f76c63;
000013a7 : 00f6d793;
000013a8 : 07878893;
000013a9 : 07778e13;
000013aa : 00389513;
000013ab : 97dff06f;
000013ac : eac18e93;
000013ad : 000ea603;
000013ae : 00c58633;
000013af : 00cea023;
000013b0 : b75ff06f;
000013b1 : 01451513;
000013b2 : b60516e3;
000013b3 : 00882e03;
000013b4 : 00b305b3;
000013b5 : 0015e713;
000013b6 : 00ee2223;
000013b7 : c55ff06f;
000013b8 : d7c1a023;
000013b9 : b69ff06f;
000013ba : 00100793;
000013bb : 00fe2223;
000013bc : e8dff06f;
000013bd : 15400593;
000013be : 06c5ec63;
000013bf : 00f75613;
000013c0 : 07860513;
000013c1 : 00351513;
000013c2 : 07760593;
000013c3 : cf9ff06f;
000013c4 : 55400713;
000013c5 : 06f76c63;
000013c6 : 0126d793;
000013c7 : 07d78893;
000013c8 : 07c78e13;
000013c9 : 00389513;
000013ca : 901ff06f;
000013cb : ff8f0f13;
000013cc : 01e60733;
000013cd : 00000593;
000013ce : b9dff06f;
000013cf : 00878593;
000013d0 : 00040513;
000013d1 : 01012a23;
000013d2 : 01d12823;
000013d3 : 00d12623;
000013d4 : 694000ef;
000013d5 : 01412803;
000013d6 : 01012e83;
000013d7 : 00c12683;
000013d8 : 00882e03;
000013d9 : 000ea603;
000013da : 004e2703;
000013db : bc5ff06f;
000013dc : 55400593;
000013dd : 02c5e463;
000013de : 01275613;
000013df : 07d60513;
000013e0 : 00351513;
000013e1 : 07c60593;
000013e2 : c7dff06f;
000013e3 : 3f800513;
000013e4 : 07f00893;
000013e5 : 07e00e13;
000013e6 : 891ff06f;
000013e7 : 3f800513;
000013e8 : 07e00593;
000013e9 : c61ff06f;
000013ea : 00482783;
000013eb : e15ff06f;
000013ec : 00008067;
000013ed : 00008067;
000013ee : d681a783;
000013ef : 00050593;
000013f0 : 0087a603;
000013f1 : 00078513;
000013f2 : 0740106f;
000013f3 : fc010113;
000013f4 : 02812c23;
000013f5 : 00050413;
000013f6 : 00058513;
000013f7 : 00b12623;
000013f8 : 02112e23;
000013f9 : 450000ef;
000013fa : 00c12583;
000013fb : 0000a7b7;
000013fc : 03442703;
000013fd : 00150893;
000013fe : 1e078793;
000013ff : 00100813;
00001400 : 02010613;
00001401 : 00200693;
00001402 : 02b12023;
00001403 : 02a12223;
00001404 : 01112e23;
00001405 : 02f12423;
00001406 : 03012623;
00001407 : 00c12a23;
00001408 : 00d12c23;
00001409 : 00842583;
0000140a : 04070e63;
0000140b : 00c59703;
0000140c : 0645a783;
0000140d : 00002637;
0000140e : 01271693;
0000140f : 0006ce63;
00001410 : ffffe6b7;
00001411 : fff68693;
00001412 : 00c76733;
00001413 : 00d7f7b3;
00001414 : 00e59623;
00001415 : 06f5a223;
00001416 : 01279713;
00001417 : 02074e63;
00001418 : 00040513;
00001419 : 01410613;
0000141a : 25d000ef;
0000141b : 02051663;
0000141c : 00a00513;
0000141d : 03c12083;
0000141e : 03812403;
0000141f : 04010113;
00001420 : 00008067;
00001421 : 00040513;
00001422 : 00b12623;
00001423 : 20d000ef;
00001424 : 00c12583;
00001425 : f99ff06f;
00001426 : fff00513;
00001427 : fd9ff06f;
00001428 : 00050593;
00001429 : d681a503;
0000142a : f25ff06f;
0000142b : ff010113;
0000142c : 00812423;
0000142d : 00912223;
0000142e : 00050493;
0000142f : 00058513;
00001430 : 00112623;
00001431 : da01a223;
00001432 : a4dfe0ef;
00001433 : fff00793;
00001434 : 00f50c63;
00001435 : 00c12083;
00001436 : 00812403;
00001437 : 00412483;
00001438 : 01010113;
00001439 : 00008067;
0000143a : da41a783;
0000143b : fe0784e3;
0000143c : 00c12083;
0000143d : 00812403;
0000143e : 00f4a023;
0000143f : 00412483;
00001440 : 01010113;
00001441 : 00008067;
00001442 : 02a5f663;
00001443 : 00c587b3;
00001444 : 02f57263;
00001445 : 04060863;
00001446 : 00c50633;
00001447 : fff7c703;
00001448 : fff60613;
00001449 : fff78793;
0000144a : 00e60023;
0000144b : fec518e3;
0000144c : 00008067;
0000144d : 00f00793;
0000144e : 02c7e863;
0000144f : 00050793;
00001450 : fff60693;
00001451 : 0e060063;
00001452 : 00168693;
00001453 : 00d786b3;
00001454 : 0005c703;
00001455 : 00178793;
00001456 : 00158593;
00001457 : fee78fa3;
00001458 : fed798e3;
00001459 : 00008067;
0000145a : 00b567b3;
0000145b : 0037f793;
0000145c : 00058893;
0000145d : 0a079263;
0000145e : 00465793;
0000145f : 00479813;
00001460 : 01050833;
00001461 : fff78793;
00001462 : 00050713;
00001463 : 0005a683;
00001464 : 01058593;
00001465 : 01070713;
00001466 : fed72823;
00001467 : ff45a683;
00001468 : fed72a23;
00001469 : ff85a683;
0000146a : fed72c23;
0000146b : ffc5a683;
0000146c : fed72e23;
0000146d : fd071ce3;
0000146e : 00479793;
0000146f : 01178733;
00001470 : 01070593;
00001471 : 00f507b3;
00001472 : 00c67813;
00001473 : 01078793;
00001474 : 00058e13;
00001475 : 00f67693;
00001476 : 04080863;
00001477 : ffc68693;
00001478 : ffc6f693;
00001479 : 00d70733;
0000147a : 01470713;
0000147b : 41150833;
0000147c : 0005a303;
0000147d : 010588b3;
0000147e : 00458593;
0000147f : 0068a023;
00001480 : fee598e3;
00001481 : 00468713;
00001482 : 01c705b3;
00001483 : 00f707b3;
00001484 : 00367613;
00001485 : f2dff06f;
00001486 : fff60693;
00001487 : 00050793;
00001488 : f29ff06f;
00001489 : 00008067;
0000148a : 00068613;
0000148b : f15ff06f;
0000148c : 00f00313;
0000148d : 00050713;
0000148e : 02c37e63;
0000148f : 00f77793;
00001490 : 0a079063;
00001491 : 08059263;
00001492 : ff067693;
00001493 : 00f67613;
00001494 : 00e686b3;
00001495 : 00b72023;
00001496 : 00b72223;
00001497 : 00b72423;
00001498 : 00b72623;
00001499 : 01070713;
0000149a : fed766e3;
0000149b : 00061463;
0000149c : 00008067;
0000149d : 40c306b3;
0000149e : 00269693;
0000149f : 00000297;
000014a0 : 005686b3;
000014a1 : 00c68067;
000014a2 : 00b70723;
000014a3 : 00b706a3;
000014a4 : 00b70623;
000014a5 : 00b705a3;
000014a6 : 00b70523;
000014a7 : 00b704a3;
000014a8 : 00b70423;
000014a9 : 00b703a3;
000014aa : 00b70323;
000014ab : 00b702a3;
000014ac : 00b70223;
000014ad : 00b701a3;
000014ae : 00b70123;
000014af : 00b700a3;
000014b0 : 00b70023;
000014b1 : 00008067;
000014b2 : 0ff5f593;
000014b3 : 00859693;
000014b4 : 00d5e5b3;
000014b5 : 01059693;
000014b6 : 00d5e5b3;
000014b7 : f6dff06f;
000014b8 : 00279693;
000014b9 : 00000297;
000014ba : 005686b3;
000014bb : 00008293;
000014bc : fa0680e7;
000014bd : 00028093;
000014be : ff078793;
000014bf : 40f70733;
000014c0 : 00f60633;
000014c1 : f6c378e3;
000014c2 : f3dff06f;
000014c3 : 00a5c7b3;
000014c4 : 0037f793;
000014c5 : 00c508b3;
000014c6 : 06079663;
000014c7 : 00463613;
000014c8 : 06061263;
000014c9 : 00357793;
000014ca : 00050713;
000014cb : 0c079a63;
000014cc : ffc8f613;
000014cd : 40e606b3;
000014ce : 02000793;
000014cf : 06d7c463;
000014d0 : 00058693;
000014d1 : 00070793;
000014d2 : 02c77a63;
000014d3 : 0006a803;
000014d4 : 00478793;
000014d5 : 00468693;
000014d6 : ff07ae23;
000014d7 : fec7e8e3;
000014d8 : fff60613;
000014d9 : 40e60633;
000014da : ffc67613;
000014db : 00458593;
000014dc : 00470713;
000014dd : 00c585b3;
000014de : 00c70733;
000014df : 01176863;
000014e0 : 00008067;
000014e1 : 00050713;
000014e2 : ff157ce3;
000014e3 : 0005c783;
000014e4 : 00170713;
000014e5 : 00158593;
000014e6 : fef70fa3;
000014e7 : fee898e3;
000014e8 : 00008067;
000014e9 : 0005a683;
000014ea : 0045a283;
000014eb : 0085af83;
000014ec : 00c5af03;
000014ed : 0105ae83;
000014ee : 0145ae03;
000014ef : 0185a303;
000014f0 : 01c5a803;
000014f1 : 00d72023;
000014f2 : 0205a683;
000014f3 : 02470713;
000014f4 : fe572023;
000014f5 : fed72e23;
000014f6 : fff72223;
000014f7 : 40e606b3;
000014f8 : ffe72423;
000014f9 : ffd72623;
000014fa : ffc72823;
000014fb : fe672a23;
000014fc : ff072c23;
000014fd : 02458593;
000014fe : fad7c6e3;
000014ff : f45ff06f;
00001500 : 0005c683;
00001501 : 00170713;
00001502 : 00377793;
00001503 : fed70fa3;
00001504 : 00158593;
00001505 : f0078ee3;
00001506 : 0005c683;
00001507 : 00170713;
00001508 : 00377793;
00001509 : fed70fa3;
0000150a : 00158593;
0000150b : fc079ae3;
0000150c : f01ff06f;
0000150d : 00357793;
0000150e : 00050713;
0000150f : 04079c63;
00001510 : 7f7f86b7;
00001511 : f7f68693;
00001512 : fff00593;
00001513 : 00072603;
00001514 : 00470713;
00001515 : 00d677b3;
00001516 : 00d787b3;
00001517 : 00c7e7b3;
00001518 : 00d7e7b3;
00001519 : feb784e3;
0000151a : ffc74683;
0000151b : 40a707b3;
0000151c : 04068463;
0000151d : ffd74683;
0000151e : 02068c63;
0000151f : ffe74503;
00001520 : 00a03533;
00001521 : 00f50533;
00001522 : ffe50513;
00001523 : 00008067;
00001524 : fa0688e3;
00001525 : 00074783;
00001526 : 00170713;
00001527 : 00377693;
00001528 : fe0798e3;
00001529 : 40a70733;
0000152a : fff70513;
0000152b : 00008067;
0000152c : ffd78513;
0000152d : 00008067;
0000152e : ffc78513;
0000152f : 00008067;
00001530 : fe010113;
00001531 : 01212823;
00001532 : 80000937;
00001533 : 00812c23;
00001534 : 00912a23;
00001535 : 01312623;
00001536 : 00058413;
00001537 : 00112e23;
00001538 : 00050993;
00001539 : 00090913;
0000153a : ac9ff0ef;
0000153b : 00892783;
0000153c : 00001737;
0000153d : 0047a483;
0000153e : ffc4f493;
0000153f : 7ff48793;
00001540 : 7f078793;
00001541 : 40878433;
00001542 : 00c45413;
00001543 : fff40413;
00001544 : 00c41413;
00001545 : 00e44e63;
00001546 : 00000593;
00001547 : 00098513;
00001548 : b8dff0ef;
00001549 : 00892783;
0000154a : 009787b3;
0000154b : 02f50663;
0000154c : 00098513;
0000154d : a81ff0ef;
0000154e : 01c12083;
0000154f : 01812403;
00001550 : 01412483;
00001551 : 01012903;
00001552 : 00c12983;
00001553 : 00000513;
00001554 : 02010113;
00001555 : 00008067;
00001556 : 408005b3;
00001557 : 00098513;
00001558 : b4dff0ef;
00001559 : fff00793;
0000155a : 04f50463;
0000155b : 00892683;
0000155c : eac1a783;
0000155d : 408484b3;
0000155e : 0014e493;
0000155f : 00098513;
00001560 : 408787b3;
00001561 : 0096a223;
00001562 : eaf1a623;
00001563 : a29ff0ef;
00001564 : 01c12083;
00001565 : 01812403;
00001566 : 01412483;
00001567 : 01012903;
00001568 : 00c12983;
00001569 : 00100513;
0000156a : 02010113;
0000156b : 00008067;
0000156c : 00000593;
0000156d : 00098513;
0000156e : af5ff0ef;
0000156f : 00892703;
00001570 : 00f00693;
00001571 : 40e507b3;
00001572 : f6f6d4e3;
00001573 : d601a603;
00001574 : 0017e793;
00001575 : 40c50533;
00001576 : 00f72223;
00001577 : eaa1a623;
00001578 : f51ff06f;
00001579 : 12058463;
0000157a : fe010113;
0000157b : 00812c23;
0000157c : 00b12623;
0000157d : 00050413;
0000157e : 00112e23;
0000157f : 9b5ff0ef;
00001580 : 00c12583;
00001581 : 80000837;
00001582 : 00080813;
00001583 : ffc5a503;
00001584 : ff858713;
00001585 : 00882883;
00001586 : ffe57793;
00001587 : 00f70633;
00001588 : 00462683;
00001589 : 00157313;
0000158a : ffc6f693;
0000158b : 18c88863;
0000158c : 00d62223;
0000158d : 00d608b3;
0000158e : 0048a883;
0000158f : 0018f893;
00001590 : 08031a63;
00001591 : ff85a303;
00001592 : 800005b7;
00001593 : 00858593;
00001594 : 40670733;
00001595 : 00872503;
00001596 : 006787b3;
00001597 : 12b50a63;
00001598 : 00c72303;
00001599 : 00652623;
0000159a : 00a32423;
0000159b : 18088c63;
0000159c : 0017e693;
0000159d : 00d72223;
0000159e : 00f62023;
0000159f : 1ff00693;
000015a0 : 0af6e263;
000015a1 : ff87f693;
000015a2 : 00868693;
000015a3 : 00482583;
000015a4 : 00d806b3;
000015a5 : 0006a603;
000015a6 : 0057d513;
000015a7 : 00100793;
000015a8 : 00a797b3;
000015a9 : 00b7e7b3;
000015aa : ff868593;
000015ab : 00c72423;
000015ac : 00b72623;
000015ad : 00f82223;
000015ae : 00e6a023;
000015af : 00e62623;
000015b0 : 00040513;
000015b1 : 01812403;
000015b2 : 01c12083;
000015b3 : 02010113;
000015b4 : 8e5ff06f;
000015b5 : 02089e63;
000015b6 : 800005b7;
000015b7 : 00d787b3;
000015b8 : 00858593;
000015b9 : 00862683;
000015ba : 0017e893;
000015bb : 00f70533;
000015bc : 16b68063;
000015bd : 00c62603;
000015be : 00c6a623;
000015bf : 00d62423;
000015c0 : 01172223;
000015c1 : 00f52023;
000015c2 : f75ff06f;
000015c3 : 00008067;
000015c4 : 00156513;
000015c5 : fea5ae23;
000015c6 : 00f62023;
000015c7 : 1ff00693;
000015c8 : f6f6f2e3;
000015c9 : 0097d693;
000015ca : 00400613;
000015cb : 0ed66063;
000015cc : 0067d693;
000015cd : 03968593;
000015ce : 00359593;
000015cf : 03868613;
000015d0 : 00b805b3;
000015d1 : 0005a683;
000015d2 : ff858593;
000015d3 : 00d59863;
000015d4 : 11c0006f;
000015d5 : 0086a683;
000015d6 : 00d58863;
000015d7 : 0046a603;
000015d8 : ffc67613;
000015d9 : fec7e8e3;
000015da : 00c6a583;
000015db : 00b72623;
000015dc : 00d72423;
000015dd : 00040513;
000015de : 01812403;
000015df : 01c12083;
000015e0 : 00e5a423;
000015e1 : 00e6a623;
000015e2 : 02010113;
000015e3 : 829ff06f;
000015e4 : 0a089063;
000015e5 : 00c62583;
000015e6 : 00862603;
000015e7 : 00f686b3;
000015e8 : 0016e793;
000015e9 : 00b62623;
000015ea : 00c5a423;
000015eb : 00f72223;
000015ec : 00d70733;
000015ed : 00d72023;
000015ee : f09ff06f;
000015ef : 00d786b3;
000015f0 : 02031063;
000015f1 : ff85a783;
000015f2 : 40f70733;
000015f3 : 00872603;
000015f4 : 00f686b3;
000015f5 : 00c72783;
000015f6 : 00f62623;
000015f7 : 00c7a423;
000015f8 : 0016e613;
000015f9 : d641a783;
000015fa : 00c72223;
000015fb : 00e82423;
000015fc : ecf6e8e3;
000015fd : da01a583;
000015fe : 00040513;
000015ff : cc5ff0ef;
00001600 : ec1ff06f;
00001601 : 00d787b3;
00001602 : eddff06f;
00001603 : 01400613;
00001604 : 02d67863;
00001605 : 05400613;
00001606 : 06d66863;
00001607 : 00c7d693;
00001608 : 06f68593;
00001609 : 00359593;
0000160a : 06e68613;
0000160b : f15ff06f;
0000160c : 0017e693;
0000160d : 00d72223;
0000160e : 00f62023;
0000160f : e85ff06f;
00001610 : 05c68593;
00001611 : 00359593;
00001612 : 05b68613;
00001613 : ef5ff06f;
00001614 : 00e82a23;
00001615 : 00e82823;
00001616 : 00b72623;
00001617 : 00b72423;
00001618 : 01172223;
00001619 : 00f52023;
0000161a : e59ff06f;
0000161b : 00482503;
0000161c : 40265613;
0000161d : 00100793;
0000161e : 00c797b3;
0000161f : 00a7e7b3;
00001620 : 00f82223;
00001621 : ee9ff06f;
00001622 : 15400613;
00001623 : 00d66c63;
00001624 : 00f7d693;
00001625 : 07868593;
00001626 : 00359593;
00001627 : 07768613;
00001628 : ea1ff06f;
00001629 : 55400613;
0000162a : 00d66c63;
0000162b : 0127d693;
0000162c : 07d68593;
0000162d : 00359593;
0000162e : 07c68613;
0000162f : e85ff06f;
00001630 : 3f800593;
00001631 : 07e00613;
00001632 : e79ff06f;
00001633 : 000075b7;
00001634 : d4818613;
00001635 : d7858593;
00001636 : c0818513;
00001637 : 6ac0006f;
00001638 : 00452583;
00001639 : ff010113;
0000163a : 00812423;
0000163b : 00112623;
0000163c : ed418793;
0000163d : 00050413;
0000163e : 00f58463;
0000163f : 47c010ef;
00001640 : 00842583;
00001641 : f3c18793;
00001642 : 00f58663;
00001643 : 00040513;
00001644 : 468010ef;
00001645 : 00c42583;
00001646 : fa418793;
00001647 : 00f58c63;
00001648 : 00040513;
00001649 : 00812403;
0000164a : 00c12083;
0000164b : 01010113;
0000164c : 4480106f;
0000164d : 00c12083;
0000164e : 00812403;
0000164f : 01010113;
00001650 : 00008067;
00001651 : fe010113;
00001652 : 000067b7;
00001653 : 00812c23;
00001654 : 8cc78793;
00001655 : ed418413;
00001656 : 00112e23;
00001657 : 00912a23;
00001658 : 01212823;
00001659 : 01312623;
0000165a : 01412423;
0000165b : daf1a423;
0000165c : 00800613;
0000165d : 00400793;
0000165e : 00000593;
0000165f : f3018513;
00001660 : 00f42623;
00001661 : 00042023;
00001662 : 00042223;
00001663 : 00042423;
00001664 : 06042223;
00001665 : 00042823;
00001666 : 00042a23;
00001667 : 00042c23;
00001668 : 891ff0ef;
00001669 : 00006a37;
0000166a : 000069b7;
0000166b : 00006937;
0000166c : 000064b7;
0000166d : 000107b7;
0000166e : 108a0a13;
0000166f : 16498993;
00001670 : 1ec90913;
00001671 : 25048493;
00001672 : 00978793;
00001673 : 00800613;
00001674 : 00000593;
00001675 : f9818513;
00001676 : 06f42a23;
00001677 : 03442023;
00001678 : 03342223;
00001679 : 03242423;
0000167a : 02942623;
0000167b : 00842e23;
0000167c : 06042423;
0000167d : 06042623;
0000167e : 06042823;
0000167f : 0c042623;
00001680 : 06042c23;
00001681 : 06042e23;
00001682 : 08042023;
00001683 : 825ff0ef;
00001684 : 000207b7;
00001685 : 01278793;
00001686 : f3c18713;
00001687 : 00018513;
00001688 : 00800613;
00001689 : 00000593;
0000168a : 09442423;
0000168b : 09342623;
0000168c : 09242823;
0000168d : 08942a23;
0000168e : 0cf42e23;
0000168f : 0c042823;
00001690 : 0c042a23;
00001691 : 0c042c23;
00001692 : 12042a23;
00001693 : 0e042023;
00001694 : 0e042223;
00001695 : 0e042423;
00001696 : 08e42223;
00001697 : fd4ff0ef;
00001698 : fa418793;
00001699 : 0f442823;
0000169a : 0f342a23;
0000169b : 0f242c23;
0000169c : 0e942e23;
0000169d : 01c12083;
0000169e : 0ef42623;
0000169f : 01812403;
000016a0 : 01412483;
000016a1 : 01012903;
000016a2 : 00c12983;
000016a3 : 00812a03;
000016a4 : 02010113;
000016a5 : 00008067;
000016a6 : 03452783;
000016a7 : 00078463;
000016a8 : 00008067;
000016a9 : 000067b7;
000016aa : da81a703;
000016ab : 8e078793;
000016ac : 02f52a23;
000016ad : fe0716e3;
000016ae : e8dff06f;
000016af : 00008067;
000016b0 : 00008067;
000016b1 : 00862783;
000016b2 : 22078c63;
000016b3 : 00c59683;
000016b4 : fc010113;
000016b5 : 02812c23;
000016b6 : 03412423;
000016b7 : 03512223;
000016b8 : 02112e23;
000016b9 : 0086f793;
000016ba : 00058413;
000016bb : 00050a93;
000016bc : 00060a13;
000016bd : 0a078463;
000016be : 0105a783;
000016bf : 0a078063;
000016c0 : 02912a23;
000016c1 : 03212823;
000016c2 : 03312623;
000016c3 : 03612023;
000016c4 : 0026f793;
000016c5 : 000a2483;
000016c6 : 0a078a63;
000016c7 : 80000b37;
000016c8 : c00b0b13;
000016c9 : 00000993;
000016ca : 00000913;
000016cb : 00098613;
000016cc : 000a8513;
000016cd : 1a090e63;
000016ce : 00090693;
000016cf : 012b7663;
000016d0 : 800006b7;
000016d1 : c0068693;
000016d2 : 02442783;
000016d3 : 01c42583;
000016d4 : 000780e7;
000016d5 : 40a05a63;
000016d6 : 008a2783;
000016d7 : 00a989b3;
000016d8 : 40a90933;
000016d9 : 40a787b3;
000016da : 00fa2423;
000016db : fc0790e3;
000016dc : 03412483;
000016dd : 03012903;
000016de : 02c12983;
000016df : 02012b03;
000016e0 : 00000513;
000016e1 : 03c12083;
000016e2 : 03812403;
000016e3 : 02812a03;
000016e4 : 02412a83;
000016e5 : 04010113;
000016e6 : 00008067;
000016e7 : 00040593;
000016e8 : 000a8513;
000016e9 : 009000ef;
000016ea : 26051663;
000016eb : 00c41683;
000016ec : 02912a23;
000016ed : 03212823;
000016ee : 03312623;
000016ef : 03612023;
000016f0 : 0026f793;
000016f1 : 000a2483;
000016f2 : f4079ae3;
000016f3 : 01712e23;
000016f4 : 01812c23;
000016f5 : 0016f793;
000016f6 : 12079863;
000016f7 : 00042783;
000016f8 : 80000737;
000016f9 : fff70c13;
000016fa : 00000b13;
000016fb : 00000993;
000016fc : 0e098863;
000016fd : 2006f713;
000016fe : 00842903;
000016ff : 00078513;
00001700 : 20070e63;
00001701 : 00090b93;
00001702 : 2d29e263;
00001703 : 4806f713;
00001704 : 08070c63;
00001705 : 01442603;
00001706 : 01042583;
00001707 : 00161713;
00001708 : 00c70733;
00001709 : 01f75913;
0000170a : 40b78bb3;
0000170b : 00e90933;
0000170c : 001b8793;
0000170d : 40195913;
0000170e : 013787b3;
0000170f : 00090613;
00001710 : 00f97663;
00001711 : 00078913;
00001712 : 00078613;
00001713 : 4006f693;
00001714 : 2c068463;
00001715 : 00060593;
00001716 : 000a8513;
00001717 : ad9fe0ef;
00001718 : 30050863;
00001719 : 01042583;
0000171a : 000b8613;
0000171b : 00a12623;
0000171c : e9cff0ef;
0000171d : 00c45783;
0000171e : 00c12703;
0000171f : b7f7f793;
00001720 : 0807e793;
00001721 : 00f41623;
00001722 : 417907b3;
00001723 : 01770533;
00001724 : 01242a23;
00001725 : 00e42823;
00001726 : 00a42023;
00001727 : 00f42423;
00001728 : 00098913;
00001729 : 00098b93;
0000172a : 000b0593;
0000172b : 000b8613;
0000172c : c58ff0ef;
0000172d : 00842703;
0000172e : 00042783;
0000172f : 41270733;
00001730 : 00e42423;
00001731 : 008a2703;
00001732 : 017787b3;
00001733 : 00f42023;
00001734 : 41370733;
00001735 : 00ea2423;
00001736 : 28070263;
00001737 : 00c41683;
00001738 : 0004ab03;
00001739 : 0044a983;
0000173a : 00848493;
0000173b : f05ff06f;
0000173c : 0004a983;
0000173d : 0044a903;
0000173e : 00848493;
0000173f : e31ff06f;
00001740 : 00000513;
00001741 : 00008067;
00001742 : 00000b13;
00001743 : 00000b93;
00001744 : 00000513;
00001745 : 00000c13;
00001746 : 060b0e63;
00001747 : 08050663;
00001748 : 000b8793;
00001749 : 000b0993;
0000174a : 0167f463;
0000174b : 00078993;
0000174c : 01442683;
0000174d : 00842903;
0000174e : 00042503;
0000174f : 01042783;
00001750 : 01268933;
00001751 : 00a7f463;
00001752 : 09394063;
00001753 : 1ad9c063;
00001754 : 02442783;
00001755 : 01c42583;
00001756 : 000c0613;
00001757 : 000a8513;
00001758 : 000780e7;
00001759 : 00050913;
0000175a : 08a05463;
0000175b : 412b8bb3;
0000175c : 00100513;
0000175d : 160b8263;
0000175e : 008a2783;
0000175f : 412787b3;
00001760 : 00fa2423;
00001761 : 1c078c63;
00001762 : 412b0b33;
00001763 : 012c0c33;
00001764 : f80b16e3;
00001765 : 0044ab03;
00001766 : 00048793;
00001767 : 00848493;
00001768 : fe0b0ae3;
00001769 : 0007ac03;
0000176a : 000b0613;
0000176b : 00a00593;
0000176c : 000c0513;
0000176d : 75c000ef;
0000176e : 18050c63;
0000176f : 00150513;
00001770 : 41850bb3;
00001771 : f5dff06f;
00001772 : 000c0593;
00001773 : 00090613;
00001774 : b38ff0ef;
00001775 : 00042783;
00001776 : 00040593;
00001777 : 000a8513;
00001778 : 012787b3;
00001779 : 00f42023;
0000177a : 2f4010ef;
0000177b : f80500e3;
0000177c : 00c41783;
0000177d : 01c12b83;
0000177e : 01812c03;
0000177f : 03412483;
00001780 : 03012903;
00001781 : 02c12983;
00001782 : 02012b03;
00001783 : 0407e793;
00001784 : 00f41623;
00001785 : fff00513;
00001786 : d6dff06f;
00001787 : 01042703;
00001788 : 06f76263;
00001789 : 01442583;
0000178a : 04b9ee63;
0000178b : 00098913;
0000178c : 013c7463;
0000178d : 000c0913;
0000178e : 00090513;
0000178f : 601030ef;
00001790 : 02442783;
00001791 : 01c42583;
00001792 : 40a906b3;
00001793 : 000b0613;
00001794 : 000a8513;
00001795 : 000780e7;
00001796 : f8a05ce3;
00001797 : 00050913;
00001798 : 008a2783;
00001799 : 412989b3;
0000179a : 412787b3;
0000179b : 00fa2423;
0000179c : 0e078663;
0000179d : 00c41683;
0000179e : 00042783;
0000179f : 012b0b33;
000017a0 : d71ff06f;
000017a1 : 0129f463;
000017a2 : 00098913;
000017a3 : 00078513;
000017a4 : 00090613;
000017a5 : 000b0593;
000017a6 : a70ff0ef;
000017a7 : 00042783;
000017a8 : 00842703;
000017a9 : 012787b3;
000017aa : 41270733;
000017ab : 00f42023;
000017ac : 00e42423;
000017ad : fa0716e3;
000017ae : 00040593;
000017af : 000a8513;
000017b0 : 21c010ef;
000017b1 : f8050ee3;
000017b2 : f29ff06f;
000017b3 : 00098913;
000017b4 : 00098b93;
000017b5 : dd5ff06f;
000017b6 : 00040593;
000017b7 : 000a8513;
000017b8 : 1fc010ef;
000017b9 : e8050ae3;
000017ba : f09ff06f;
000017bb : 00098613;
000017bc : 000c0593;
000017bd : a14ff0ef;
000017be : 00842703;
000017bf : 00042783;
000017c0 : 00098913;
000017c1 : 41370733;
000017c2 : 013787b3;
000017c3 : 00e42423;
000017c4 : 00f42023;
000017c5 : e59ff06f;
000017c6 : 000a8513;
000017c7 : 02d000ef;
000017c8 : 00050713;
000017c9 : d60512e3;
000017ca : 01042583;
000017cb : 000a8513;
000017cc : eb4ff0ef;
000017cd : 00c45783;
000017ce : 00c00713;
000017cf : 01c12b83;
000017d0 : 01812c03;
000017d1 : 00eaa023;
000017d2 : f7f7f793;
000017d3 : eb1ff06f;
000017d4 : 001b0793;
000017d5 : 00078b93;
000017d6 : dcdff06f;
000017d7 : 01c12b83;
000017d8 : 01812c03;
000017d9 : c0dff06f;
000017da : 00c41783;
000017db : e91ff06f;
000017dc : 00c00793;
000017dd : 00faa023;
000017de : 01c12b83;
000017df : 00c41783;
000017e0 : 01812c03;
000017e1 : e79ff06f;
000017e2 : fd010113;
000017e3 : 03212023;
000017e4 : 01312e23;
000017e5 : 01412c23;
000017e6 : 01512a23;
000017e7 : 01612823;
000017e8 : 01712623;
000017e9 : 02112623;
000017ea : 02812423;
000017eb : 02912223;
000017ec : 00060a93;
000017ed : 00050b13;
000017ee : 00058b93;
000017ef : 00000a13;
000017f0 : 00100993;
000017f1 : fff00913;
000017f2 : 004aa483;
000017f3 : fff48493;
000017f4 : 0204ca63;
000017f5 : 008aa403;
000017f6 : 00c45783;
000017f7 : 00f9fe63;
000017f8 : 00e41783;
000017f9 : 00040593;
000017fa : 000b0513;
000017fb : 01278663;
000017fc : 000b80e7;
000017fd : 00aa6a33;
000017fe : fff48493;
000017ff : 06840413;
00001800 : fd249ce3;
00001801 : 000aaa83;
00001802 : fc0a90e3;
00001803 : 02c12083;
00001804 : 02812403;
00001805 : 02412483;
00001806 : 02012903;
00001807 : 01c12983;
00001808 : 01412a83;
00001809 : 01012b03;
0000180a : 00c12b83;
0000180b : 000a0513;
0000180c : 01812a03;
0000180d : 03010113;
0000180e : 00008067;
0000180f : 00050713;
00001810 : 00050663;
00001811 : 03452783;
00001812 : 04078463;
00001813 : 00862783;
00001814 : 0ff5f693;
00001815 : fff78793;
00001816 : 00f62423;
00001817 : 0007da63;
00001818 : 01862503;
00001819 : 02a7c263;
0000181a : ff668793;
0000181b : 00078e63;
0000181c : 00062783;
0000181d : 0ff5f513;
0000181e : 00178713;
0000181f : 00e62023;
00001820 : 00d78023;
00001821 : 00008067;
00001822 : 00070513;
00001823 : 1cc0006f;
00001824 : fe010113;
00001825 : 00c12623;
00001826 : 00b12423;
00001827 : 00112e23;
00001828 : 00a12223;
00001829 : 9f5ff0ef;
0000182a : 00c12603;
0000182b : 00812583;
0000182c : 00412703;
0000182d : 00862783;
0000182e : 0ff5f693;
0000182f : fff78793;
00001830 : 00f62423;
00001831 : 0007da63;
00001832 : 01862503;
00001833 : 02a7c663;
00001834 : ff668793;
00001835 : 02078263;
00001836 : 00062783;
00001837 : 0ff5f513;
00001838 : 00178713;
00001839 : 00e62023;
0000183a : 00d78023;
0000183b : 01c12083;
0000183c : 02010113;
0000183d : 00008067;
0000183e : 01c12083;
0000183f : 00070513;
00001840 : 02010113;
00001841 : 1540006f;
00001842 : ff010113;
00001843 : 00812423;
00001844 : 00058413;
00001845 : 00e59583;
00001846 : 00112623;
00001847 : 55c000ef;
00001848 : 02054063;
00001849 : 05042783;
0000184a : 00c12083;
0000184b : 00a787b3;
0000184c : 04f42823;
0000184d : 00812403;
0000184e : 01010113;
0000184f : 00008067;
00001850 : 00c45783;
00001851 : fffff737;
00001852 : fff70713;
00001853 : 00e7f7b3;
00001854 : 00c12083;
00001855 : 00f41623;
00001856 : 00812403;
00001857 : 01010113;
00001858 : 00008067;
00001859 : 00c59783;
0000185a : fe010113;
0000185b : 00068313;
0000185c : 00112e23;
0000185d : 1007f693;
0000185e : 00058713;
0000185f : 00060893;
00001860 : 00050813;
00001861 : 02069863;
00001862 : fffff6b7;
00001863 : fff68693;
00001864 : 01c12083;
00001865 : 00d7f7b3;
00001866 : 00e71583;
00001867 : 00f71623;
00001868 : 00030693;
00001869 : 00088613;
0000186a : 00080513;
0000186b : 02010113;
0000186c : 5300006f;
0000186d : 00e59583;
0000186e : 00c12423;
0000186f : 00200693;
00001870 : 00000613;
00001871 : 00612623;
00001872 : 00e12023;
00001873 : 00a12223;
00001874 : 440000ef;
00001875 : 00012703;
00001876 : 00c12303;
00001877 : 00812883;
00001878 : 00c71783;
00001879 : 00412803;
0000187a : fa1ff06f;
0000187b : ff010113;
0000187c : 00812423;
0000187d : 00058413;
0000187e : 00e59583;
0000187f : 00112623;
00001880 : 410000ef;
00001881 : fff00713;
00001882 : 00c41783;
00001883 : 02e50263;
00001884 : 00001737;
00001885 : 00e7e7b3;
00001886 : 00c12083;
00001887 : 04a42823;
00001888 : 00f41623;
00001889 : 00812403;
0000188a : 01010113;
0000188b : 00008067;
0000188c : 80050713;
0000188d : 80070713;
0000188e : 00e7f7b3;
0000188f : 00c12083;
00001890 : 00f41623;
00001891 : 00812403;
00001892 : 01010113;
00001893 : 00008067;
00001894 : 00e59583;
00001895 : 3600006f;
00001896 : fe010113;
00001897 : 00812c23;
00001898 : 00912a23;
00001899 : 00112e23;
0000189a : 00050493;
0000189b : 00058413;
0000189c : 00050663;
0000189d : 03452783;
0000189e : 12078263;
0000189f : 01862703;
000018a0 : 00c61783;
000018a1 : 00e62423;
000018a2 : 0087f713;
000018a3 : 08070663;
000018a4 : 01062703;
000018a5 : 08070263;
000018a6 : 01279693;
000018a7 : 06462703;
000018a8 : 000025b7;
000018a9 : 0a06d063;
000018aa : 01271793;
000018ab : 0c07c263;
000018ac : 00062703;
000018ad : 01062783;
000018ae : 01462683;
000018af : 40f707b3;
000018b0 : 0ad7dc63;
000018b1 : 00178793;
000018b2 : 00862683;
000018b3 : 00170593;
000018b4 : 00b62023;
000018b5 : fff68693;
000018b6 : 00d62423;
000018b7 : 00870023;
000018b8 : 01462703;
000018b9 : 0ff47413;
000018ba : 06f70c63;
000018bb : ff640793;
000018bc : 00079863;
000018bd : 00c65783;
000018be : 0017f793;
000018bf : 06079263;
000018c0 : 01c12083;
000018c1 : 00040513;
000018c2 : 01812403;
000018c3 : 01412483;
000018c4 : 02010113;
000018c5 : 00008067;
000018c6 : 00060593;
000018c7 : 00048513;
000018c8 : 00c12623;
000018c9 : 088000ef;
000018ca : 04051463;
000018cb : 00c12603;
000018cc : 000025b7;
000018cd : 00c61783;
000018ce : 06462703;
000018cf : 01279693;
000018d0 : f606c4e3;
000018d1 : ffffe6b7;
000018d2 : fff68693;
000018d3 : 00b7e7b3;
000018d4 : 00d77733;
000018d5 : 00f61623;
000018d6 : 06e62223;
000018d7 : f4dff06f;
000018d8 : 00060593;
000018d9 : 00048513;
000018da : 575000ef;
000018db : f8050ae3;
000018dc : fff00413;
000018dd : f8dff06f;
000018de : 00060593;
000018df : 00048513;
000018e0 : 00c12623;
000018e1 : 559000ef;
000018e2 : fe0514e3;
000018e3 : 00c12603;
000018e4 : 00100793;
000018e5 : 00062703;
000018e6 : f31ff06f;
000018e7 : 00c12623;
000018e8 : ef8ff0ef;
000018e9 : 00c12603;
000018ea : ed5ff06f;
000018eb : d681a703;
000018ec : fe010113;
000018ed : 00112e23;
000018ee : 00050613;
000018ef : 00058793;
000018f0 : 00070663;
000018f1 : 03472683;
000018f2 : 10068a63;
000018f3 : 00c79703;
000018f4 : 00877693;
000018f5 : 02068e63;
000018f6 : 0107a683;
000018f7 : 04068a63;
000018f8 : 00c79703;
000018f9 : 00177613;
000018fa : 06060e63;
000018fb : 0147a603;
000018fc : 0007a423;
000018fd : 00000513;
000018fe : 40c00633;
000018ff : 00c7ac23;
00001900 : 08068063;
00001901 : 01c12083;
00001902 : 02010113;
00001903 : 00008067;
00001904 : 01077693;
00001905 : 0e068263;
00001906 : 00477693;
00001907 : 06069e63;
00001908 : 0107a683;
00001909 : 00876713;
0000190a : 00e79623;
0000190b : fa069ae3;
0000190c : 00c7a703;
0000190d : 20000593;
0000190e : 28077713;
0000190f : fab702e3;
00001910 : 00060513;
00001911 : 00078593;
00001912 : 00f12423;
00001913 : 4fd000ef;
00001914 : 00812783;
00001915 : 00c79703;
00001916 : 0107a683;
00001917 : 00177613;
00001918 : f80616e3;
00001919 : 00277613;
0000191a : 00000593;
0000191b : 00061463;
0000191c : 0147a583;
0000191d : 00b7a423;
0000191e : 00000513;
0000191f : f80694e3;
00001920 : 08077693;
00001921 : f80680e3;
00001922 : 04076713;
00001923 : 00e79623;
00001924 : fff00513;
00001925 : f71ff06f;
00001926 : 0307a583;
00001927 : 02058663;
00001928 : 04078693;
00001929 : 02d58063;
0000192a : 00060513;
0000192b : 00f12623;
0000192c : 00c12423;
0000192d : 930ff0ef;
0000192e : 00c12783;
0000192f : 00812603;
00001930 : 00c79703;
00001931 : 0207a823;
00001932 : 0107a683;
00001933 : fdb77713;
00001934 : 0007a223;
00001935 : 00d7a023;
00001936 : f4dff06f;
00001937 : 00a12423;
00001938 : 00070513;
00001939 : 00b12623;
0000193a : db0ff0ef;
0000193b : 00c12783;
0000193c : 00812603;
0000193d : ed9ff06f;
0000193e : 00900693;
0000193f : 04076713;
00001940 : 00d62023;
00001941 : 00e79623;
00001942 : fff00513;
00001943 : ef9ff06f;
00001944 : 00357793;
00001945 : 0ff5f713;
00001946 : 02078063;
00001947 : 08060863;
00001948 : 00054783;
00001949 : fff60613;
0000194a : 08e78063;
0000194b : 00150513;
0000194c : 00357793;
0000194d : fe0794e3;
0000194e : 00300813;
0000194f : 04c87863;
00001950 : 0ff5f593;
00001951 : 00859793;
00001952 : 00b785b3;
00001953 : 01059793;
00001954 : feff0337;
00001955 : 808088b7;
00001956 : 00f585b3;
00001957 : eff30313;
00001958 : 08088893;
00001959 : 00052783;
0000195a : 00f5c7b3;
0000195b : 006786b3;
0000195c : fff7c793;
0000195d : 00f6f7b3;
0000195e : 0117f7b3;
0000195f : 00079a63;
00001960 : ffc60613;
00001961 : 00450513;
00001962 : fcc86ee3;
00001963 : 02060063;
00001964 : 00c50633;
00001965 : 00c0006f;
00001966 : 00150513;
00001967 : 00c50863;
00001968 : 00054783;
00001969 : fee79ae3;
0000196a : 00008067;
0000196b : 00000513;
0000196c : 00008067;
0000196d : ff010113;
0000196e : 00812423;
0000196f : 00912223;
00001970 : 00050493;
00001971 : 00058513;
00001972 : 00112623;
00001973 : da01a223;
00001974 : c14fd0ef;
00001975 : fff00793;
00001976 : 00f50c63;
00001977 : 00c12083;
00001978 : 00812403;
00001979 : 00412483;
0000197a : 01010113;
0000197b : 00008067;
0000197c : da41a783;
0000197d : fe0784e3;
0000197e : 00c12083;
0000197f : 00812403;
00001980 : 00f4a023;
00001981 : 00412483;
00001982 : 01010113;
00001983 : 00008067;
00001984 : ff010113;
00001985 : 00058793;
00001986 : 00812423;
00001987 : 00912223;
00001988 : 00060593;
00001989 : 00050493;
0000198a : 00068613;
0000198b : 00078513;
0000198c : 00112623;
0000198d : da01a223;
0000198e : bbcfd0ef;
0000198f : fff00793;
00001990 : 00f50c63;
00001991 : 00c12083;
00001992 : 00812403;
00001993 : 00412483;
00001994 : 01010113;
00001995 : 00008067;
00001996 : da41a783;
00001997 : fe0784e3;
00001998 : 00c12083;
00001999 : 00812403;
0000199a : 00f4a023;
0000199b : 00412483;
0000199c : 01010113;
0000199d : 00008067;
0000199e : ff010113;
0000199f : 00058793;
000019a0 : 00812423;
000019a1 : 00912223;
000019a2 : 00060593;
000019a3 : 00050493;
000019a4 : 00068613;
000019a5 : 00078513;
000019a6 : 00112623;
000019a7 : da01a223;
000019a8 : b58fd0ef;
000019a9 : fff00793;
000019aa : 00f50c63;
000019ab : 00c12083;
000019ac : 00812403;
000019ad : 00412483;
000019ae : 01010113;
000019af : 00008067;
000019b0 : da41a783;
000019b1 : fe0784e3;
000019b2 : 00c12083;
000019b3 : 00812403;
000019b4 : 00f4a023;
000019b5 : 00412483;
000019b6 : 01010113;
000019b7 : 00008067;
000019b8 : ff010113;
000019b9 : 00058793;
000019ba : 00812423;
000019bb : 00912223;
000019bc : 00060593;
000019bd : 00050493;
000019be : 00068613;
000019bf : 00078513;
000019c0 : 00112623;
000019c1 : da01a223;
000019c2 : b8afd0ef;
000019c3 : fff00793;
000019c4 : 00f50c63;
000019c5 : 00c12083;
000019c6 : 00812403;
000019c7 : 00412483;
000019c8 : 01010113;
000019c9 : 00008067;
000019ca : da41a783;
000019cb : fe0784e3;
000019cc : 00c12083;
000019cd : 00812403;
000019ce : 00f4a023;
000019cf : 00412483;
000019d0 : 01010113;
000019d1 : 00008067;
000019d2 : 1e058863;
000019d3 : fe010113;
000019d4 : 00812c23;
000019d5 : 00912a23;
000019d6 : 00058413;
000019d7 : 00112e23;
000019d8 : 00050493;
000019d9 : 00c12023;
000019da : 849fe0ef;
000019db : 00012583;
000019dc : 01600713;
000019dd : 00b58793;
000019de : 12f77863;
000019df : ff87f793;
000019e0 : 00078693;
000019e1 : 01f7d713;
000019e2 : 1eb7e463;
000019e3 : 1e071263;
000019e4 : ffc42603;
000019e5 : ff840813;
000019e6 : ffc67713;
000019e7 : 12d75863;
000019e8 : 80000e37;
000019e9 : 000e0e13;
000019ea : 008e2883;
000019eb : 00e80333;
000019ec : 00432503;
000019ed : 1e688063;
000019ee : ffe57893;
000019ef : 011308b3;
000019f0 : 0048a883;
000019f1 : 0018f893;
000019f2 : 14089a63;
000019f3 : ffc57513;
000019f4 : 00a708b3;
000019f5 : 0ed8d263;
000019f6 : 00167613;
000019f7 : 02061463;
000019f8 : ff842e83;
000019f9 : 41d80eb3;
000019fa : 004ea603;
000019fb : ffc67613;
000019fc : 00c50533;
000019fd : 00e508b3;
000019fe : 32d8d463;
000019ff : 00c708b3;
00001a00 : 28d8dc63;
00001a01 : 00048513;
00001a02 : 00e12423;
00001a03 : 01012223;
00001a04 : 00f12023;
00001a05 : f21fd0ef;
00001a06 : 00012783;
00001a07 : 00412803;
00001a08 : 00812703;
00001a09 : 00050693;
00001a0a : 44050863;
00001a0b : ffc42603;
00001a0c : ff850593;
00001a0d : ffe67613;
00001a0e : 00c80633;
00001a0f : 22b60463;
00001a10 : ffc70613;
00001a11 : 02400793;
00001a12 : 2cc7e263;
00001a13 : 01300713;
00001a14 : 22c76263;
00001a15 : 00050793;
00001a16 : 00040713;
00001a17 : 00072603;
00001a18 : 00c7a023;
00001a19 : 00472603;
00001a1a : 00c7a223;
00001a1b : 00872703;
00001a1c : 00e7a423;
00001a1d : 00040593;
00001a1e : 00048513;
00001a1f : 00d12023;
00001a20 : d65fe0ef;
00001a21 : 00048513;
00001a22 : f2cfe0ef;
00001a23 : 00012683;
00001a24 : 01c12083;
00001a25 : 01812403;
00001a26 : 01412483;
00001a27 : 00068513;
00001a28 : 02010113;
00001a29 : 00008067;
00001a2a : 01000693;
00001a2b : 00068793;
00001a2c : 00000713;
00001a2d : ed5ff06f;
00001a2e : 00c32683;
00001a2f : 00832603;
00001a30 : 00088713;
00001a31 : 00d62623;
00001a32 : 00c6a423;
00001a33 : 00482683;
00001a34 : 40f70533;
00001a35 : 00f00593;
00001a36 : 0016f693;
00001a37 : 00e80633;
00001a38 : 06a5e063;
00001a39 : 00d766b3;
00001a3a : 00d82223;
00001a3b : 00462783;
00001a3c : 0017e793;
00001a3d : 00f62223;
00001a3e : 00048513;
00001a3f : eb8fe0ef;
00001a40 : 00040693;
00001a41 : 01c12083;
00001a42 : 01812403;
00001a43 : 01412483;
00001a44 : 00068513;
00001a45 : 02010113;
00001a46 : 00008067;
00001a47 : 00167613;
00001a48 : ee0612e3;
00001a49 : ff842e83;
00001a4a : 41d80eb3;
00001a4b : 004ea603;
00001a4c : ffc67613;
00001a4d : ec9ff06f;
00001a4e : 00060593;
00001a4f : df9fd06f;
00001a50 : 00d7e6b3;
00001a51 : 00d82223;
00001a52 : 00f805b3;
00001a53 : 00156513;
00001a54 : 00a5a223;
00001a55 : 00462783;
00001a56 : 00858593;
00001a57 : 00048513;
00001a58 : 0017e793;
00001a59 : 00f62223;
00001a5a : c7dfe0ef;
00001a5b : f8dff06f;
00001a5c : 00c00793;
00001a5d : 00f4a023;
00001a5e : 00000693;
00001a5f : 01c12083;
00001a60 : 01812403;
00001a61 : 01412483;
00001a62 : 00068513;
00001a63 : 02010113;
00001a64 : 00008067;
00001a65 : ffc57513;
00001a66 : 00e508b3;
00001a67 : 01078313;
00001a68 : 2468da63;
00001a69 : 00167613;
00001a6a : e4061ee3;
00001a6b : ff842e83;
00001a6c : 41d80eb3;
00001a6d : 004ea603;
00001a6e : ffc67613;
00001a6f : 00c50533;
00001a70 : 00e508b3;
00001a71 : e268cce3;
00001a72 : 00cea683;
00001a73 : 008ea583;
00001a74 : ffc70613;
00001a75 : 02400713;
00001a76 : 00d5a623;
00001a77 : 00b6a423;
00001a78 : 008e8693;
00001a79 : 2ec76263;
00001a7a : 01300593;
00001a7b : 00068713;
00001a7c : 02c5f263;
00001a7d : 00042583;
00001a7e : 01b00713;
00001a7f : 00bea423;
00001a80 : 00442583;
00001a81 : 00bea623;
00001a82 : 30c76a63;
00001a83 : 00840413;
00001a84 : 010e8713;
00001a85 : 00042603;
00001a86 : 00c72023;
00001a87 : 00442603;
00001a88 : 00c72223;
00001a89 : 00842603;
00001a8a : 00c72423;
00001a8b : 00fe8633;
00001a8c : 40f88733;
00001a8d : 00ce2423;
00001a8e : 00176713;
00001a8f : 00e62223;
00001a90 : 004ea703;
00001a91 : 00048513;
00001a92 : 00d12023;
00001a93 : 00177713;
00001a94 : 00f767b3;
00001a95 : 00fea223;
00001a96 : d5cfe0ef;
00001a97 : 00012683;
00001a98 : ea5ff06f;
00001a99 : ffc52683;
00001a9a : ffc6f693;
00001a9b : 00d70733;
00001a9c : e5dff06f;
00001a9d : 00042583;
00001a9e : 01b00713;
00001a9f : 00b52023;
00001aa0 : 00442583;
00001aa1 : 00b52223;
00001aa2 : 10c76e63;
00001aa3 : 00840713;
00001aa4 : 00850793;
00001aa5 : dc9ff06f;
00001aa6 : 00cea683;
00001aa7 : 008ea583;
00001aa8 : ffc70613;
00001aa9 : 02400513;
00001aaa : 00d5a623;
00001aab : 00b6a423;
00001aac : 008e8693;
00001aad : 10c56863;
00001aae : 01300593;
00001aaf : 00068713;
00001ab0 : 02c5f263;
00001ab1 : 00042583;
00001ab2 : 01b00713;
00001ab3 : 00bea423;
00001ab4 : 00442583;
00001ab5 : 00bea623;
00001ab6 : 18c76063;
00001ab7 : 00840413;
00001ab8 : 010e8713;
00001ab9 : 00042603;
00001aba : 00c72023;
00001abb : 00442603;
00001abc : 00c72223;
00001abd : 00842603;
00001abe : 00c72423;
00001abf : 00068413;
00001ac0 : 00088713;
00001ac1 : 000e8813;
00001ac2 : dc5ff06f;
00001ac3 : 00040593;
00001ac4 : 00a12023;
00001ac5 : df4fe0ef;
00001ac6 : 00012683;
00001ac7 : d59ff06f;
00001ac8 : 00c32683;
00001ac9 : 00832583;
00001aca : ffc70613;
00001acb : 02400513;
00001acc : 00d5a623;
00001acd : 00b6a423;
00001ace : 00cea703;
00001acf : 008ea683;
00001ad0 : 008e8813;
00001ad1 : 00e6a623;
00001ad2 : 00d72423;
00001ad3 : 0cc56e63;
00001ad4 : 01300693;
00001ad5 : 00080713;
00001ad6 : 02c6f263;
00001ad7 : 00042683;
00001ad8 : 01b00713;
00001ad9 : 00dea423;
00001ada : 00442683;
00001adb : 00dea623;
00001adc : 12c76a63;
00001add : 00840413;
00001ade : 010e8713;
00001adf : 00042683;
00001ae0 : 00d72023;
00001ae1 : 00442683;
00001ae2 : 00d72223;
00001ae3 : 00842683;
00001ae4 : 00d72423;
00001ae5 : 00080413;
00001ae6 : 00088713;
00001ae7 : 000e8813;
00001ae8 : d2dff06f;
00001ae9 : 00842703;
00001aea : 00e52423;
00001aeb : 00c42703;
00001aec : 00e52623;
00001aed : 0cf60a63;
00001aee : 01040713;
00001aef : 01050793;
00001af0 : c9dff06f;
00001af1 : 00068513;
00001af2 : 00040593;
00001af3 : 01d12623;
00001af4 : 00f12423;
00001af5 : 01112223;
00001af6 : 00d12023;
00001af7 : d2cfe0ef;
00001af8 : 00c12e83;
00001af9 : 00812783;
00001afa : 00412883;
00001afb : 00012683;
00001afc : f0dff06f;
00001afd : 00f80833;
00001afe : 40f88733;
00001aff : 010e2423;
00001b00 : 00176713;
00001b01 : 00e82223;
00001b02 : ffc42703;
00001b03 : 00048513;
00001b04 : 00177713;
00001b05 : 00f767b3;
00001b06 : fef42e23;
00001b07 : b98fe0ef;
00001b08 : 00040693;
00001b09 : ce1ff06f;
00001b0a : 00080513;
00001b0b : 00040593;
00001b0c : 01d12623;
00001b0d : 00f12423;
00001b0e : 01112223;
00001b0f : 01012023;
00001b10 : cc8fe0ef;
00001b11 : 00012803;
00001b12 : 00412883;
00001b13 : 00812783;
00001b14 : 00c12e83;
00001b15 : f41ff06f;
00001b16 : 00842703;
00001b17 : 00eea823;
00001b18 : 00c42703;
00001b19 : 00eeaa23;
00001b1a : 08a60c63;
00001b1b : 01040413;
00001b1c : 018e8713;
00001b1d : e71ff06f;
00001b1e : 00048513;
00001b1f : b38fe0ef;
00001b20 : 00000693;
00001b21 : cf9ff06f;
00001b22 : 01042603;
00001b23 : 01840713;
00001b24 : 01850793;
00001b25 : 00c52823;
00001b26 : 01442603;
00001b27 : 00c52a23;
00001b28 : bbdff06f;
00001b29 : 00842683;
00001b2a : 02400713;
00001b2b : 00dea823;
00001b2c : 00c42683;
00001b2d : 00deaa23;
00001b2e : 08e60463;
00001b2f : 01040413;
00001b30 : 018e8713;
00001b31 : eb9ff06f;
00001b32 : 00068513;
00001b33 : 00040593;
00001b34 : 01d12623;
00001b35 : 00f12423;
00001b36 : 01112223;
00001b37 : 00d12023;
00001b38 : c28fe0ef;
00001b39 : 800007b7;
00001b3a : 00078e13;
00001b3b : 00c12e83;
00001b3c : 00812783;
00001b3d : 00412883;
00001b3e : 00012683;
00001b3f : d31ff06f;
00001b40 : 01042603;
00001b41 : 020e8713;
00001b42 : 01840413;
00001b43 : 00ceac23;
00001b44 : ffc42603;
00001b45 : 00ceae23;
00001b46 : dcdff06f;
00001b47 : 00842583;
00001b48 : 02400713;
00001b49 : 00bea823;
00001b4a : 00c42583;
00001b4b : 00beaa23;
00001b4c : 02e60663;
00001b4d : 01040413;
00001b4e : 018e8713;
00001b4f : cd9ff06f;
00001b50 : 01042683;
00001b51 : 020e8713;
00001b52 : 01840413;
00001b53 : 00deac23;
00001b54 : ffc42683;
00001b55 : 00deae23;
00001b56 : e25ff06f;
00001b57 : 01042603;
00001b58 : 020e8713;
00001b59 : 01840413;
00001b5a : 00ceac23;
00001b5b : ffc42603;
00001b5c : 00ceae23;
00001b5d : ca1ff06f;
00001b5e : ff010113;
00001b5f : 00112623;
00001b60 : 01212023;
00001b61 : 02058863;
00001b62 : 00812423;
00001b63 : 00912223;
00001b64 : 00058413;
00001b65 : 00050493;
00001b66 : 00050663;
00001b67 : 03452783;
00001b68 : 0c078c63;
00001b69 : 00c41783;
00001b6a : 02079263;
00001b6b : 00812403;
00001b6c : 00412483;
00001b6d : 00c12083;
00001b6e : 00000913;
00001b6f : 00090513;
00001b70 : 00012903;
00001b71 : 01010113;
00001b72 : 00008067;
00001b73 : 00040593;
00001b74 : 00048513;
00001b75 : 0ac000ef;
00001b76 : 02c42783;
00001b77 : 00050913;
00001b78 : 00078a63;
00001b79 : 01c42583;
00001b7a : 00048513;
00001b7b : 000780e7;
00001b7c : 06054463;
00001b7d : 00c45783;
00001b7e : 0807f793;
00001b7f : 06079663;
00001b80 : 03042583;
00001b81 : 00058c63;
00001b82 : 04040793;
00001b83 : 00f58663;
00001b84 : 00048513;
00001b85 : fd0fe0ef;
00001b86 : 02042823;
00001b87 : 04442583;
00001b88 : 00058863;
00001b89 : 00048513;
00001b8a : fbcfe0ef;
00001b8b : 04042223;
00001b8c : c8dfe0ef;
00001b8d : 00041623;
00001b8e : c89fe0ef;
00001b8f : 00c12083;
00001b90 : 00812403;
00001b91 : 00412483;
00001b92 : 00090513;
00001b93 : 00012903;
00001b94 : 01010113;
00001b95 : 00008067;
00001b96 : 00c45783;
00001b97 : fff00913;
00001b98 : 0807f793;
00001b99 : f8078ee3;
00001b9a : 01042583;
00001b9b : 00048513;
00001b9c : f74fe0ef;
00001b9d : f8dff06f;
00001b9e : c21fe0ef;
00001b9f : f29ff06f;
00001ba0 : 00c59703;
00001ba1 : fe010113;
00001ba2 : 00812c23;
00001ba3 : 01312623;
00001ba4 : 00112e23;
00001ba5 : 00877793;
00001ba6 : 00058413;
00001ba7 : 00050993;
00001ba8 : 12079263;
00001ba9 : 000017b7;
00001baa : 80078793;
00001bab : 0045a683;
00001bac : 00f767b3;
00001bad : 00f59623;
00001bae : 18d05c63;
00001baf : 02842803;
00001bb0 : 0e080663;
00001bb1 : 00912a23;
00001bb2 : 01371693;
00001bb3 : 0009a483;
00001bb4 : 0009a023;
00001bb5 : 1806ca63;
00001bb6 : 01c42583;
00001bb7 : 00000613;
00001bb8 : 00100693;
00001bb9 : 00098513;
00001bba : 000800e7;
00001bbb : fff00793;
00001bbc : 00050613;
00001bbd : 1af50c63;
00001bbe : 00c41783;
00001bbf : 02842803;
00001bc0 : 0047f793;
00001bc1 : 00078e63;
00001bc2 : 00442703;
00001bc3 : 03042783;
00001bc4 : 40e60633;
00001bc5 : 00078663;
00001bc6 : 03c42783;
00001bc7 : 40f60633;
00001bc8 : 01c42583;
00001bc9 : 00000693;
00001bca : 00098513;
00001bcb : 000800e7;
00001bcc : fff00713;
00001bcd : 00c41783;
00001bce : 12e51c63;
00001bcf : 0009a683;
00001bd0 : 01d00713;
00001bd1 : 18d76263;
00001bd2 : 20400737;
00001bd3 : 00170713;
00001bd4 : 00d75733;
00001bd5 : 00177713;
00001bd6 : 16070863;
00001bd7 : 01042683;
00001bd8 : fffff737;
00001bd9 : 7ff70713;
00001bda : 00e7f733;
00001bdb : 00e41623;
00001bdc : 00042223;
00001bdd : 00d42023;
00001bde : 01379713;
00001bdf : 00075663;
00001be0 : 0009a783;
00001be1 : 10078863;
00001be2 : 03042583;
00001be3 : 0099a023;
00001be4 : 10058a63;
00001be5 : 04040793;
00001be6 : 00f58663;
00001be7 : 00098513;
00001be8 : e44fe0ef;
00001be9 : 01412483;
00001bea : 02042823;
00001beb : 01c12083;
00001bec : 01812403;
00001bed : 00c12983;
00001bee : 00000513;
00001bef : 02010113;
00001bf0 : 00008067;
00001bf1 : 01212823;
00001bf2 : 0105a903;
00001bf3 : 08090a63;
00001bf4 : 00912a23;
00001bf5 : 0005a483;
00001bf6 : 00377713;
00001bf7 : 0125a023;
00001bf8 : 412484b3;
00001bf9 : 00000793;
00001bfa : 00071463;
00001bfb : 0145a783;
00001bfc : 00f42423;
00001bfd : 00904863;
00001bfe : 0640006f;
00001bff : 00a90933;
00001c00 : 04905e63;
00001c01 : 02442783;
00001c02 : 01c42583;
00001c03 : 00048693;
00001c04 : 00090613;
00001c05 : 00098513;
00001c06 : 000780e7;
00001c07 : 40a484b3;
00001c08 : fca04ee3;
00001c09 : 00c45783;
00001c0a : 01012903;
00001c0b : 0407e793;
00001c0c : 01c12083;
00001c0d : 00f41623;
00001c0e : 01812403;
00001c0f : 01412483;
00001c10 : 00c12983;
00001c11 : fff00513;
00001c12 : 02010113;
00001c13 : 00008067;
00001c14 : 03c5a683;
00001c15 : e6d044e3;
00001c16 : f55ff06f;
00001c17 : 01412483;
00001c18 : 01012903;
00001c19 : f49ff06f;
00001c1a : 05042603;
00001c1b : e95ff06f;
00001c1c : 01042683;
00001c1d : fffff737;
00001c1e : 7ff70713;
00001c1f : 00e7f733;
00001c20 : 00e41623;
00001c21 : 00042223;
00001c22 : 00d42023;
00001c23 : 01379713;
00001c24 : ee075ce3;
00001c25 : 03042583;
00001c26 : 04a42823;
00001c27 : 0099a023;
00001c28 : ee059ae3;
00001c29 : 01412483;
00001c2a : f05ff06f;
00001c2b : 0009a783;
00001c2c : e40784e3;
00001c2d : fe378713;
00001c2e : 00070c63;
00001c2f : fea78793;
00001c30 : 00078863;
00001c31 : 00c45783;
00001c32 : 0407e793;
00001c33 : f65ff06f;
00001c34 : 0099a023;
00001c35 : 01412483;
00001c36 : ed5ff06f;
00001c37 : 00050793;
00001c38 : 00050663;
00001c39 : 03452703;
00001c3a : 00070e63;
00001c3b : 00c59703;
00001c3c : 00071663;
00001c3d : 00000513;
00001c3e : 00008067;
00001c3f : 00078513;
00001c40 : d81ff06f;
00001c41 : fe010113;
00001c42 : 00b12623;
00001c43 : 00112e23;
00001c44 : 00a12423;
00001c45 : 985fe0ef;
00001c46 : 00c12583;
00001c47 : 00812783;
00001c48 : 00c59703;
00001c49 : 00070a63;
00001c4a : 01c12083;
00001c4b : 00078513;
00001c4c : 02010113;
00001c4d : d4dff06f;
00001c4e : 01c12083;
00001c4f : 00000513;
00001c50 : 02010113;
00001c51 : 00008067;
00001c52 : 00c59783;
00001c53 : 0027f713;
00001c54 : 00070e63;
00001c55 : 04358793;
00001c56 : 00100713;
00001c57 : 00f5a023;
00001c58 : 00f5a823;
00001c59 : 00e5aa23;
00001c5a : 00008067;
00001c5b : 00058713;
00001c5c : 00e59583;
00001c5d : f8010113;
00001c5e : 06812c23;
00001c5f : 06112e23;
00001c60 : 00050413;
00001c61 : 0805ce63;
00001c62 : 01810613;
00001c63 : 00e12423;
00001c64 : 130000ef;
00001c65 : 00812703;
00001c66 : 08054263;
00001c67 : 40000593;
00001c68 : 00040513;
00001c69 : 06912a23;
00001c6a : 00e12423;
00001c6b : 01c12483;
00001c6c : d84fd0ef;
00001c6d : 00812703;
00001c6e : 00c71783;
00001c6f : 0c050263;
00001c70 : 40000693;
00001c71 : 0807e793;
00001c72 : 00d72a23;
00001c73 : 40c4d693;
00001c74 : 00f71623;
00001c75 : 00a72023;
00001c76 : 00a72823;
00001c77 : 00f6f693;
00001c78 : 00200613;
00001c79 : 0cc69663;
00001c7a : 00e71583;
00001c7b : 00040513;
00001c7c : 00e12423;
00001c7d : 130000ef;
00001c7e : 00812703;
00001c7f : 00c71783;
00001c80 : 0a050863;
00001c81 : ffc7f793;
00001c82 : 000016b7;
00001c83 : 07412483;
00001c84 : 0017e793;
00001c85 : 80068693;
00001c86 : 0500006f;
00001c87 : 00c71783;
00001c88 : 0807f793;
00001c89 : 0017b793;
00001c8a : 40f007b3;
00001c8b : 3c07f593;
00001c8c : 04058593;
00001c8d : 00040513;
00001c8e : 00e12623;
00001c8f : 00b12423;
00001c90 : cf4fd0ef;
00001c91 : 00c12703;
00001c92 : 00812583;
00001c93 : 00c71783;
00001c94 : 02050a63;
00001c95 : 0807e793;
00001c96 : 00a72023;
00001c97 : 00a72823;
00001c98 : 00b72a23;
00001c99 : 00000693;
00001c9a : 00d7e7b3;
00001c9b : 00f71623;
00001c9c : 07c12083;
00001c9d : 07812403;
00001c9e : 08010113;
00001c9f : 00008067;
00001ca0 : 07412483;
00001ca1 : 2007f693;
00001ca2 : fe0694e3;
00001ca3 : ffc7f793;
00001ca4 : 04370693;
00001ca5 : 0027e793;
00001ca6 : 00100613;
00001ca7 : 00f71623;
00001ca8 : 00d72023;
00001ca9 : 00d72823;
00001caa : 00c72a23;
00001cab : fc5ff06f;
00001cac : 000016b7;
00001cad : 07412483;
00001cae : 80068693;
00001caf : fadff06f;
00001cb0 : ff010113;
00001cb1 : 00058793;
00001cb2 : 00812423;
00001cb3 : 00912223;
00001cb4 : 00060593;
00001cb5 : 00050493;
00001cb6 : 00078513;
00001cb7 : 00112623;
00001cb8 : da01a223;
00001cb9 : f04fc0ef;
00001cba : fff00793;
00001cbb : 00f50c63;
00001cbc : 00c12083;
00001cbd : 00812403;
00001cbe : 00412483;
00001cbf : 01010113;
00001cc0 : 00008067;
00001cc1 : da41a783;
00001cc2 : fe0784e3;
00001cc3 : 00c12083;
00001cc4 : 00812403;
00001cc5 : 00f4a023;
00001cc6 : 00412483;
00001cc7 : 01010113;
00001cc8 : 00008067;
00001cc9 : ff010113;
00001cca : 00812423;
00001ccb : 00912223;
00001ccc : 00050493;
00001ccd : 00058513;
00001cce : 00112623;
00001ccf : da01a223;
00001cd0 : eb0fc0ef;
00001cd1 : fff00793;
00001cd2 : 00f50c63;
00001cd3 : 00c12083;
00001cd4 : 00812403;
00001cd5 : 00412483;
00001cd6 : 01010113;
00001cd7 : 00008067;
00001cd8 : da41a783;
00001cd9 : fe0784e3;
00001cda : 00c12083;
00001cdb : 00812403;
00001cdc : 00f4a023;
00001cdd : 00412483;
00001cde : 01010113;
00001cdf : 00008067;
00001ce0 : fd010113;
00001ce1 : 01512a23;
00001ce2 : 02112623;
00001ce3 : 02812423;
00001ce4 : 02912223;
00001ce5 : 03212023;
00001ce6 : 01312e23;
00001ce7 : 01412c23;
00001ce8 : 01612823;
00001ce9 : 01712623;
00001cea : 01812423;
00001ceb : 01912223;
00001cec : 00050a93;
00001ced : 38069463;
00001cee : 0000b7b7;
00001cef : 00060993;
00001cf0 : 00050493;
00001cf1 : ea878793;
00001cf2 : 16c5f463;
00001cf3 : 00010737;
00001cf4 : 00068a13;
00001cf5 : 00058c13;
00001cf6 : 12e67863;
00001cf7 : 10063713;
00001cf8 : 00173713;
00001cf9 : 00371713;
00001cfa : 00e656b3;
00001cfb : 00d787b3;
00001cfc : 0007c783;
00001cfd : 00e787b3;
00001cfe : 02000713;
00001cff : 00e78e63;
00001d00 : 40f70733;
00001d01 : 00e59c33;
00001d02 : 00fad7b3;
00001d03 : 00e619b3;
00001d04 : 0187ec33;
00001d05 : 00ea94b3;
00001d06 : 0109db13;
00001d07 : 000b0593;
00001d08 : 01099b93;
00001d09 : 000c0513;
00001d0a : 798020ef;
00001d0b : 010bdb93;
00001d0c : 00050593;
00001d0d : 00050913;
00001d0e : 000b8513;
00001d0f : 758020ef;
00001d10 : 00050413;
00001d11 : 000b0593;
00001d12 : 000c0513;
00001d13 : 7bc020ef;
00001d14 : 01051513;
00001d15 : 0104d693;
00001d16 : 00a6e6b3;
00001d17 : 0086fa63;
00001d18 : 00d986b3;
00001d19 : 0086f463;
00001d1a : 0b36fa63;
00001d1b : fff90913;
00001d1c : 40868433;
00001d1d : 000b0593;
00001d1e : 00040513;
00001d1f : 744020ef;
00001d20 : 00050593;
00001d21 : 00050a93;
00001d22 : 000b8513;
00001d23 : 708020ef;
00001d24 : 00050b93;
00001d25 : 000b0593;
00001d26 : 00040513;
00001d27 : 76c020ef;
00001d28 : 01049493;
00001d29 : 01051513;
00001d2a : 0104d493;
00001d2b : 00a4e4b3;
00001d2c : 0174fa63;
00001d2d : 009984b3;
00001d2e : 0174f463;
00001d2f : 0734f663;
00001d30 : fffa8a93;
00001d31 : 01091793;
00001d32 : 0157e7b3;
00001d33 : 02c12083;
00001d34 : 02812403;
00001d35 : 02412483;
00001d36 : 02012903;
00001d37 : 01c12983;
00001d38 : 01412a83;
00001d39 : 01012b03;
00001d3a : 00c12b83;
00001d3b : 00812c03;
00001d3c : 00412c83;
00001d3d : 000a0593;
00001d3e : 00078513;
00001d3f : 01812a03;
00001d40 : 03010113;
00001d41 : 00008067;
00001d42 : 010006b7;
00001d43 : 01800713;
00001d44 : ecd67ce3;
00001d45 : 01000713;
00001d46 : ed1ff06f;
00001d47 : ffe90913;
00001d48 : 013686b3;
00001d49 : f4dff06f;
00001d4a : ffea8a93;
00001d4b : f99ff06f;
00001d4c : 00000713;
00001d4d : 00060c63;
00001d4e : 00010737;
00001d4f : 0ee67463;
00001d50 : 10063713;
00001d51 : 00173713;
00001d52 : 00371713;
00001d53 : 00e656b3;
00001d54 : 00d787b3;
00001d55 : 0007c783;
00001d56 : 00e787b3;
00001d57 : 02000713;
00001d58 : 0ce79c63;
00001d59 : 40c58433;
00001d5a : 00100a13;
00001d5b : 0109da93;
00001d5c : 000a8593;
00001d5d : 01099b13;
00001d5e : 00040513;
00001d5f : 644020ef;
00001d60 : 010b5b13;
00001d61 : 00050593;
00001d62 : 00050913;
00001d63 : 000b0513;
00001d64 : 604020ef;
00001d65 : 00050b93;
00001d66 : 000a8593;
00001d67 : 00040513;
00001d68 : 668020ef;
00001d69 : 01051513;
00001d6a : 0104d693;
00001d6b : 00a6e6b3;
00001d6c : 0176fa63;
00001d6d : 00d986b3;
00001d6e : 0176f463;
00001d6f : 1736f663;
00001d70 : fff90913;
00001d71 : 41768433;
00001d72 : 000a8593;
00001d73 : 00040513;
00001d74 : 5f0020ef;
00001d75 : 00050593;
00001d76 : 00050b93;
00001d77 : 000b0513;
00001d78 : 5b4020ef;
00001d79 : 00050b13;
00001d7a : 000a8593;
00001d7b : 00040513;
00001d7c : 618020ef;
00001d7d : 01049493;
00001d7e : 01051513;
00001d7f : 0104d493;
00001d80 : 00a4e4b3;
00001d81 : 0164fa63;
00001d82 : 009984b3;
00001d83 : 0164f463;
00001d84 : 1334f263;
00001d85 : fffb8b93;
00001d86 : 01091793;
00001d87 : 0177e7b3;
00001d88 : eadff06f;
00001d89 : 010006b7;
00001d8a : 01800713;
00001d8b : f2d670e3;
00001d8c : 01000713;
00001d8d : f19ff06f;
00001d8e : 40f70733;
00001d8f : 00e619b3;
00001d90 : 00f5d433;
00001d91 : 0109db13;
00001d92 : 00e595b3;
00001d93 : 00fad7b3;
00001d94 : 00b7ea33;
00001d95 : 01099b93;
00001d96 : 000b0593;
00001d97 : 00040513;
00001d98 : 00ea94b3;
00001d99 : 010bdb93;
00001d9a : 558020ef;
00001d9b : 00050593;
00001d9c : 00050913;
00001d9d : 000b8513;
00001d9e : 51c020ef;
00001d9f : 00050a93;
00001da0 : 000b0593;
00001da1 : 00040513;
00001da2 : 580020ef;
00001da3 : 01051513;
00001da4 : 010a5693;
00001da5 : 00a6e6b3;
00001da6 : 0156fa63;
00001da7 : 00d986b3;
00001da8 : 0156f463;
00001da9 : 0736f663;
00001daa : fff90913;
00001dab : 41568433;
00001dac : 000b0593;
00001dad : 00040513;
00001dae : 508020ef;
00001daf : 00050593;
00001db0 : 00050a93;
00001db1 : 000b8513;
00001db2 : 4cc020ef;
00001db3 : 00050b93;
00001db4 : 000b0593;
00001db5 : 00040513;
00001db6 : 530020ef;
00001db7 : 010a1793;
00001db8 : 01051513;
00001db9 : 0107d793;
00001dba : 00a7e7b3;
00001dbb : 0177fa63;
00001dbc : 00f987b3;
00001dbd : 0177f463;
00001dbe : 0337f263;
00001dbf : fffa8a93;
00001dc0 : 01091913;
00001dc1 : 41778433;
00001dc2 : 01596a33;
00001dc3 : e61ff06f;
00001dc4 : ffe90913;
00001dc5 : 013686b3;
00001dc6 : f95ff06f;
00001dc7 : ffea8a93;
00001dc8 : 013787b3;
00001dc9 : fddff06f;
00001dca : ffe90913;
00001dcb : 013686b3;
00001dcc : e95ff06f;
00001dcd : ffeb8b93;
00001dce : ee1ff06f;
00001dcf : 1ed5e663;
00001dd0 : 000107b7;
00001dd1 : 04f6f463;
00001dd2 : 1006b713;
00001dd3 : 00173713;
00001dd4 : 00371713;
00001dd5 : 0000b7b7;
00001dd6 : 00e6d533;
00001dd7 : ea878793;
00001dd8 : 00a787b3;
00001dd9 : 0007c783;
00001dda : 02000b13;
00001ddb : 00e787b3;
00001ddc : 03679863;
00001ddd : 00cab7b3;
00001dde : 0017b793;
00001ddf : 00b6b6b3;
00001de0 : 00d7e7b3;
00001de1 : 00000a13;
00001de2 : d45ff06f;
00001de3 : 010007b7;
00001de4 : 01800713;
00001de5 : fcf6f0e3;
00001de6 : 01000713;
00001de7 : fb9ff06f;
00001de8 : 40fb0b33;
00001de9 : 00f65bb3;
00001dea : 016696b3;
00001deb : 00dbebb3;
00001dec : 00f5d4b3;
00001ded : 010bdc93;
00001dee : 00fad7b3;
00001def : 016595b3;
00001df0 : 00b7ea33;
00001df1 : 010b9c13;
00001df2 : 000c8593;
00001df3 : 00048513;
00001df4 : 016619b3;
00001df5 : 010c5c13;
00001df6 : 3e8020ef;
00001df7 : 00050593;
00001df8 : 00050413;
00001df9 : 000c0513;
00001dfa : 3ac020ef;
00001dfb : 00050913;
00001dfc : 000c8593;
00001dfd : 00048513;
00001dfe : 410020ef;
00001dff : 01051513;
00001e00 : 010a5713;
00001e01 : 00a76733;
00001e02 : 01277a63;
00001e03 : 00eb8733;
00001e04 : 01277463;
00001e05 : 0f777e63;
00001e06 : fff40413;
00001e07 : 412704b3;
00001e08 : 000c8593;
00001e09 : 00048513;
00001e0a : 398020ef;
00001e0b : 00050593;
00001e0c : 00050913;
00001e0d : 000c0513;
00001e0e : 35c020ef;
00001e0f : 00050c13;
00001e10 : 000c8593;
00001e11 : 00048513;
00001e12 : 3c0020ef;
00001e13 : 010a1793;
00001e14 : 01051513;
00001e15 : 0107d793;
00001e16 : 00a7e7b3;
00001e17 : 0187fa63;
00001e18 : 00fb87b3;
00001e19 : 0187f463;
00001e1a : 0b77fa63;
00001e1b : fff90913;
00001e1c : 01099313;
00001e1d : 01041413;
00001e1e : 01035313;
00001e1f : 01091513;
00001e20 : 418788b3;
00001e21 : 01055513;
00001e22 : 012467b3;
00001e23 : 00030593;
00001e24 : 304020ef;
00001e25 : 00050813;
00001e26 : 01091513;
00001e27 : 01055513;
00001e28 : 0109d593;
00001e29 : 2f0020ef;
00001e2a : 00050713;
00001e2b : 00030593;
00001e2c : 0107d513;
00001e2d : 2e0020ef;
00001e2e : 00050313;
00001e2f : 0109d593;
00001e30 : 0107d513;
00001e31 : 2d0020ef;
00001e32 : 01085693;
00001e33 : 00670733;
00001e34 : 00e686b3;
00001e35 : 0066f663;
00001e36 : 00010737;
00001e37 : 00e50533;
00001e38 : 0106d613;
00001e39 : 00a60633;
00001e3a : 02c8e063;
00001e3b : 01081813;
00001e3c : 01069693;
00001e3d : 01085813;
00001e3e : 016a9733;
00001e3f : 010686b3;
00001e40 : e8d772e3;
00001e41 : e8c890e3;
00001e42 : fff78793;
00001e43 : e79ff06f;
00001e44 : ffe40413;
00001e45 : 01770733;
00001e46 : f05ff06f;
00001e47 : ffe90913;
00001e48 : 017787b3;
00001e49 : f4dff06f;
00001e4a : 00000a13;
00001e4b : 00000793;
00001e4c : b9dff06f;
00001e4d : 00100737;
00001e4e : fe010113;
00001e4f : fff70713;
00001e50 : 00b777b3;
00001e51 : 0146d893;
00001e52 : 00d77733;
00001e53 : 00812c23;
00001e54 : 0145d413;
00001e55 : 00371713;
00001e56 : 01d65813;
00001e57 : 01212823;
00001e58 : 7ff47413;
00001e59 : 01f5d913;
00001e5a : 00379793;
00001e5b : 01d55593;
00001e5c : 7ff8f893;
00001e5d : 00112e23;
00001e5e : 00912a23;
00001e5f : 01312623;
00001e60 : 01f6d693;
00001e61 : 00f5e7b3;
00001e62 : 00e86833;
00001e63 : 00351513;
00001e64 : 00361613;
00001e65 : 41140733;
00001e66 : 7ff00593;
00001e67 : 30d91463;
00001e68 : 10e05263;
00001e69 : 02089c63;
00001e6a : 00c86733;
00001e6b : 02070463;
00001e6c : fff40713;
00001e6d : 00071e63;
00001e6e : 00c50633;
00001e6f : 010787b3;
00001e70 : 00a63533;
00001e71 : 00a787b3;
00001e72 : 00100413;
00001e73 : 0600006f;
00001e74 : 00b41c63;
00001e75 : 00050613;
00001e76 : 1d80006f;
00001e77 : feb40ce3;
00001e78 : 008006b7;
00001e79 : 00d86833;
00001e7a : 03800693;
00001e7b : 0ae6c663;
00001e7c : 01f00693;
00001e7d : 02000893;
00001e7e : 06e6c863;
00001e7f : 40e888b3;
00001e80 : 011816b3;
00001e81 : 00e655b3;
00001e82 : 011618b3;
00001e83 : 00b6e6b3;
00001e84 : 011038b3;
00001e85 : 0116e6b3;
00001e86 : 00e85733;
00001e87 : 00a68633;
00001e88 : 00f70733;
00001e89 : 00d636b3;
00001e8a : 00d707b3;
00001e8b : 00879713;
00001e8c : 22075663;
00001e8d : 00140413;
00001e8e : 7ff00713;
00001e8f : 60e40863;
00001e90 : ff800737;
00001e91 : fff70713;
00001e92 : 00e7f7b3;
00001e93 : 00165713;
00001e94 : 00167613;
00001e95 : 00c76733;
00001e96 : 01f79613;
00001e97 : 00e66633;
00001e98 : 0017d793;
00001e99 : 1f80006f;
00001e9a : fe070693;
00001e9b : 00d856b3;
00001e9c : 00000593;
00001e9d : 01170863;
00001e9e : 04000593;
00001e9f : 40e585b3;
00001ea0 : 00b815b3;
00001ea1 : 00c5e5b3;
00001ea2 : 00b035b3;
00001ea3 : 00b6e6b3;
00001ea4 : 00000713;
00001ea5 : f89ff06f;
00001ea6 : 00c866b3;
00001ea7 : 00d036b3;
00001ea8 : ff1ff06f;
00001ea9 : 0c070263;
00001eaa : 40888733;
00001eab : 02041263;
00001eac : 00a7e6b3;
00001ead : 00068863;
00001eae : fff70693;
00001eaf : ee068ee3;
00001eb0 : 02b71063;
00001eb1 : 00080793;
00001eb2 : 00070413;
00001eb3 : 0e40006f;
00001eb4 : 58b88663;
00001eb5 : 008006b7;
00001eb6 : 00d7e7b3;
00001eb7 : 00070693;
00001eb8 : 03800713;
00001eb9 : 06d74c63;
00001eba : 01f00713;
00001ebb : 02000313;
00001ebc : 02d74e63;
00001ebd : 40d30333;
00001ebe : 00679733;
00001ebf : 00d555b3;
00001ec0 : 00651333;
00001ec1 : 00b76733;
00001ec2 : 00603333;
00001ec3 : 00676733;
00001ec4 : 00d7d6b3;
00001ec5 : 00c70633;
00001ec6 : 010686b3;
00001ec7 : 00e63733;
00001ec8 : 00e687b3;
00001ec9 : 00088413;
00001eca : f05ff06f;
00001ecb : fe068713;
00001ecc : 00e7d733;
00001ecd : 00000593;
00001ece : 00668863;
00001ecf : 04000593;
00001ed0 : 40d585b3;
00001ed1 : 00b795b3;
00001ed2 : 00a5e5b3;
00001ed3 : 00b035b3;
00001ed4 : 00b76733;
00001ed5 : 00000693;
00001ed6 : fbdff06f;
00001ed7 : 00a7e733;
00001ed8 : 00e03733;
00001ed9 : ff1ff06f;
00001eda : 00140713;
00001edb : 7fe77693;
00001edc : 0c069263;
00001edd : 00a7e733;
00001ede : 0a041463;
00001edf : 4a070863;
00001ee0 : 00c86733;
00001ee1 : 4a070863;
00001ee2 : 00c50633;
00001ee3 : 010787b3;
00001ee4 : 00a63533;
00001ee5 : 00a787b3;
00001ee6 : 00879713;
00001ee7 : 32075a63;
00001ee8 : ff800737;
00001ee9 : fff70713;
00001eea : 00e7f7b3;
00001eeb : 00100413;
00001eec : 01d79713;
00001eed : 00365613;
00001eee : 7ff00693;
00001eef : 00c76733;
00001ef0 : 0037d793;
00001ef1 : 00d41e63;
00001ef2 : 00f76733;
00001ef3 : 00000793;
00001ef4 : 00070863;
00001ef5 : 000807b7;
00001ef6 : 00000713;
00001ef7 : 00000913;
00001ef8 : 7ff47413;
00001ef9 : 00c79793;
00001efa : 00c7d793;
00001efb : 01441413;
00001efc : 01f91593;
00001efd : 00f46433;
00001efe : 01c12083;
00001eff : 00b467b3;
00001f00 : 01812403;
00001f01 : 01412483;
00001f02 : 01012903;
00001f03 : 00c12983;
00001f04 : 00070513;
00001f05 : 00078593;
00001f06 : 02010113;
00001f07 : 00008067;
00001f08 : 40070e63;
00001f09 : 00c86833;
00001f0a : 2c081c63;
00001f0b : 00050613;
00001f0c : 4100006f;
00001f0d : 40b70a63;
00001f0e : 00c50633;
00001f0f : 00a63533;
00001f10 : 010787b3;
00001f11 : 00a787b3;
00001f12 : 01f79693;
00001f13 : 00165613;
00001f14 : 00c6e633;
00001f15 : 0017d793;
00001f16 : 00070413;
00001f17 : 00767713;
00001f18 : 02070063;
00001f19 : 00f67713;
00001f1a : 00400693;
00001f1b : 00d70a63;
00001f1c : 00d60733;
00001f1d : 00c736b3;
00001f1e : 00d787b3;
00001f1f : 00070613;
00001f20 : 00879713;
00001f21 : f20756e3;
00001f22 : 00140413;
00001f23 : 7ff00713;
00001f24 : 3ae40e63;
00001f25 : ff800737;
00001f26 : fff70713;
00001f27 : 00e7f7b3;
00001f28 : f11ff06f;
00001f29 : 0ee05063;
00001f2a : 08089863;
00001f2b : 00c86733;
00001f2c : d20702e3;
00001f2d : fff40713;
00001f2e : 00071e63;
00001f2f : 40c50633;
00001f30 : 410787b3;
00001f31 : 00c53533;
00001f32 : 40a787b3;
00001f33 : 00100413;
00001f34 : 04c0006f;
00001f35 : d0b400e3;
00001f36 : 03800693;
00001f37 : 08e6ce63;
00001f38 : 01f00693;
00001f39 : 02000893;
00001f3a : 06e6c063;
00001f3b : 40e888b3;
00001f3c : 011816b3;
00001f3d : 00e655b3;
00001f3e : 011618b3;
00001f3f : 00b6e6b3;
00001f40 : 011038b3;
00001f41 : 0116e6b3;
00001f42 : 00e85733;
00001f43 : 40d50633;
00001f44 : 40e78733;
00001f45 : 00c53533;
00001f46 : 40a707b3;
00001f47 : 00879713;
00001f48 : f2075ee3;
00001f49 : 008004b7;
00001f4a : fff48493;
00001f4b : 0097f4b3;
00001f4c : 00060993;
00001f4d : 2140006f;
00001f4e : c8b40ee3;
00001f4f : 008006b7;
00001f50 : 00d86833;
00001f51 : f95ff06f;
00001f52 : fe070693;
00001f53 : 00d856b3;
00001f54 : 00000593;
00001f55 : 01170863;
00001f56 : 04000593;
00001f57 : 40e585b3;
00001f58 : 00b815b3;
00001f59 : 00c5e5b3;
00001f5a : 00b035b3;
00001f5b : 00b6e6b3;
00001f5c : 00000713;
00001f5d : f99ff06f;
00001f5e : 00c866b3;
00001f5f : 00d036b3;
00001f60 : ff1ff06f;
00001f61 : 0e070663;
00001f62 : 40888333;
00001f63 : 04041263;
00001f64 : 00a7e733;
00001f65 : 02070663;
00001f66 : fff30713;
00001f67 : 02071063;
00001f68 : 40a60533;
00001f69 : 00a63733;
00001f6a : 40f807b3;
00001f6b : 00050613;
00001f6c : 40e787b3;
00001f6d : 00068913;
00001f6e : f15ff06f;
00001f6f : 02b31263;
00001f70 : 00068913;
00001f71 : 00080793;
00001f72 : 00030413;
00001f73 : de5ff06f;
00001f74 : 28b88463;
00001f75 : 00800737;
00001f76 : 00e7e7b3;
00001f77 : 00030713;
00001f78 : 03800593;
00001f79 : 08e5c063;
00001f7a : 01f00593;
00001f7b : 02000e13;
00001f7c : 04e5c263;
00001f7d : 40ee0e33;
00001f7e : 01c795b3;
00001f7f : 00e55333;
00001f80 : 01c51e33;
00001f81 : 0065e5b3;
00001f82 : 01c03e33;
00001f83 : 01c5e5b3;
00001f84 : 00e7d733;
00001f85 : 40b605b3;
00001f86 : 00b637b3;
00001f87 : 40e80733;
00001f88 : 00058613;
00001f89 : 40f707b3;
00001f8a : 00088413;
00001f8b : 00068913;
00001f8c : eedff06f;
00001f8d : fe070593;
00001f8e : 00b7d5b3;
00001f8f : 00000313;
00001f90 : 01c70863;
00001f91 : 04000313;
00001f92 : 40e30333;
00001f93 : 00679333;
00001f94 : 00a36333;
00001f95 : 00603333;
00001f96 : 0065e5b3;
00001f97 : 00000713;
00001f98 : fb5ff06f;
00001f99 : 00a7e5b3;
00001f9a : 00b035b3;
00001f9b : ff1ff06f;
00001f9c : 00140713;
00001f9d : 7fe77713;
00001f9e : 0a071063;
00001f9f : 00a7e8b3;
00001fa0 : 00c86733;
00001fa1 : 06041863;
00001fa2 : 00089a63;
00001fa3 : 00080793;
00001fa4 : 02071e63;
00001fa5 : 00000913;
00001fa6 : 1b40006f;
00001fa7 : 18070c63;
00001fa8 : 40c505b3;
00001fa9 : 00b538b3;
00001faa : 41078733;
00001fab : 41170733;
00001fac : 00871893;
00001fad : 0208d663;
00001fae : 40a60533;
00001faf : 00a63733;
00001fb0 : 40f807b3;
00001fb1 : 00050613;
00001fb2 : 40e787b3;
00001fb3 : 00068913;
00001fb4 : 00f66733;
00001fb5 : 1a070063;
00001fb6 : 00000413;
00001fb7 : d81ff06f;
00001fb8 : 00e5e633;
00001fb9 : 18060263;
00001fba : 00070793;
00001fbb : 00058613;
00001fbc : fe1ff06f;
00001fbd : 00089e63;
00001fbe : 00068913;
00001fbf : 14071063;
00001fc0 : 00000913;
00001fc1 : 004007b7;
00001fc2 : 00000613;
00001fc3 : 1340006f;
00001fc4 : d0070ee3;
00001fc5 : fedff06f;
00001fc6 : 40c50733;
00001fc7 : 00e535b3;
00001fc8 : 410784b3;
00001fc9 : 40b484b3;
00001fca : 00849593;
00001fcb : 00070993;
00001fcc : 0605de63;
00001fcd : 40a609b3;
00001fce : 40f804b3;
00001fcf : 01363633;
00001fd0 : 40c484b3;
00001fd1 : 00068913;
00001fd2 : 06048e63;
00001fd3 : 00048513;
00001fd4 : 595010ef;
00001fd5 : ff850713;
00001fd6 : 02000793;
00001fd7 : 40e787b3;
00001fd8 : 00e494b3;
00001fd9 : 00f9d7b3;
00001fda : 0097e7b3;
00001fdb : 00e99633;
00001fdc : 0a874463;
00001fdd : 40870733;
00001fde : 00170513;
00001fdf : 01f00693;
00001fe0 : 02000593;
00001fe1 : 06a6c263;
00001fe2 : 40a585b3;
00001fe3 : 00b79733;
00001fe4 : 00a656b3;
00001fe5 : 00b615b3;
00001fe6 : 00d76733;
00001fe7 : 00b035b3;
00001fe8 : 00b76633;
00001fe9 : 00a7d7b3;
00001fea : f29ff06f;
00001feb : 00976633;
00001fec : f8061ce3;
00001fed : 00000913;
00001fee : 00000793;
00001fef : 00000413;
00001ff0 : bf1ff06f;
00001ff1 : 00098513;
00001ff2 : 51d010ef;
00001ff3 : 01850713;
00001ff4 : 01f00793;
00001ff5 : f8e7d2e3;
00001ff6 : ff850793;
00001ff7 : 00f997b3;
00001ff8 : 00000613;
00001ff9 : f8dff06f;
00001ffa : fe170713;
00001ffb : 00e7d733;
00001ffc : 00000693;
00001ffd : 00b50863;
00001ffe : 04000693;
00001fff : 40a686b3;
00002000 : 00d796b3;
00002001 : 00d666b3;
00002002 : 00d036b3;
00002003 : 00d76633;
00002004 : 00000793;
00002005 : ebdff06f;
00002006 : 40e40433;
00002007 : ff800737;
00002008 : fff70713;
00002009 : 00e7f7b3;
0000200a : c35ff06f;
0000200b : 00080793;
0000200c : ea1ff06f;
0000200d : 00050613;
0000200e : e99ff06f;
0000200f : 00080793;
00002010 : 00058413;
00002011 : b6dff06f;
00002012 : 00070413;
00002013 : 00000793;
00002014 : 00000613;
00002015 : b5dff06f;
00002016 : 00068913;
00002017 : 00080793;
00002018 : 00088413;
00002019 : b4dff06f;
0000201a : 00000913;
0000201b : 00000793;
0000201c : b41ff06f;
0000201d : 00000793;
0000201e : 00000613;
0000201f : f41ff06f;
00002020 : fb010113;
00002021 : 03512a23;
00002022 : 0145da93;
00002023 : 04812423;
00002024 : 05212023;
00002025 : 03312e23;
00002026 : 03412c23;
00002027 : 03712623;
00002028 : 00c59413;
00002029 : 04112623;
0000202a : 04912223;
0000202b : 03612823;
0000202c : 03812423;
0000202d : 03912223;
0000202e : 03a12023;
0000202f : 01b12e23;
00002030 : 7ffafa93;
00002031 : 00050913;
00002032 : 00060b93;
00002033 : 00068a13;
00002034 : 00c45413;
00002035 : 01f5d993;
00002036 : 0a0a8063;
00002037 : 7ff00793;
00002038 : 10fa8063;
00002039 : 01d55c93;
0000203a : 00341413;
0000203b : 008cecb3;
0000203c : 008007b7;
0000203d : 00fcecb3;
0000203e : 00351493;
0000203f : c01a8a93;
00002040 : 00000b13;
00002041 : 014a5793;
00002042 : 00ca1413;
00002043 : 7ff7f793;
00002044 : 00c45413;
00002045 : 01fa5a13;
00002046 : 0e078e63;
00002047 : 7ff00713;
00002048 : 16e78263;
00002049 : 00341413;
0000204a : 01dbd713;
0000204b : 00876733;
0000204c : 00800437;
0000204d : 00876433;
0000204e : 003b9593;
0000204f : c0178793;
00002050 : 00000713;
00002051 : 40fa8ab3;
00002052 : 002b1793;
00002053 : 00e7e7b3;
00002054 : fff78793;
00002055 : 00e00693;
00002056 : 0149c933;
00002057 : 14f6ec63;
00002058 : 0000b6b7;
00002059 : 00279793;
0000205a : e6c68693;
0000205b : 00d787b3;
0000205c : 0007a783;
0000205d : 00078067;
0000205e : 00a46cb3;
0000205f : 060c8c63;
00002060 : 04040063;
00002061 : 00040513;
00002062 : 35d010ef;
00002063 : 00050793;
00002064 : ff550713;
00002065 : 01d00c93;
00002066 : ff878693;
00002067 : 40ec8cb3;
00002068 : 00d41433;
00002069 : 01995cb3;
0000206a : 008cecb3;
0000206b : 00d91433;
0000206c : c0d00a93;
0000206d : 40fa8ab3;
0000206e : 00040493;
0000206f : f45ff06f;
00002070 : 325010ef;
00002071 : 01550713;
00002072 : 01c00693;
00002073 : 02050793;
00002074 : fce6d2e3;
00002075 : ff850513;
00002076 : 00a91cb3;
00002077 : fd5ff06f;
00002078 : 00a46cb3;
00002079 : 020c9063;
0000207a : 00000493;
0000207b : 00200b13;
0000207c : f15ff06f;
0000207d : 00000493;
0000207e : 00000a93;
0000207f : 00100b13;
00002080 : f05ff06f;
00002081 : 00050493;
00002082 : 00040c93;
00002083 : 00300b13;
00002084 : ef5ff06f;
00002085 : 017465b3;
00002086 : 08058063;
00002087 : 04040263;
00002088 : 00040513;
00002089 : 2c1010ef;
0000208a : 00050693;
0000208b : ff550793;
0000208c : 01d00713;
0000208d : ff868613;
0000208e : 40f70733;
0000208f : 00c41433;
00002090 : 00ebd733;
00002091 : 00876733;
00002092 : 00cb9433;
00002093 : c0d00793;
00002094 : 00040593;
00002095 : 40d787b3;
00002096 : 00070413;
00002097 : ee5ff06f;
00002098 : 000b8513;
00002099 : 281010ef;
0000209a : 01550793;
0000209b : 01c00713;
0000209c : 02050693;
0000209d : faf75ee3;
0000209e : ff850713;
0000209f : 00eb9733;
000020a0 : fcdff06f;
000020a1 : 017465b3;
000020a2 : 02059063;
000020a3 : 00000413;
000020a4 : 00200713;
000020a5 : eb1ff06f;
000020a6 : 00000413;
000020a7 : 00000793;
000020a8 : 00100713;
000020a9 : ea1ff06f;
000020aa : 000b8593;
000020ab : 00300713;
000020ac : e95ff06f;
000020ad : 01946663;
000020ae : 408c9a63;
000020af : 40b4e863;
000020b0 : 01fc9713;
000020b1 : 0014d793;
000020b2 : 01f49c13;
000020b3 : 001cdc93;
000020b4 : 00f764b3;
000020b5 : 00841793;
000020b6 : 0185db13;
000020b7 : 00fb6b33;
000020b8 : 0107dd13;
000020b9 : 010b1793;
000020ba : 0107d793;
000020bb : 00859b93;
000020bc : 000c8513;
000020bd : 000d0593;
000020be : 00f12623;
000020bf : 0c5010ef;
000020c0 : 00050593;
000020c1 : 00050a13;
000020c2 : 010b1513;
000020c3 : 01055513;
000020c4 : 085010ef;
000020c5 : 00050993;
000020c6 : 000d0593;
000020c7 : 000c8513;
000020c8 : 0e9010ef;
000020c9 : 01051513;
000020ca : 0104d793;
000020cb : 00a7e7b3;
000020cc : 0137fa63;
000020cd : 00fb07b3;
000020ce : 0167e463;
000020cf : 3937ee63;
000020d0 : fffa0a13;
000020d1 : 413789b3;
000020d2 : 000d0593;
000020d3 : 00098513;
000020d4 : 071010ef;
000020d5 : 00050593;
000020d6 : 00050413;
000020d7 : 010b1513;
000020d8 : 01055513;
000020d9 : 031010ef;
000020da : 00050c93;
000020db : 000d0593;
000020dc : 00098513;
000020dd : 095010ef;
000020de : 01049993;
000020df : 01051513;
000020e0 : 0109d993;
000020e1 : 00a9e9b3;
000020e2 : 0199fa63;
000020e3 : 013b09b3;
000020e4 : 0199f463;
000020e5 : 3569f863;
000020e6 : fff40413;
000020e7 : 010a1513;
000020e8 : 00856733;
000020e9 : 010b9693;
000020ea : 0106d693;
000020eb : 01071513;
000020ec : 419989b3;
000020ed : 010bdd93;
000020ee : 01055513;
000020ef : 00d12623;
000020f0 : 00068593;
000020f1 : 7d0010ef;
000020f2 : 00050813;
000020f3 : 01071513;
000020f4 : 01055513;
000020f5 : 000d8593;
000020f6 : 7bc010ef;
000020f7 : 010b9593;
000020f8 : 00050793;
000020f9 : 0105d593;
000020fa : 01075513;
000020fb : 7a8010ef;
000020fc : 00050893;
000020fd : 000d8593;
000020fe : 01075513;
000020ff : 798010ef;
00002100 : 01085a13;
00002101 : 011787b3;
00002102 : 00fa0a33;
00002103 : 011a7663;
00002104 : 000107b7;
00002105 : 00f50533;
00002106 : 010a5793;
00002107 : 01081813;
00002108 : 010a1a13;
00002109 : 01085813;
0000210a : 00a78533;
0000210b : 010a0a33;
0000210c : 00a9e663;
0000210d : 2aa99e63;
0000210e : 2b4c7c63;
0000210f : 017c07b3;
00002110 : 0187b6b3;
00002111 : 01668633;
00002112 : 00c989b3;
00002113 : fff70413;
00002114 : 00078c13;
00002115 : 013b6663;
00002116 : 02069463;
00002117 : 033b1263;
00002118 : 00a9e663;
00002119 : 01351e63;
0000211a : 0147fc63;
0000211b : 00fb8c33;
0000211c : 017c37b3;
0000211d : 016787b3;
0000211e : ffe70413;
0000211f : 00f989b3;
00002120 : 414c0a33;
00002121 : 40a989b3;
00002122 : 014c37b3;
00002123 : 40f989b3;
00002124 : fff00593;
00002125 : 193b0263;
00002126 : 000d0593;
00002127 : 00098513;
00002128 : 720010ef;
00002129 : 00050593;
0000212a : 00050493;
0000212b : 010b1513;
0000212c : 01055513;
0000212d : 6e0010ef;
0000212e : 00050c13;
0000212f : 000d0593;
00002130 : 00098513;
00002131 : 744010ef;
00002132 : 01051513;
00002133 : 010a5713;
00002134 : 00a76733;
00002135 : 01877a63;
00002136 : 00eb0733;
00002137 : 01676463;
00002138 : 21876c63;
00002139 : fff48493;
0000213a : 418709b3;
0000213b : 000d0593;
0000213c : 00098513;
0000213d : 6cc010ef;
0000213e : 00050593;
0000213f : 00050c13;
00002140 : 010b1513;
00002141 : 01055513;
00002142 : 68c010ef;
00002143 : 00050c93;
00002144 : 000d0593;
00002145 : 00098513;
00002146 : 6f0010ef;
00002147 : 010a1793;
00002148 : 01051513;
00002149 : 0107d793;
0000214a : 00a7e7b3;
0000214b : 0197fa63;
0000214c : 00fb07b3;
0000214d : 0197f463;
0000214e : 1d67f663;
0000214f : fffc0c13;
00002150 : 01049713;
00002151 : 01876733;
00002152 : 01071513;
00002153 : 010b9593;
00002154 : 419787b3;
00002155 : 01055513;
00002156 : 0105d593;
00002157 : 638010ef;
00002158 : 00050813;
00002159 : 01071513;
0000215a : 01055513;
0000215b : 000d8593;
0000215c : 624010ef;
0000215d : 010b9593;
0000215e : 00050893;
0000215f : 0105d593;
00002160 : 01075513;
00002161 : 610010ef;
00002162 : 00050313;
00002163 : 000d8593;
00002164 : 01075513;
00002165 : 600010ef;
00002166 : 01085693;
00002167 : 006888b3;
00002168 : 011686b3;
00002169 : 0066f663;
0000216a : 00010637;
0000216b : 00c50533;
0000216c : 0106d613;
0000216d : 01081813;
0000216e : 01069693;
0000216f : 01085813;
00002170 : 00a60533;
00002171 : 010686b3;
00002172 : 00a7e663;
00002173 : 04a79463;
00002174 : 14068063;
00002175 : 00fb0633;
00002176 : fff70593;
00002177 : 00060793;
00002178 : 03666463;
00002179 : 00a66663;
0000217a : 02a61463;
0000217b : 00dbfe63;
0000217c : ffe70593;
0000217d : 001b9713;
0000217e : 017737b3;
0000217f : 016787b3;
00002180 : 00f607b3;
00002181 : 00070b93;
00002182 : 00db9463;
00002183 : 00a78663;
00002184 : 00058713;
00002185 : 00176593;
00002186 : 3ffa8793;
00002187 : 12f05e63;
00002188 : 0075f713;
00002189 : 02070063;
0000218a : 00f5f713;
0000218b : 00400693;
0000218c : 00d70a63;
0000218d : 00d58733;
0000218e : 00b736b3;
0000218f : 00d40433;
00002190 : 00070593;
00002191 : 00741713;
00002192 : 00075a63;
00002193 : ff0007b7;
00002194 : fff78793;
00002195 : 00f47433;
00002196 : 400a8793;
00002197 : 7fe00713;
00002198 : 1cf74263;
00002199 : 01d41713;
0000219a : 0035d593;
0000219b : 00b76733;
0000219c : 00345413;
0000219d : 00c41413;
0000219e : 00c45413;
0000219f : 01479793;
000021a0 : 04c12083;
000021a1 : 0087e7b3;
000021a2 : 04812403;
000021a3 : 01f91913;
000021a4 : 04412483;
000021a5 : 03c12983;
000021a6 : 03812a03;
000021a7 : 03412a83;
000021a8 : 03012b03;
000021a9 : 02c12b83;
000021aa : 02812c03;
000021ab : 02412c83;
000021ac : 02012d03;
000021ad : 01c12d83;
000021ae : 0127e5b3;
000021af : 00070513;
000021b0 : 04012903;
000021b1 : 05010113;
000021b2 : 00008067;
000021b3 : fffa8a93;
000021b4 : 00000c13;
000021b5 : c01ff06f;
000021b6 : ffea0a13;
000021b7 : 016787b3;
000021b8 : c65ff06f;
000021b9 : ffe40413;
000021ba : 016989b3;
000021bb : cb1ff06f;
000021bc : 00070413;
000021bd : d8dff06f;
000021be : ffe48493;
000021bf : 01670733;
000021c0 : de9ff06f;
000021c1 : ffec0c13;
000021c2 : 016787b3;
000021c3 : e35ff06f;
000021c4 : 00000b93;
000021c5 : 00070593;
000021c6 : ef1ff06f;
000021c7 : 000a0913;
000021c8 : 00070b13;
000021c9 : 00200793;
000021ca : 0efb0e63;
000021cb : 00300793;
000021cc : 0efb0063;
000021cd : 00100793;
000021ce : eefb10e3;
000021cf : 00000413;
000021d0 : 00000713;
000021d1 : 08c0006f;
000021d2 : 00098913;
000021d3 : 000c8413;
000021d4 : 00048593;
000021d5 : fd1ff06f;
000021d6 : 08078063;
000021d7 : fc900713;
000021d8 : fce7cee3;
000021d9 : fe200713;
000021da : 06e7cc63;
000021db : 00100713;
000021dc : 40f70733;
000021dd : 41ea8a93;
000021de : 00e5d7b3;
000021df : 015595b3;
000021e0 : 00b035b3;
000021e1 : 01541ab3;
000021e2 : 0155e5b3;
000021e3 : 00b7e7b3;
000021e4 : 00e45433;
000021e5 : 0077f713;
000021e6 : 02070063;
000021e7 : 00f7f713;
000021e8 : 00400693;
000021e9 : 00d70a63;
000021ea : 00d78733;
000021eb : 00f736b3;
000021ec : 00d40433;
000021ed : 00070793;
000021ee : 00841713;
000021ef : 06074c63;
000021f0 : 01d41713;
000021f1 : 0037d793;
000021f2 : 00f76733;
000021f3 : 00345413;
000021f4 : 00000793;
000021f5 : ea1ff06f;
000021f6 : 00100713;
000021f7 : f99ff06f;
000021f8 : fe100613;
000021f9 : 40f60733;
000021fa : 00e45733;
000021fb : 00000693;
000021fc : 00c78663;
000021fd : 43ea8a93;
000021fe : 015416b3;
000021ff : 00b6e6b3;
00002200 : 00d036b3;
00002201 : 00d767b3;
00002202 : 00000413;
00002203 : f89ff06f;
00002204 : 00080437;
00002205 : 00000713;
00002206 : 7ff00793;
00002207 : 00000913;
00002208 : e55ff06f;
00002209 : 00000413;
0000220a : 00000713;
0000220b : 7ff00793;
0000220c : e45ff06f;
0000220d : 00000413;
0000220e : 00000713;
0000220f : 00100793;
00002210 : e35ff06f;
00002211 : 001007b7;
00002212 : 0145d813;
00002213 : fff78793;
00002214 : 0146d313;
00002215 : 7ff87813;
00002216 : 7ff00e93;
00002217 : 00b7f733;
00002218 : 00050893;
00002219 : 01f5df93;
0000221a : 00d7f7b3;
0000221b : 7ff37313;
0000221c : 01f6df13;
0000221d : 01d81863;
0000221e : 00a76e33;
0000221f : 00100513;
00002220 : 040e1263;
00002221 : 01d31863;
00002222 : 00c7e7b3;
00002223 : 00100513;
00002224 : 02079a63;
00002225 : 00b6c6b3;
00002226 : 00169693;
00002227 : 02069263;
00002228 : 03161063;
00002229 : 00000513;
0000222a : 01ef8e63;
0000222b : 00100513;
0000222c : 00081a63;
0000222d : 01176733;
0000222e : 00e03533;
0000222f : 00008067;
00002230 : 00100513;
00002231 : 00008067;
00002232 : 0145d893;
00002233 : 00100737;
00002234 : fff70713;
00002235 : 0146d813;
00002236 : 7ff8f893;
00002237 : 7ff00793;
00002238 : 00b77333;
00002239 : 7ff87813;
0000223a : 00d77733;
0000223b : 01f5d593;
0000223c : 01f6d693;
0000223d : 02f88063;
0000223e : 7ff00e13;
0000223f : 00080793;
00002240 : 03c81463;
00002241 : 00c76e33;
00002242 : 020e0063;
00002243 : ffe00793;
00002244 : 0100006f;
00002245 : 00a36e33;
00002246 : ffe00793;
00002247 : fc0e0ee3;
00002248 : 00078513;
00002249 : 00008067;
0000224a : 00000e13;
0000224b : 00089663;
0000224c : 00a36e33;
0000224d : 001e3e13;
0000224e : 04081863;
0000224f : 00c76eb3;
00002250 : 000e0a63;
00002251 : fc0e8ee3;
00002252 : 00169793;
00002253 : fff78793;
00002254 : fd1ff06f;
00002255 : 020e9c63;
00002256 : 40b005b3;
00002257 : 0015e793;
00002258 : fc1ff06f;
00002259 : ff08c2e3;
0000225a : fe6768e3;
0000225b : 00a67463;
0000225c : fee304e3;
0000225d : 00c56663;
0000225e : 00000793;
0000225f : fae372e3;
00002260 : 00159793;
00002261 : fc9ff06f;
00002262 : fc0e10e3;
00002263 : fcb696e3;
00002264 : fd185ae3;
00002265 : 40d006b3;
00002266 : 0016e793;
00002267 : f85ff06f;
00002268 : 0145d893;
00002269 : 00100737;
0000226a : fff70713;
0000226b : 0146d813;
0000226c : 7ff8f893;
0000226d : 7ff00793;
0000226e : 00b77333;
0000226f : 7ff87813;
00002270 : 00d77733;
00002271 : 01f5d593;
00002272 : 01f6d693;
00002273 : 02f88063;
00002274 : 7ff00e13;
00002275 : 00080793;
00002276 : 03c81463;
00002277 : 00c76e33;
00002278 : 020e0063;
00002279 : 00200793;
0000227a : 0100006f;
0000227b : 00a36e33;
0000227c : 00200793;
0000227d : fc0e0ee3;
0000227e : 00078513;
0000227f : 00008067;
00002280 : 00000e13;
00002281 : 00089663;
00002282 : 00a36e33;
00002283 : 001e3e13;
00002284 : 04081863;
00002285 : 00c76eb3;
00002286 : 000e0a63;
00002287 : fc0e8ee3;
00002288 : 00169793;
00002289 : fff78793;
0000228a : fd1ff06f;
0000228b : 020e9c63;
0000228c : 40b005b3;
0000228d : 0015e793;
0000228e : fc1ff06f;
0000228f : ff08c2e3;
00002290 : fe6768e3;
00002291 : 00a67463;
00002292 : fee304e3;
00002293 : 00c56663;
00002294 : 00000793;
00002295 : fae372e3;
00002296 : 00159793;
00002297 : fc9ff06f;
00002298 : fc0e10e3;
00002299 : fcb696e3;
0000229a : fd185ae3;
0000229b : 40d006b3;
0000229c : 0016e793;
0000229d : f85ff06f;
0000229e : fd010113;
0000229f : 01312e23;
000022a0 : 0145d993;
000022a1 : 02812423;
000022a2 : 02912223;
000022a3 : 01412c23;
000022a4 : 01512a23;
000022a5 : 01712623;
000022a6 : 00c59493;
000022a7 : 02112623;
000022a8 : 03212023;
000022a9 : 01612823;
000022aa : 7ff9f993;
000022ab : 00050413;
000022ac : 00060b93;
000022ad : 00068a13;
000022ae : 00c4d493;
000022af : 01f5da93;
000022b0 : 0c098263;
000022b1 : 7ff00793;
000022b2 : 12f98463;
000022b3 : 00349493;
000022b4 : 01d55793;
000022b5 : 0097e7b3;
000022b6 : 008004b7;
000022b7 : 0097e4b3;
000022b8 : 00351913;
000022b9 : c0198993;
000022ba : 00000b13;
000022bb : 014a5793;
000022bc : 00ca1413;
000022bd : 7ff7f793;
000022be : 00c45413;
000022bf : 01fa5a13;
000022c0 : 12078063;
000022c1 : 7ff00713;
000022c2 : 18e78463;
000022c3 : 00341413;
000022c4 : 01dbd713;
000022c5 : 00876733;
000022c6 : 00800437;
000022c7 : 00876433;
000022c8 : 003b9593;
000022c9 : c0178793;
000022ca : 00000693;
000022cb : 00f989b3;
000022cc : 002b1793;
000022cd : 00d7e7b3;
000022ce : 00a00713;
000022cf : 00198893;
000022d0 : 1af74263;
000022d1 : 00200613;
000022d2 : 014ac833;
000022d3 : 00100713;
000022d4 : 16f64863;
000022d5 : fff78793;
000022d6 : 1af76663;
000022d7 : 00068b13;
000022d8 : 00200793;
000022d9 : 58fb0863;
000022da : 00300793;
000022db : 56fb0e63;
000022dc : 00100793;
000022dd : 40fb1063;
000022de : 00000413;
000022df : 00000713;
000022e0 : 5180006f;
000022e1 : 00a4e933;
000022e2 : 06090e63;
000022e3 : 04048263;
000022e4 : 00048513;
000022e5 : 150010ef;
000022e6 : 00050713;
000022e7 : ff550693;
000022e8 : 01d00793;
000022e9 : ff870613;
000022ea : 40d787b3;
000022eb : 00c494b3;
000022ec : 00f457b3;
000022ed : 0097e7b3;
000022ee : 00c414b3;
000022ef : c0d00993;
000022f0 : 00048913;
000022f1 : 40e989b3;
000022f2 : 00078493;
000022f3 : f1dff06f;
000022f4 : 114010ef;
000022f5 : 01550693;
000022f6 : 01c00793;
000022f7 : 02050713;
000022f8 : fcd7d0e3;
000022f9 : ff850793;
000022fa : 00f417b3;
000022fb : fd1ff06f;
000022fc : 00a4e933;
000022fd : 02091063;
000022fe : 00000493;
000022ff : 00200b13;
00002300 : eedff06f;
00002301 : 00000493;
00002302 : 00000993;
00002303 : 00100b13;
00002304 : eddff06f;
00002305 : 00050913;
00002306 : 00300b13;
00002307 : ed1ff06f;
00002308 : 017465b3;
00002309 : 08058063;
0000230a : 04040263;
0000230b : 00040513;
0000230c : 0b4010ef;
0000230d : 00050693;
0000230e : ff550793;
0000230f : 01d00713;
00002310 : ff868613;
00002311 : 40f70733;
00002312 : 00c41433;
00002313 : 00ebd733;
00002314 : 00876733;
00002315 : 00cb9433;
00002316 : c0d00793;
00002317 : 00040593;
00002318 : 40d787b3;
00002319 : 00070413;
0000231a : ec1ff06f;
0000231b : 000b8513;
0000231c : 074010ef;
0000231d : 01550793;
0000231e : 01c00713;
0000231f : 02050693;
00002320 : faf75ee3;
00002321 : ff850713;
00002322 : 00eb9733;
00002323 : fcdff06f;
00002324 : 017465b3;
00002325 : 02059063;
00002326 : 00000413;
00002327 : 00200693;
00002328 : e8dff06f;
00002329 : 00000413;
0000232a : 00000793;
0000232b : 00100693;
0000232c : e7dff06f;
0000232d : 000b8593;
0000232e : 00300693;
0000232f : e71ff06f;
00002330 : 00f717b3;
00002331 : 5307f713;
00002332 : 02071863;
00002333 : 2407f613;
00002334 : 40061463;
00002335 : 0887f793;
00002336 : 02078663;
00002337 : 000a0813;
00002338 : e7dff06f;
00002339 : 00f00713;
0000233a : 40e78063;
0000233b : 00b00713;
0000233c : 000a8813;
0000233d : fee784e3;
0000233e : 00048413;
0000233f : 00090593;
00002340 : e61ff06f;
00002341 : 01095793;
00002342 : 01059f13;
00002343 : 01091913;
00002344 : 01095913;
00002345 : 010f5f13;
00002346 : 0105de93;
00002347 : 00090513;
00002348 : 000f0593;
00002349 : 671000ef;
0000234a : 00050e13;
0000234b : 000e8593;
0000234c : 00090513;
0000234d : 661000ef;
0000234e : 00050f93;
0000234f : 000f0593;
00002350 : 00078513;
00002351 : 651000ef;
00002352 : 00050293;
00002353 : 000e8593;
00002354 : 00078513;
00002355 : 641000ef;
00002356 : 010e5313;
00002357 : 005f8fb3;
00002358 : 01f30333;
00002359 : 00050713;
0000235a : 00537663;
0000235b : 000106b7;
0000235c : 00d50733;
0000235d : 010e1e13;
0000235e : 01035393;
0000235f : 010e5e13;
00002360 : 01031313;
00002361 : 01c30333;
00002362 : 01045e13;
00002363 : 01041413;
00002364 : 01045413;
00002365 : 00090513;
00002366 : 00040593;
00002367 : 5f9000ef;
00002368 : 00050293;
00002369 : 000e0593;
0000236a : 00090513;
0000236b : 5e9000ef;
0000236c : 00050f93;
0000236d : 00040593;
0000236e : 00078513;
0000236f : 5d9000ef;
00002370 : 00050913;
00002371 : 000e0593;
00002372 : 00078513;
00002373 : 5c9000ef;
00002374 : 0102d793;
00002375 : 012f8fb3;
00002376 : 01f787b3;
00002377 : 0127f663;
00002378 : 000106b7;
00002379 : 00d50533;
0000237a : 01029293;
0000237b : 0107d593;
0000237c : 0102d293;
0000237d : 0104d913;
0000237e : 01079793;
0000237f : 01049493;
00002380 : 005787b3;
00002381 : 0104d493;
00002382 : 00a58fb3;
00002383 : 00f383b3;
00002384 : 00048513;
00002385 : 000f0593;
00002386 : 57d000ef;
00002387 : 00050293;
00002388 : 000e8593;
00002389 : 00048513;
0000238a : 56d000ef;
0000238b : 00050a13;
0000238c : 000f0593;
0000238d : 00090513;
0000238e : 55d000ef;
0000238f : 00050f13;
00002390 : 000e8593;
00002391 : 00090513;
00002392 : 54d000ef;
00002393 : 0102d613;
00002394 : 01ea0a33;
00002395 : 01460633;
00002396 : 01e67663;
00002397 : 000106b7;
00002398 : 00d50533;
00002399 : 01029293;
0000239a : 01065593;
0000239b : 0102d293;
0000239c : 01061613;
0000239d : 00a58eb3;
0000239e : 00560f33;
0000239f : 00048513;
000023a0 : 00040593;
000023a1 : 511000ef;
000023a2 : 00050293;
000023a3 : 000e0593;
000023a4 : 00048513;
000023a5 : 501000ef;
000023a6 : 00050493;
000023a7 : 00040593;
000023a8 : 00090513;
000023a9 : 4f1000ef;
000023aa : 00050413;
000023ab : 000e0593;
000023ac : 00090513;
000023ad : 4e1000ef;
000023ae : 0102d613;
000023af : 008484b3;
000023b0 : 00960633;
000023b1 : 00050e13;
000023b2 : 00867663;
000023b3 : 000106b7;
000023b4 : 00d50e33;
000023b5 : 01029293;
000023b6 : 01061693;
000023b7 : 0102d293;
000023b8 : 00770733;
000023b9 : 005686b3;
000023ba : 01f685b3;
000023bb : 00f737b3;
000023bc : 00f587b3;
000023bd : 00d5b6b3;
000023be : 00b7b5b3;
000023bf : 00b6e6b3;
000023c0 : 01065613;
000023c1 : 00c686b3;
000023c2 : 01e70633;
000023c3 : 01d785b3;
000023c4 : 00e63733;
000023c5 : 00e58733;
000023c6 : 00f5b7b3;
000023c7 : 00b735b3;
000023c8 : 00b7e7b3;
000023c9 : 00961593;
000023ca : 00d787b3;
000023cb : 0065e5b3;
000023cc : 01c787b3;
000023cd : 00b035b3;
000023ce : 01765613;
000023cf : 00979793;
000023d0 : 01775413;
000023d1 : 00c5e5b3;
000023d2 : 00971713;
000023d3 : 00e5e5b3;
000023d4 : 00779713;
000023d5 : 0087e433;
000023d6 : 0c075063;
000023d7 : 0015d793;
000023d8 : 0015f593;
000023d9 : 00b7e7b3;
000023da : 01f41593;
000023db : 00b7e5b3;
000023dc : 00145413;
000023dd : 3ff88793;
000023de : 0af05463;
000023df : 0075f713;
000023e0 : 02070063;
000023e1 : 00f5f713;
000023e2 : 00400693;
000023e3 : 00d70a63;
000023e4 : 00d58733;
000023e5 : 00b736b3;
000023e6 : 00d40433;
000023e7 : 00070593;
000023e8 : 00741713;
000023e9 : 00075a63;
000023ea : ff0007b7;
000023eb : fff78793;
000023ec : 00f47433;
000023ed : 40088793;
000023ee : 7fe00713;
000023ef : 12f74c63;
000023f0 : 01d41713;
000023f1 : 0035d593;
000023f2 : 00b76733;
000023f3 : 00345413;
000023f4 : 00c41413;
000023f5 : 00c45413;
000023f6 : 01479793;
000023f7 : 02c12083;
000023f8 : 0087e7b3;
000023f9 : 02812403;
000023fa : 01f81813;
000023fb : 02412483;
000023fc : 02012903;
000023fd : 01c12983;
000023fe : 01812a03;
000023ff : 01412a83;
00002400 : 01012b03;
00002401 : 00c12b83;
00002402 : 00070513;
00002403 : 0107e5b3;
00002404 : 03010113;
00002405 : 00008067;
00002406 : 00098893;
00002407 : f59ff06f;
00002408 : 08078063;
00002409 : fc900713;
0000240a : b4e7c8e3;
0000240b : fe200713;
0000240c : 06e7cc63;
0000240d : 00100713;
0000240e : 40f70733;
0000240f : 41e88893;
00002410 : 011597b3;
00002411 : 00f037b3;
00002412 : 011418b3;
00002413 : 00e5d6b3;
00002414 : 0117e7b3;
00002415 : 00d7e7b3;
00002416 : 00e45433;
00002417 : 0077f713;
00002418 : 02070063;
00002419 : 00f7f713;
0000241a : 00400693;
0000241b : 00d70a63;
0000241c : 00d78733;
0000241d : 00f736b3;
0000241e : 00d40433;
0000241f : 00070793;
00002420 : 00841713;
00002421 : 08074063;
00002422 : 01d41713;
00002423 : 0037d793;
00002424 : 00f76733;
00002425 : 00345413;
00002426 : 00000793;
00002427 : f35ff06f;
00002428 : 00100713;
00002429 : f99ff06f;
0000242a : fe100613;
0000242b : 40f60733;
0000242c : 00e45733;
0000242d : 00000693;
0000242e : 00c78663;
0000242f : 43e88893;
00002430 : 011416b3;
00002431 : 00d5e5b3;
00002432 : 00b035b3;
00002433 : 00b767b3;
00002434 : 00000413;
00002435 : f89ff06f;
00002436 : 00080437;
00002437 : 7ff00793;
00002438 : 00000813;
00002439 : eedff06f;
0000243a : 00080437;
0000243b : 00000713;
0000243c : fedff06f;
0000243d : 00000413;
0000243e : 00000713;
0000243f : 7ff00793;
00002440 : ed1ff06f;
00002441 : 00000413;
00002442 : 00000713;
00002443 : 00100793;
00002444 : ec1ff06f;
00002445 : 00100837;
00002446 : fff80813;
00002447 : fe010113;
00002448 : 00b877b3;
00002449 : 0145d713;
0000244a : 00d87833;
0000244b : 0146d893;
0000244c : 00912a23;
0000244d : 00379793;
0000244e : 7ff77493;
0000244f : 01d55713;
00002450 : 01212823;
00002451 : 00f767b3;
00002452 : 01f5d913;
00002453 : 01d65713;
00002454 : 00381813;
00002455 : 00112e23;
00002456 : 00812c23;
00002457 : 01312623;
00002458 : 7ff8f893;
00002459 : 7ff00593;
0000245a : 00351513;
0000245b : 01f6d693;
0000245c : 01076733;
0000245d : 00361613;
0000245e : 00b89663;
0000245f : 00c765b3;
00002460 : 00059463;
00002461 : 0016c693;
00002462 : 41148833;
00002463 : 7ff00593;
00002464 : 31269463;
00002465 : 11005263;
00002466 : 02089c63;
00002467 : 00c766b3;
00002468 : 02068463;
00002469 : fff48813;
0000246a : 00081e63;
0000246b : 00c50633;
0000246c : 00e787b3;
0000246d : 00a63533;
0000246e : 00a787b3;
0000246f : 00100493;
00002470 : 0600006f;
00002471 : 00b49c63;
00002472 : 00050613;
00002473 : 1d80006f;
00002474 : feb48ce3;
00002475 : 008006b7;
00002476 : 00d76733;
00002477 : 03800693;
00002478 : 0b06c663;
00002479 : 01f00693;
0000247a : 02000893;
0000247b : 0706c863;
0000247c : 410888b3;
0000247d : 011716b3;
0000247e : 010655b3;
0000247f : 011618b3;
00002480 : 00b6e6b3;
00002481 : 011038b3;
00002482 : 0116e6b3;
00002483 : 01075833;
00002484 : 00a68633;
00002485 : 00f80833;
00002486 : 00d636b3;
00002487 : 00d807b3;
00002488 : 00879713;
00002489 : 22075663;
0000248a : 00148493;
0000248b : 7ff00713;
0000248c : 60e48863;
0000248d : ff800737;
0000248e : fff70713;
0000248f : 00e7f7b3;
00002490 : 00165713;
00002491 : 00167613;
00002492 : 00c76733;
00002493 : 01f79613;
00002494 : 00e66633;
00002495 : 0017d793;
00002496 : 1f80006f;
00002497 : fe080693;
00002498 : 00d756b3;
00002499 : 00000593;
0000249a : 01180863;
0000249b : 04000593;
0000249c : 410585b3;
0000249d : 00b715b3;
0000249e : 00c5e5b3;
0000249f : 00b035b3;
000024a0 : 00b6e6b3;
000024a1 : 00000813;
000024a2 : f89ff06f;
000024a3 : 00c766b3;
000024a4 : 00d036b3;
000024a5 : ff1ff06f;
000024a6 : 0c080263;
000024a7 : 409886b3;
000024a8 : 02049263;
000024a9 : 00a7e833;
000024aa : 00080863;
000024ab : fff68813;
000024ac : ee080ee3;
000024ad : 02b69063;
000024ae : 00070793;
000024af : 00068493;
000024b0 : 0e40006f;
000024b1 : 58b88663;
000024b2 : 008005b7;
000024b3 : 00b7e7b3;
000024b4 : 00068813;
000024b5 : 03800693;
000024b6 : 0706cc63;
000024b7 : 01f00693;
000024b8 : 02000313;
000024b9 : 0306ce63;
000024ba : 41030333;
000024bb : 006796b3;
000024bc : 010555b3;
000024bd : 00651333;
000024be : 00b6e6b3;
000024bf : 00603333;
000024c0 : 0066e6b3;
000024c1 : 0107d833;
000024c2 : 00c68633;
000024c3 : 00e80833;
000024c4 : 00d636b3;
000024c5 : 00d807b3;
000024c6 : 00088493;
000024c7 : f05ff06f;
000024c8 : fe080693;
000024c9 : 00d7d6b3;
000024ca : 00000593;
000024cb : 00680863;
000024cc : 04000593;
000024cd : 410585b3;
000024ce : 00b795b3;
000024cf : 00a5e5b3;
000024d0 : 00b035b3;
000024d1 : 00b6e6b3;
000024d2 : 00000813;
000024d3 : fbdff06f;
000024d4 : 00a7e6b3;
000024d5 : 00d036b3;
000024d6 : ff1ff06f;
000024d7 : 00148693;
000024d8 : 7fe6f813;
000024d9 : 0c081263;
000024da : 00a7e6b3;
000024db : 0a049463;
000024dc : 4a068863;
000024dd : 00c766b3;
000024de : 4a068863;
000024df : 00c50633;
000024e0 : 00e787b3;
000024e1 : 00a63533;
000024e2 : 00a787b3;
000024e3 : 00879713;
000024e4 : 32075a63;
000024e5 : ff800737;
000024e6 : fff70713;
000024e7 : 00e7f7b3;
000024e8 : 00100493;
000024e9 : 01d79693;
000024ea : 00365613;
000024eb : 7ff00713;
000024ec : 00c6e6b3;
000024ed : 0037d793;
000024ee : 00e49e63;
000024ef : 00f6e6b3;
000024f0 : 00000793;
000024f1 : 00068863;
000024f2 : 000807b7;
000024f3 : 00000693;
000024f4 : 00000913;
000024f5 : 7ff4f713;
000024f6 : 00c79793;
000024f7 : 01c12083;
000024f8 : 01812403;
000024f9 : 00c7d793;
000024fa : 01471713;
000024fb : 01f91593;
000024fc : 00f76733;
000024fd : 00b767b3;
000024fe : 01412483;
000024ff : 01012903;
00002500 : 00c12983;
00002501 : 00068513;
00002502 : 00078593;
00002503 : 02010113;
00002504 : 00008067;
00002505 : 40068e63;
00002506 : 00c76733;
00002507 : 2c071c63;
00002508 : 00050613;
00002509 : 4100006f;
0000250a : 40b68a63;
0000250b : 00c50633;
0000250c : 00e787b3;
0000250d : 00a63533;
0000250e : 00a787b3;
0000250f : 01f79713;
00002510 : 00165613;
00002511 : 00c76633;
00002512 : 0017d793;
00002513 : 00068493;
00002514 : 00767713;
00002515 : 02070063;
00002516 : 00f67713;
00002517 : 00400693;
00002518 : 00d70a63;
00002519 : 00d60733;
0000251a : 00c736b3;
0000251b : 00d787b3;
0000251c : 00070613;
0000251d : 00879713;
0000251e : f20756e3;
0000251f : 00148493;
00002520 : 7ff00713;
00002521 : 3ae48e63;
00002522 : ff800737;
00002523 : fff70713;
00002524 : 00e7f7b3;
00002525 : f11ff06f;
00002526 : 0f005063;
00002527 : 08089863;
00002528 : 00c766b3;
00002529 : d20682e3;
0000252a : fff48813;
0000252b : 00081e63;
0000252c : 40c50633;
0000252d : 40e787b3;
0000252e : 00c53533;
0000252f : 40a787b3;
00002530 : 00100493;
00002531 : 04c0006f;
00002532 : d0b480e3;
00002533 : 03800693;
00002534 : 0906ce63;
00002535 : 01f00693;
00002536 : 02000893;
00002537 : 0706c063;
00002538 : 410888b3;
00002539 : 011716b3;
0000253a : 010655b3;
0000253b : 011618b3;
0000253c : 00b6e6b3;
0000253d : 011038b3;
0000253e : 0116e6b3;
0000253f : 01075833;
00002540 : 40d50633;
00002541 : 41078833;
00002542 : 00c53533;
00002543 : 40a807b3;
00002544 : 00879713;
00002545 : f2075ee3;
00002546 : 00800437;
00002547 : fff40413;
00002548 : 0087f433;
00002549 : 00060993;
0000254a : 2140006f;
0000254b : c8b48ee3;
0000254c : 008006b7;
0000254d : 00d76733;
0000254e : f95ff06f;
0000254f : fe080693;
00002550 : 00d756b3;
00002551 : 00000593;
00002552 : 01180863;
00002553 : 04000593;
00002554 : 410585b3;
00002555 : 00b715b3;
00002556 : 00c5e5b3;
00002557 : 00b035b3;
00002558 : 00b6e6b3;
00002559 : 00000813;
0000255a : f99ff06f;
0000255b : 00c766b3;
0000255c : 00d036b3;
0000255d : ff1ff06f;
0000255e : 0e080663;
0000255f : 40988333;
00002560 : 04049263;
00002561 : 00a7e833;
00002562 : 02080663;
00002563 : fff30813;
00002564 : 02081063;
00002565 : 40a60533;
00002566 : 00a635b3;
00002567 : 40f707b3;
00002568 : 00050613;
00002569 : 40b787b3;
0000256a : 00068913;
0000256b : f15ff06f;
0000256c : 02b31263;
0000256d : 00068913;
0000256e : 00070793;
0000256f : 00030493;
00002570 : de5ff06f;
00002571 : 28b88463;
00002572 : 008005b7;
00002573 : 00b7e7b3;
00002574 : 00030813;
00002575 : 03800593;
00002576 : 0905c063;
00002577 : 01f00593;
00002578 : 02000e13;
00002579 : 0505c263;
0000257a : 410e0e33;
0000257b : 01c795b3;
0000257c : 01055333;
0000257d : 01c51e33;
0000257e : 0065e5b3;
0000257f : 01c03e33;
00002580 : 01c5e5b3;
00002581 : 0107d833;
00002582 : 40b605b3;
00002583 : 00b637b3;
00002584 : 41070833;
00002585 : 00058613;
00002586 : 40f807b3;
00002587 : 00088493;
00002588 : 00068913;
00002589 : eedff06f;
0000258a : fe080593;
0000258b : 00b7d5b3;
0000258c : 00000313;
0000258d : 01c80863;
0000258e : 04000313;
0000258f : 41030333;
00002590 : 00679333;
00002591 : 00a36333;
00002592 : 00603333;
00002593 : 0065e5b3;
00002594 : 00000813;
00002595 : fb5ff06f;
00002596 : 00a7e5b3;
00002597 : 00b035b3;
00002598 : ff1ff06f;
00002599 : 00148813;
0000259a : 7fe87813;
0000259b : 0a081063;
0000259c : 00c76833;
0000259d : 00a7e8b3;
0000259e : 06049863;
0000259f : 00089a63;
000025a0 : 00070793;
000025a1 : 02081e63;
000025a2 : 00000913;
000025a3 : 1b40006f;
000025a4 : 18080c63;
000025a5 : 40c50833;
000025a6 : 010538b3;
000025a7 : 40e785b3;
000025a8 : 411585b3;
000025a9 : 00859893;
000025aa : 0208d663;
000025ab : 40a60533;
000025ac : 00a635b3;
000025ad : 40f707b3;
000025ae : 00050613;
000025af : 40b787b3;
000025b0 : 00068913;
000025b1 : 00f66733;
000025b2 : 1a070063;
000025b3 : 00000493;
000025b4 : d81ff06f;
000025b5 : 00b86633;
000025b6 : 18060263;
000025b7 : 00058793;
000025b8 : 00080613;
000025b9 : fe1ff06f;
000025ba : 00089e63;
000025bb : 00068913;
000025bc : 14081063;
000025bd : 00000913;
000025be : 004007b7;
000025bf : 00000613;
000025c0 : 1340006f;
000025c1 : d0080ee3;
000025c2 : fedff06f;
000025c3 : 40c505b3;
000025c4 : 00b53833;
000025c5 : 40e78433;
000025c6 : 41040433;
000025c7 : 00841813;
000025c8 : 00058993;
000025c9 : 06085e63;
000025ca : 40a609b3;
000025cb : 40f70433;
000025cc : 01363633;
000025cd : 40c40433;
000025ce : 00068913;
000025cf : 06040e63;
000025d0 : 00040513;
000025d1 : 5a0000ef;
000025d2 : ff850713;
000025d3 : 02000793;
000025d4 : 40e787b3;
000025d5 : 00e41433;
000025d6 : 00f9d7b3;
000025d7 : 0087e7b3;
000025d8 : 00e99633;
000025d9 : 0a974463;
000025da : 40970733;
000025db : 00170513;
000025dc : 01f00693;
000025dd : 02000593;
000025de : 06a6c263;
000025df : 40a585b3;
000025e0 : 00b79733;
000025e1 : 00a656b3;
000025e2 : 00b615b3;
000025e3 : 00d76733;
000025e4 : 00b035b3;
000025e5 : 00b76633;
000025e6 : 00a7d7b3;
000025e7 : f29ff06f;
000025e8 : 0085e633;
000025e9 : f8061ce3;
000025ea : 00000913;
000025eb : 00000793;
000025ec : 00000493;
000025ed : bf1ff06f;
000025ee : 00098513;
000025ef : 528000ef;
000025f0 : 01850713;
000025f1 : 01f00793;
000025f2 : f8e7d2e3;
000025f3 : ff850793;
000025f4 : 00f997b3;
000025f5 : 00000613;
000025f6 : f8dff06f;
000025f7 : fe170713;
000025f8 : 00e7d733;
000025f9 : 00000693;
000025fa : 00b50863;
000025fb : 04000693;
000025fc : 40a686b3;
000025fd : 00d796b3;
000025fe : 00d666b3;
000025ff : 00d036b3;
00002600 : 00d76633;
00002601 : 00000793;
00002602 : ebdff06f;
00002603 : 40e484b3;
00002604 : ff800737;
00002605 : fff70713;
00002606 : 00e7f7b3;
00002607 : c35ff06f;
00002608 : 00070793;
00002609 : ea1ff06f;
0000260a : 00050613;
0000260b : e99ff06f;
0000260c : 00070793;
0000260d : 00058493;
0000260e : b6dff06f;
0000260f : 00068493;
00002610 : 00000793;
00002611 : 00000613;
00002612 : b5dff06f;
00002613 : 00068913;
00002614 : 00070793;
00002615 : 00088493;
00002616 : b4dff06f;
00002617 : 00000913;
00002618 : 00000793;
00002619 : b41ff06f;
0000261a : 00000793;
0000261b : 00000613;
0000261c : f41ff06f;
0000261d : 0145d713;
0000261e : 001006b7;
0000261f : fff68793;
00002620 : 7ff77713;
00002621 : 3fe00613;
00002622 : 00b7f7b3;
00002623 : 01f5d593;
00002624 : 04e65c63;
00002625 : 41d00613;
00002626 : 00e65a63;
00002627 : 80000537;
00002628 : fff50513;
00002629 : 00a58533;
0000262a : 00008067;
0000262b : 00d7e7b3;
0000262c : 41300693;
0000262d : 02e6d463;
0000262e : bed70693;
0000262f : 00d797b3;
00002630 : 43300693;
00002631 : 40e68733;
00002632 : 00e55533;
00002633 : 00a7e533;
00002634 : 00058e63;
00002635 : 40a00533;
00002636 : 00008067;
00002637 : 40e686b3;
00002638 : 00d7d533;
00002639 : fedff06f;
0000263a : 00000513;
0000263b : 00008067;
0000263c : 0145d713;
0000263d : 00100837;
0000263e : fff80793;
0000263f : 7ff77713;
00002640 : 3fe00693;
00002641 : 00b7f7b3;
00002642 : 00050613;
00002643 : 01f5d593;
00002644 : 04e6d863;
00002645 : 41f00693;
00002646 : 40b686b3;
00002647 : fff58513;
00002648 : 04d75263;
00002649 : 00000513;
0000264a : 02059e63;
0000264b : 41300693;
0000264c : 0107e7b3;
0000264d : 02e6d063;
0000264e : bed70693;
0000264f : 00d797b3;
00002650 : 43300693;
00002651 : 40e68733;
00002652 : 00e65633;
00002653 : 00c7e533;
00002654 : 00008067;
00002655 : 40e686b3;
00002656 : 00d7d533;
00002657 : 00008067;
00002658 : 00000513;
00002659 : 00008067;
0000265a : ff010113;
0000265b : 00812423;
0000265c : 00112623;
0000265d : 00050413;
0000265e : 06050063;
0000265f : 368000ef;
00002660 : 41e00713;
00002661 : 00a00793;
00002662 : 40a70733;
00002663 : 02a7ce63;
00002664 : 00b00793;
00002665 : 40a787b3;
00002666 : 01550513;
00002667 : 00f457b3;
00002668 : 00a41433;
00002669 : 00c12083;
0000266a : 00040513;
0000266b : 00812403;
0000266c : 00c79793;
0000266d : 01471713;
0000266e : 00c7d793;
0000266f : 00f765b3;
00002670 : 01010113;
00002671 : 00008067;
00002672 : ff550513;
00002673 : 00a417b3;
00002674 : 00000413;
00002675 : fd1ff06f;
00002676 : 00000793;
00002677 : 00000713;
00002678 : fc5ff06f;
00002679 : fe010113;
0000267a : 00112e23;
0000267b : 00812c23;
0000267c : 00912a23;
0000267d : 01212823;
0000267e : 01312623;
0000267f : 01412423;
00002680 : 00b56733;
00002681 : 18070263;
00002682 : 00050913;
00002683 : 00058493;
00002684 : 00058413;
00002685 : 0a058e63;
00002686 : 00058513;
00002687 : 2c8000ef;
00002688 : 43e00a13;
00002689 : 00a00793;
0000268a : 00050993;
0000268b : 40aa0a33;
0000268c : 10a7c463;
0000268d : 00700793;
0000268e : 12a7c263;
0000268f : 03850613;
00002690 : 00048593;
00002691 : 00090513;
00002692 : 260000ef;
00002693 : 00b56533;
00002694 : 00800613;
00002695 : 00a034b3;
00002696 : 00040593;
00002697 : 41360633;
00002698 : 00090513;
00002699 : 208000ef;
0000269a : 00a4e7b3;
0000269b : 00058413;
0000269c : ff800737;
0000269d : fff70713;
0000269e : 00e47433;
0000269f : 0077f713;
000026a0 : 02070e63;
000026a1 : 00f7f713;
000026a2 : 00400693;
000026a3 : 02d70863;
000026a4 : 00d78733;
000026a5 : 00f736b3;
000026a6 : 00d40433;
000026a7 : 00070793;
000026a8 : 00841713;
000026a9 : 00075c63;
000026aa : ff800737;
000026ab : fff70713;
000026ac : 43f00a13;
000026ad : 00e47433;
000026ae : 413a0a33;
000026af : 01d41713;
000026b0 : 0037d793;
000026b1 : 00f76733;
000026b2 : 00345413;
000026b3 : 0380006f;
000026b4 : 214000ef;
000026b5 : 02050993;
000026b6 : 43e00a13;
000026b7 : 02a00793;
000026b8 : 413a0a33;
000026b9 : 0737c463;
000026ba : 02b00413;
000026bb : ff598713;
000026bc : 41340433;
000026bd : 00e494b3;
000026be : 00895433;
000026bf : 00946433;
000026c0 : 00e91733;
000026c1 : 00c41413;
000026c2 : 014a1a13;
000026c3 : 00c45413;
000026c4 : 008a65b3;
000026c5 : 01c12083;
000026c6 : 01812403;
000026c7 : 01412483;
000026c8 : 01012903;
000026c9 : 00c12983;
000026ca : 00812a03;
000026cb : 00070513;
000026cc : 02010113;
000026cd : 00008067;
000026ce : 00b00793;
000026cf : 00090713;
000026d0 : faf514e3;
000026d1 : 43300a13;
000026d2 : fbdff06f;
000026d3 : ff550413;
000026d4 : 00000713;
000026d5 : 00891433;
000026d6 : fadff06f;
000026d7 : 00800713;
000026d8 : 00090793;
000026d9 : f0e506e3;
000026da : 02800413;
000026db : ff850713;
000026dc : 40a40433;
000026dd : 00895433;
000026de : 00e494b3;
000026df : 00946433;
000026e0 : 00e917b3;
000026e1 : eedff06f;
000026e2 : 00000413;
000026e3 : 00000a13;
000026e4 : f75ff06f;
000026e5 : 00050613;
000026e6 : 00000513;
000026e7 : 0015f693;
000026e8 : 00068463;
000026e9 : 00c50533;
000026ea : 0015d593;
000026eb : 00161613;
000026ec : fe0596e3;
000026ed : 00008067;
000026ee : 06054063;
000026ef : 0605c663;
000026f0 : 00058613;
000026f1 : 00050593;
000026f2 : fff00513;
000026f3 : 02060c63;
000026f4 : 00100693;
000026f5 : 00b67a63;
000026f6 : 00c05863;
000026f7 : 00161613;
000026f8 : 00169693;
000026f9 : feb66ae3;
000026fa : 00000513;
000026fb : 00c5e663;
000026fc : 40c585b3;
000026fd : 00d56533;
000026fe : 0016d693;
000026ff : 00165613;
00002700 : fe0696e3;
00002701 : 00008067;
00002702 : 00008293;
00002703 : fb5ff0ef;
00002704 : 00058513;
00002705 : 00028067;
00002706 : 40a00533;
00002707 : 00b04863;
00002708 : 40b005b3;
00002709 : f9dff06f;
0000270a : 40b005b3;
0000270b : 00008293;
0000270c : f91ff0ef;
0000270d : 40a00533;
0000270e : 00028067;
0000270f : 00008293;
00002710 : 0005ca63;
00002711 : 00054c63;
00002712 : f79ff0ef;
00002713 : 00058513;
00002714 : 00028067;
00002715 : 40b005b3;
00002716 : fe0558e3;
00002717 : 40a00533;
00002718 : f61ff0ef;
00002719 : 40b00533;
0000271a : 00028067;
0000271b : 00060e63;
0000271c : 01f00793;
0000271d : 00c7dc63;
0000271e : fe060613;
0000271f : 00c5d533;
00002720 : 00000713;
00002721 : 00070593;
00002722 : 00008067;
00002723 : 02000793;
00002724 : 40c787b3;
00002725 : 00c5d733;
00002726 : 00c55533;
00002727 : 00f595b3;
00002728 : 00a5e533;
00002729 : fe1ff06f;
0000272a : 00060e63;
0000272b : 01f00793;
0000272c : 00c7dc63;
0000272d : fe060613;
0000272e : 00c515b3;
0000272f : 00000713;
00002730 : 00070513;
00002731 : 00008067;
00002732 : 02000793;
00002733 : 40c787b3;
00002734 : 00c51733;
00002735 : 00c595b3;
00002736 : 00f55533;
00002737 : 00b565b3;
00002738 : fe1ff06f;
00002739 : 000107b7;
0000273a : 02f57a63;
0000273b : 10053793;
0000273c : 0017b793;
0000273d : 00379793;
0000273e : 0000b737;
0000273f : 00f55533;
00002740 : ea870713;
00002741 : 00a70733;
00002742 : 00074503;
00002743 : 02000693;
00002744 : 40f686b3;
00002745 : 40a68533;
00002746 : 00008067;
00002747 : 01000737;
00002748 : 01800793;
00002749 : fce57ae3;
0000274a : 01000793;
0000274b : fcdff06f;
0000274c : 70206b36;
0000274d : 6f667265;
0000274e : 6e616d72;
0000274f : 72206563;
00002750 : 70206e75;
00002751 : 6d617261;
00002752 : 72657465;
00002753 : 6f662073;
00002754 : 6f632072;
00002755 : 616d6572;
00002756 : 002e6b72;
00002757 : 76206b36;
00002758 : 64696c61;
00002759 : 6f697461;
0000275a : 7572206e;
0000275b : 6170206e;
0000275c : 656d6172;
0000275d : 73726574;
0000275e : 726f6620;
0000275f : 726f6320;
00002760 : 72616d65;
00002761 : 00002e6b;
00002762 : 00000000;
00002763 : 666f7250;
00002764 : 20656c69;
00002765 : 656e6567;
00002766 : 69746172;
00002767 : 72206e6f;
00002768 : 70206e75;
00002769 : 6d617261;
0000276a : 72657465;
0000276b : 6f662073;
0000276c : 6f632072;
0000276d : 616d6572;
0000276e : 002e6b72;
0000276f : 70204b32;
00002770 : 6f667265;
00002771 : 6e616d72;
00002772 : 72206563;
00002773 : 70206e75;
00002774 : 6d617261;
00002775 : 72657465;
00002776 : 6f662073;
00002777 : 6f632072;
00002778 : 616d6572;
00002779 : 002e6b72;
0000277a : 76204b32;
0000277b : 64696c61;
0000277c : 6f697461;
0000277d : 7572206e;
0000277e : 6170206e;
0000277f : 656d6172;
00002780 : 73726574;
00002781 : 726f6620;
00002782 : 726f6320;
00002783 : 72616d65;
00002784 : 00002e6b;
00002785 : 5d75255b;
00002786 : 4f525245;
00002787 : 6c202152;
00002788 : 20747369;
00002789 : 20637263;
0000278a : 30257830;
0000278b : 2d207834;
0000278c : 6f687320;
0000278d : 20646c75;
0000278e : 30206562;
0000278f : 34302578;
00002790 : 00000a78;
00002791 : 5d75255b;
00002792 : 4f525245;
00002793 : 6d202152;
00002794 : 69727461;
00002795 : 72632078;
00002796 : 78302063;
00002797 : 78343025;
00002798 : 73202d20;
00002799 : 6c756f68;
0000279a : 65622064;
0000279b : 25783020;
0000279c : 0a783430;
0000279d : 00000000;
0000279e : 5d75255b;
0000279f : 4f525245;
000027a0 : 73202152;
000027a1 : 65746174;
000027a2 : 63726320;
000027a3 : 25783020;
000027a4 : 20783430;
000027a5 : 6873202d;
000027a6 : 646c756f;
000027a7 : 20656220;
000027a8 : 30257830;
000027a9 : 000a7834;
000027aa : 65726f43;
000027ab : 6b72614d;
000027ac : 7a695320;
000027ad : 20202065;
000027ae : 25203a20;
000027af : 000a756c;
000027b0 : 61746f54;
000027b1 : 6974206c;
000027b2 : 20736b63;
000027b3 : 20202020;
000027b4 : 25203a20;
000027b5 : 6b20756c;
000027b6 : 0000000a;
000027b7 : 61746f54;
000027b8 : 6974206c;
000027b9 : 2820656d;
000027ba : 73636573;
000027bb : 25203a29;
000027bc : 00000a66;
000027bd : 72657449;
000027be : 6f697461;
000027bf : 532f736e;
000027c0 : 20206365;
000027c1 : 25203a20;
000027c2 : 00000a66;
000027c3 : 4f525245;
000027c4 : 4d202152;
000027c5 : 20747375;
000027c6 : 63657865;
000027c7 : 20657475;
000027c8 : 20726f66;
000027c9 : 6c207461;
000027ca : 74736165;
000027cb : 20303120;
000027cc : 73636573;
000027cd : 726f6620;
000027ce : 76206120;
000027cf : 64696c61;
000027d0 : 73657220;
000027d1 : 21746c75;
000027d2 : 00000000;
000027d3 : 72657449;
000027d4 : 6f697461;
000027d5 : 2020736e;
000027d6 : 20202020;
000027d7 : 25203a20;
000027d8 : 000a756c;
000027d9 : 31434347;
000027da : 2e322e35;
000027db : 00000030;
000027dc : 706d6f43;
000027dd : 72656c69;
000027de : 72657620;
000027df : 6e6f6973;
000027e0 : 25203a20;
000027e1 : 00000a73;
000027e2 : 20656553;
000027e3 : 656b614d;
000027e4 : 656c6966;
000027e5 : 00000000;
000027e6 : 706d6f43;
000027e7 : 72656c69;
000027e8 : 616c6620;
000027e9 : 20207367;
000027ea : 25203a20;
000027eb : 00000a73;
000027ec : 54415453;
000027ed : 00004349;
000027ee : 6f6d654d;
000027ef : 6c207972;
000027f0 : 7461636f;
000027f1 : 206e6f69;
000027f2 : 25203a20;
000027f3 : 00000a73;
000027f4 : 64656573;
000027f5 : 20637263;
000027f6 : 20202020;
000027f7 : 20202020;
000027f8 : 30203a20;
000027f9 : 34302578;
000027fa : 00000a78;
000027fb : 5d64255b;
000027fc : 6c637263;
000027fd : 20747369;
000027fe : 20202020;
000027ff : 203a2020;
00002800 : 30257830;
00002801 : 000a7834;
00002802 : 5d64255b;
00002803 : 6d637263;
00002804 : 69727461;
00002805 : 20202078;
00002806 : 203a2020;
00002807 : 30257830;
00002808 : 000a7834;
00002809 : 5d64255b;
0000280a : 73637263;
0000280b : 65746174;
0000280c : 20202020;
0000280d : 203a2020;
0000280e : 30257830;
0000280f : 000a7834;
00002810 : 5d64255b;
00002811 : 66637263;
00002812 : 6c616e69;
00002813 : 20202020;
00002814 : 203a2020;
00002815 : 30257830;
00002816 : 000a7834;
00002817 : 72726f43;
00002818 : 20746365;
00002819 : 7265706f;
0000281a : 6f697461;
0000281b : 6176206e;
0000281c : 6164696c;
0000281d : 2e646574;
0000281e : 65655320;
0000281f : 41455220;
00002820 : 2e454d44;
00002821 : 6620646d;
00002822 : 7220726f;
00002823 : 61206e75;
00002824 : 7220646e;
00002825 : 726f7065;
00002826 : 676e6974;
00002827 : 6c757220;
00002828 : 002e7365;
00002829 : 65726f43;
0000282a : 6b72614d;
0000282b : 302e3120;
0000282c : 25203a20;
0000282d : 202f2066;
0000282e : 25207325;
0000282f : 00000073;
00002830 : 25202f20;
00002831 : 00000073;
00002832 : 6e6e6143;
00002833 : 7620746f;
00002834 : 64696c61;
00002835 : 20657461;
00002836 : 7265706f;
00002837 : 6f697461;
00002838 : 6f66206e;
00002839 : 68742072;
0000283a : 20657365;
0000283b : 64656573;
0000283c : 6c617620;
0000283d : 2c736575;
0000283e : 656c7020;
0000283f : 20657361;
00002840 : 706d6f63;
00002841 : 20657261;
00002842 : 68746977;
00002843 : 73657220;
00002844 : 73746c75;
00002845 : 206e6f20;
00002846 : 6e6b2061;
00002847 : 206e776f;
00002848 : 74616c70;
00002849 : 6d726f66;
0000284a : 0000002e;
0000284b : 6f727245;
0000284c : 64207372;
0000284d : 63657465;
0000284e : 00646574;
0000284f : 4f525245;
00002850 : 4e202152;
00002851 : 5043206f;
00002852 : 61622055;
00002853 : 63206573;
00002854 : 746e756f;
00002855 : 20737265;
00002856 : 69617661;
00002857 : 6c62616c;
00002858 : 5a282065;
00002859 : 746e6369;
0000285a : 0a212972;
0000285b : 00000000;
0000285c : 524f454e;
0000285d : 3a323356;
0000285e : 6f725020;
0000285f : 73736563;
00002860 : 7220726f;
00002861 : 696e6e75;
00002862 : 6120676e;
00002863 : 75252074;
00002864 : 0a7a4820;
00002865 : 00000000;
00002866 : 524f454e;
00002867 : 3a323356;
00002868 : 65784520;
00002869 : 69747563;
0000286a : 6320676e;
0000286b : 6d65726f;
0000286c : 206b7261;
0000286d : 20752528;
0000286e : 72657469;
0000286f : 6f697461;
00002870 : 2e29736e;
00002871 : 69685420;
00002872 : 616d2073;
00002873 : 61742079;
00002874 : 7320656b;
00002875 : 20656d6f;
00002876 : 656d6974;
00002877 : 0a2e2e2e;
00002878 : 0000000a;
00002879 : 4f454e0a;
0000287a : 32335652;
0000287b : 6148203a;
0000287c : 61776472;
0000287d : 50206572;
0000287e : 6f667265;
0000287f : 6e616d72;
00002880 : 4d206563;
00002881 : 74696e6f;
00002882 : 2073726f;
00002883 : 776f6c28;
00002884 : 726f7720;
00002885 : 6f207364;
00002886 : 29796c6e;
00002887 : 0000000a;
00002888 : 41203e20;
00002889 : 76697463;
0000288a : 6c632065;
0000288b : 206b636f;
0000288c : 6c637963;
0000288d : 20207365;
0000288e : 20202020;
0000288f : 3a202020;
00002890 : 0a752520;
00002891 : 00000000;
00002892 : 52203e20;
00002893 : 72697465;
00002894 : 69206465;
00002895 : 7274736e;
00002896 : 69746375;
00002897 : 20736e6f;
00002898 : 20202020;
00002899 : 3a202020;
0000289a : 0a752520;
0000289b : 00000000;
0000289c : 43203e20;
0000289d : 72706d6f;
0000289e : 65737365;
0000289f : 6e692064;
000028a0 : 75727473;
000028a1 : 6f697463;
000028a2 : 2020736e;
000028a3 : 3a202020;
000028a4 : 0a752520;
000028a5 : 00000000;
000028a6 : 48206f6e;
000028a7 : 20734d50;
000028a8 : 69617661;
000028a9 : 6c62616c;
000028aa : 00000a65;
000028ab : 49203e20;
000028ac : 7274736e;
000028ad : 6964202e;
000028ae : 74617073;
000028af : 77206863;
000028b0 : 20746961;
000028b1 : 6c637963;
000028b2 : 3a207365;
000028b3 : 0a752520;
000028b4 : 00000000;
000028b5 : 41203e20;
000028b6 : 7720554c;
000028b7 : 20746961;
000028b8 : 6c637963;
000028b9 : 20207365;
000028ba : 20202020;
000028bb : 20202020;
000028bc : 3a202020;
000028bd : 0a752520;
000028be : 00000000;
000028bf : 42203e20;
000028c0 : 636e6172;
000028c1 : 6e692068;
000028c2 : 75727473;
000028c3 : 6f697463;
000028c4 : 2020736e;
000028c5 : 20202020;
000028c6 : 3a202020;
000028c7 : 0a752520;
000028c8 : 00000000;
000028c9 : 43203e20;
000028ca : 72746e6f;
000028cb : 66206c6f;
000028cc : 20776f6c;
000028cd : 6e617274;
000028ce : 72656673;
000028cf : 20202073;
000028d0 : 3a202020;
000028d1 : 0a752520;
000028d2 : 00000000;
000028d3 : 4c203e20;
000028d4 : 2064616f;
000028d5 : 74736e69;
000028d6 : 74637572;
000028d7 : 736e6f69;
000028d8 : 20202020;
000028d9 : 20202020;
000028da : 3a202020;
000028db : 0a752520;
000028dc : 00000000;
000028dd : 53203e20;
000028de : 65726f74;
000028df : 736e6920;
000028e0 : 63757274;
000028e1 : 6e6f6974;
000028e2 : 20202073;
000028e3 : 20202020;
000028e4 : 3a202020;
000028e5 : 0a752520;
000028e6 : 00000000;
000028e7 : 4c203e20;
000028e8 : 2f64616f;
000028e9 : 726f7473;
000028ea : 61772065;
000028eb : 63207469;
000028ec : 656c6379;
000028ed : 20202073;
000028ee : 3a202020;
000028ef : 0a752520;
000028f0 : 00000000;
000028f1 : 6c6c614d;
000028f2 : 6620636f;
000028f3 : 656c6961;
000028f4 : 000a2164;
000028f5 : 332e3054;
000028f6 : 46312d65;
000028f7 : 00000000;
000028f8 : 542e542d;
000028f9 : 71542b2b;
000028fa : 00000000;
000028fb : 2e335431;
000028fc : 7a346534;
000028fd : 00000000;
000028fe : 302e3433;
000028ff : 5e542d65;
00002900 : 00000000;
00002901 : 30352e35;
00002902 : 332b6530;
00002903 : 00000000;
00002904 : 32312e2d;
00002905 : 322d6533;
00002906 : 00000000;
00002907 : 6537382d;
00002908 : 3233382b;
00002909 : 00000000;
0000290a : 362e302b;
0000290b : 32312d65;
0000290c : 00000000;
0000290d : 352e3533;
0000290e : 30303434;
0000290f : 00000000;
00002910 : 3332312e;
00002911 : 30303534;
00002912 : 00000000;
00002913 : 3031312d;
00002914 : 3030372e;
00002915 : 00000000;
00002916 : 362e302b;
00002917 : 30303434;
00002918 : 00000000;
00002919 : 32313035;
0000291a : 00000000;
0000291b : 34333231;
0000291c : 00000000;
0000291d : 3437382d;
0000291e : 00000000;
0000291f : 3232312b;
00002920 : 00000000;
00002921 : 33323130;
00002922 : 37363534;
00002923 : 62613938;
00002924 : 66656463;
00002925 : 6a696867;
00002926 : 6e6d6c6b;
00002927 : 7271706f;
00002928 : 76757473;
00002929 : 7a797877;
0000292a : 00000000;
0000292b : 33323130;
0000292c : 37363534;
0000292d : 42413938;
0000292e : 46454443;
0000292f : 4a494847;
00002930 : 4e4d4c4b;
00002931 : 5251504f;
00002932 : 56555453;
00002933 : 5a595857;
00002934 : 00000000;
00002935 : 4c554e3c;
00002936 : 00003e4c;
00002937 : 33323130;
00002938 : 37363534;
00002939 : 62613938;
0000293a : 66656463;
0000293b : 00000000;
0000293c : 3b315b1b;
0000293d : 3c6d3133;
0000293e : 524f454e;
0000293f : 2d323356;
00002940 : 2d455452;
00002941 : 494e4150;
00002942 : 00203e43;
00002943 : 7570635b;
00002944 : 00007c31;
00002945 : 7570635b;
00002946 : 00007c30;
00002947 : 00205d4d;
00002948 : 00205d55;
00002949 : 74736e49;
0000294a : 74637572;
0000294b : 206e6f69;
0000294c : 65636361;
0000294d : 66207373;
0000294e : 746c7561;
0000294f : 00000000;
00002950 : 656c6c49;
00002951 : 206c6167;
00002952 : 74736e69;
00002953 : 74637572;
00002954 : 006e6f69;
00002955 : 74736e49;
00002956 : 74637572;
00002957 : 206e6f69;
00002958 : 72646461;
00002959 : 20737365;
0000295a : 6173696d;
0000295b : 6e67696c;
0000295c : 00006465;
0000295d : 69766e45;
0000295e : 6d6e6f72;
0000295f : 20746e65;
00002960 : 61657262;
00002961 : 696f706b;
00002962 : 0000746e;
00002963 : 64616f4c;
00002964 : 64646120;
00002965 : 73736572;
00002966 : 73696d20;
00002967 : 67696c61;
00002968 : 0064656e;
00002969 : 64616f4c;
0000296a : 63636120;
0000296b : 20737365;
0000296c : 6c756166;
0000296d : 00000074;
0000296e : 726f7453;
0000296f : 64612065;
00002970 : 73657264;
00002971 : 696d2073;
00002972 : 696c6173;
00002973 : 64656e67;
00002974 : 00000000;
00002975 : 726f7453;
00002976 : 63612065;
00002977 : 73736563;
00002978 : 75616620;
00002979 : 0000746c;
0000297a : 69766e45;
0000297b : 6d6e6f72;
0000297c : 20746e65;
0000297d : 6c6c6163;
0000297e : 6f726620;
0000297f : 2d55206d;
00002980 : 65646f6d;
00002981 : 00000000;
00002982 : 69766e45;
00002983 : 6d6e6f72;
00002984 : 20746e65;
00002985 : 6c6c6163;
00002986 : 6f726620;
00002987 : 2d4d206d;
00002988 : 65646f6d;
00002989 : 00000000;
0000298a : 6863614d;
0000298b : 20656e69;
0000298c : 74666f73;
0000298d : 65726177;
0000298e : 51524920;
0000298f : 00000000;
00002990 : 6863614d;
00002991 : 20656e69;
00002992 : 656d6974;
00002993 : 52492072;
00002994 : 00000051;
00002995 : 6863614d;
00002996 : 20656e69;
00002997 : 65747865;
00002998 : 6c616e72;
00002999 : 51524920;
0000299a : 00000000;
0000299b : 51524946;
0000299c : 2820302d;
0000299d : 29445754;
0000299e : 00000000;
0000299f : 51524946;
000029a0 : 2820312d;
000029a1 : 29534643;
000029a2 : 00000000;
000029a3 : 51524946;
000029a4 : 2820322d;
000029a5 : 54524155;
000029a6 : 00002930;
000029a7 : 51524946;
000029a8 : 2820332d;
000029a9 : 54524155;
000029aa : 00002931;
000029ab : 51524946;
000029ac : 2820342d;
000029ad : 65736572;
000029ae : 64657672;
000029af : 00000029;
000029b0 : 51524946;
000029b1 : 2820352d;
000029b2 : 43415254;
000029b3 : 00295245;
000029b4 : 51524946;
000029b5 : 2820362d;
000029b6 : 29495053;
000029b7 : 00000000;
000029b8 : 51524946;
000029b9 : 2820372d;
000029ba : 29495754;
000029bb : 00000000;
000029bc : 51524946;
000029bd : 2820382d;
000029be : 4f495047;
000029bf : 00000029;
000029c0 : 51524946;
000029c1 : 2820392d;
000029c2 : 4c4f454e;
000029c3 : 00294445;
000029c4 : 51524946;
000029c5 : 2030312d;
000029c6 : 414d4428;
000029c7 : 00000029;
000029c8 : 51524946;
000029c9 : 2031312d;
000029ca : 49445328;
000029cb : 00000029;
000029cc : 51524946;
000029cd : 2032312d;
000029ce : 54504728;
000029cf : 0029524d;
000029d0 : 51524946;
000029d1 : 2033312d;
000029d2 : 454e4f28;
000029d3 : 45524957;
000029d4 : 00000029;
000029d5 : 51524946;
000029d6 : 2034312d;
000029d7 : 494c5328;
000029d8 : 00294b4e;
000029d9 : 51524946;
000029da : 2035312d;
000029db : 4e525428;
000029dc : 00002947;
000029dd : 6e6b6e55;
000029de : 206e776f;
000029df : 70617274;
000029e0 : 75616320;
000029e1 : 00206573;
000029e2 : 50454d20;
000029e3 : 00003d43;
000029e4 : 56544d20;
000029e5 : 003d4c41;
000029e6 : 73694420;
000029e7 : 696c6261;
000029e8 : 4920676e;
000029e9 : 73205152;
000029ea : 6372756f;
000029eb : 00000065;
000029ec : 54414620;
000029ed : 20214c41;
000029ee : 746c6148;
000029ef : 20676e69;
000029f0 : 20555043;
000029f1 : 454e2f3c;
000029f2 : 3356524f;
000029f3 : 54522d32;
000029f4 : 41502d45;
000029f5 : 3e43494e;
000029f6 : 6d305b1b;
000029f7 : 0000000a;
000029f8 : 4e2f3c20;
000029f9 : 56524f45;
000029fa : 522d3233;
000029fb : 502d4554;
000029fc : 43494e41;
000029fd : 5b1b0a3e;
000029fe : 00006d30;
000029ff : 33323130;
00002a00 : 37363534;
00002a01 : 42413938;
00002a02 : 46454443;
00002a03 : 00000000;
00002a04 : 0000a3d4;
00002a05 : 0000a3e0;
00002a06 : 0000a3ec;
00002a07 : 0000a3f8;
00002a08 : 0000a404;
00002a09 : 0000a410;
00002a0a : 0000a41c;
00002a0b : 0000a428;
00002a0c : 0000a434;
00002a0d : 0000a440;
00002a0e : 0000a44c;
00002a0f : 0000a458;
00002a10 : 0000a464;
00002a11 : 0000a46c;
00002a12 : 0000a474;
00002a13 : 0000a47c;
00002a14 : 00001e2e;
00002a15 : 00001e16;
00002a16 : 00001e1c;
00002a17 : 00001e22;
00002a18 : 00001e28;
00002a19 : 00001e10;
00002a1a : 80050000;
00002a1b : 000a800f;
00002a1c : 001e801b;
00002a1d : 80110014;
00002a1e : 00368033;
00002a1f : 8039003c;
00002a20 : 802d0028;
00002a21 : 00228027;
00002a22 : 00668063;
00002a23 : 8069006c;
00002a24 : 807d0078;
00002a25 : 00728077;
00002a26 : 80550050;
00002a27 : 005a805f;
00002a28 : 004e804b;
00002a29 : 80410044;
00002a2a : 00c680c3;
00002a2b : 80c900cc;
00002a2c : 80dd00d8;
00002a2d : 00d280d7;
00002a2e : 80f500f0;
00002a2f : 00fa80ff;
00002a30 : 00ee80eb;
00002a31 : 80e100e4;
00002a32 : 80a500a0;
00002a33 : 00aa80af;
00002a34 : 00be80bb;
00002a35 : 80b100b4;
00002a36 : 00968093;
00002a37 : 8099009c;
00002a38 : 808d0088;
00002a39 : 00828087;
00002a3a : 01868183;
00002a3b : 8189018c;
00002a3c : 819d0198;
00002a3d : 01928197;
00002a3e : 81b501b0;
00002a3f : 01ba81bf;
00002a40 : 01ae81ab;
00002a41 : 81a101a4;
00002a42 : 81e501e0;
00002a43 : 01ea81ef;
00002a44 : 01fe81fb;
00002a45 : 81f101f4;
00002a46 : 01d681d3;
00002a47 : 81d901dc;
00002a48 : 81cd01c8;
00002a49 : 01c281c7;
00002a4a : 81450140;
00002a4b : 014a814f;
00002a4c : 015e815b;
00002a4d : 81510154;
00002a4e : 01768173;
00002a4f : 8179017c;
00002a50 : 816d0168;
00002a51 : 01628167;
00002a52 : 01268123;
00002a53 : 8129012c;
00002a54 : 813d0138;
00002a55 : 01328137;
00002a56 : 81150110;
00002a57 : 011a811f;
00002a58 : 010e810b;
00002a59 : 81010104;
00002a5a : 03068303;
00002a5b : 8309030c;
00002a5c : 831d0318;
00002a5d : 03128317;
00002a5e : 83350330;
00002a5f : 033a833f;
00002a60 : 032e832b;
00002a61 : 83210324;
00002a62 : 83650360;
00002a63 : 036a836f;
00002a64 : 037e837b;
00002a65 : 83710374;
00002a66 : 03568353;
00002a67 : 8359035c;
00002a68 : 834d0348;
00002a69 : 03428347;
00002a6a : 83c503c0;
00002a6b : 03ca83cf;
00002a6c : 03de83db;
00002a6d : 83d103d4;
00002a6e : 03f683f3;
00002a6f : 83f903fc;
00002a70 : 83ed03e8;
00002a71 : 03e283e7;
00002a72 : 03a683a3;
00002a73 : 83a903ac;
00002a74 : 83bd03b8;
00002a75 : 03b283b7;
00002a76 : 83950390;
00002a77 : 039a839f;
00002a78 : 038e838b;
00002a79 : 83810384;
00002a7a : 82850280;
00002a7b : 028a828f;
00002a7c : 029e829b;
00002a7d : 82910294;
00002a7e : 02b682b3;
00002a7f : 82b902bc;
00002a80 : 82ad02a8;
00002a81 : 02a282a7;
00002a82 : 02e682e3;
00002a83 : 82e902ec;
00002a84 : 82fd02f8;
00002a85 : 02f282f7;
00002a86 : 82d502d0;
00002a87 : 02da82df;
00002a88 : 02ce82cb;
00002a89 : 82c102c4;
00002a8a : 02468243;
00002a8b : 8249024c;
00002a8c : 825d0258;
00002a8d : 02528257;
00002a8e : 82750270;
00002a8f : 027a827f;
00002a90 : 026e826b;
00002a91 : 82610264;
00002a92 : 82250220;
00002a93 : 022a822f;
00002a94 : 023e823b;
00002a95 : 82310234;
00002a96 : 02168213;
00002a97 : 8219021c;
00002a98 : 820d0208;
00002a99 : 02028207;
00002a9a : 00002c9a;
00002a9b : 00002c2a;
00002a9c : 00002c2a;
00002a9d : 00002c92;
00002a9e : 00002c2a;
00002a9f : 00002c2a;
00002aa0 : 00002c2a;
00002aa1 : 00002c2a;
00002aa2 : 00002c2a;
00002aa3 : 00002c2a;
00002aa4 : 00002c2a;
00002aa5 : 00002c8a;
00002aa6 : 00002c2a;
00002aa7 : 00002c82;
00002aa8 : 00002c2a;
00002aa9 : 00002c2a;
00002aaa : 00002c7a;
00002aab : 00002f2c;
00002aac : 00002ca2;
00002aad : 00002ca2;
00002aae : 00002ca2;
00002aaf : 00002ca2;
00002ab0 : 00002ca2;
00002ab1 : 00002ca2;
00002ab2 : 00002ca2;
00002ab3 : 00002ca2;
00002ab4 : 00002ca2;
00002ab5 : 00002ca2;
00002ab6 : 00002ca2;
00002ab7 : 00002ca2;
00002ab8 : 00002ca2;
00002ab9 : 00002ca2;
00002aba : 00002ca2;
00002abb : 00002ca2;
00002abc : 00002ca2;
00002abd : 00002ca2;
00002abe : 00002ca2;
00002abf : 00002ca2;
00002ac0 : 00002ca2;
00002ac1 : 00002ca2;
00002ac2 : 000032c6;
00002ac3 : 00002ca2;
00002ac4 : 00002ca2;
00002ac5 : 00002ca2;
00002ac6 : 00002ca2;
00002ac7 : 00002ca2;
00002ac8 : 00002ca2;
00002ac9 : 00002ca2;
00002aca : 00002ca2;
00002acb : 000032ce;
00002acc : 00002ca2;
00002acd : 00002eb0;
00002ace : 00002dc0;
00002acf : 00002ca2;
00002ad0 : 000034c6;
00002ad1 : 00002ca2;
00002ad2 : 00002ca2;
00002ad3 : 00002dc0;
00002ad4 : 00002ca2;
00002ad5 : 00002ca2;
00002ad6 : 00002ca2;
00002ad7 : 00002ca2;
00002ad8 : 00002ca2;
00002ad9 : 00002ef4;
00002ada : 00002ef8;
00002adb : 00002ca2;
00002adc : 00002ca2;
00002add : 00002de0;
00002ade : 00002ca2;
00002adf : 00002d58;
00002ae0 : 00002ca2;
00002ae1 : 00002ca2;
00002ae2 : 00002f28;
00002ae3 : 00003644;
00002ae4 : 00002ca4;
00002ae5 : 00002ca4;
00002ae6 : 00002ca4;
00002ae7 : 00002ca4;
00002ae8 : 00002ca4;
00002ae9 : 00002ca4;
00002aea : 00002ca4;
00002aeb : 00002ca4;
00002aec : 00002ca4;
00002aed : 00002ca4;
00002aee : 00002ca4;
00002aef : 00002ca4;
00002af0 : 00002ca4;
00002af1 : 00002ca4;
00002af2 : 00002ca4;
00002af3 : 00002ca4;
00002af4 : 00002ca4;
00002af5 : 00002ca4;
00002af6 : 00002ca4;
00002af7 : 00002ca4;
00002af8 : 00002ca4;
00002af9 : 00002ca4;
00002afa : 00003638;
00002afb : 00002ca4;
00002afc : 00002ca4;
00002afd : 00002ca4;
00002afe : 00002ca4;
00002aff : 00002ca4;
00002b00 : 00002ca4;
00002b01 : 00002ca4;
00002b02 : 00002ca4;
00002b03 : 00003626;
00002b04 : 00002ca4;
00002b05 : 00002eb2;
00002b06 : 00002dd0;
00002b07 : 00002ca4;
00002b08 : 0000362e;
00002b09 : 00002ca4;
00002b0a : 00002ca4;
00002b0b : 00002dd0;
00002b0c : 00002ca4;
00002b0d : 00002ca4;
00002b0e : 00002ca4;
00002b0f : 00002ca4;
00002b10 : 00002ca4;
00002b11 : 00002ef2;
00002b12 : 00002efa;
00002b13 : 00002ca4;
00002b14 : 00002ca4;
00002b15 : 00002de2;
00002b16 : 00002ca4;
00002b17 : 00002d56;
00002b18 : 00002ca4;
00002b19 : 00002ca4;
00002b1a : 00002f26;
00002b1b : 000040ae;
00002b1c : 00003ce0;
00002b1d : 00003ce0;
00002b1e : 00003ce0;
00002b1f : 00003f16;
00002b20 : 00003ce0;
00002b21 : 00003ce0;
00002b22 : 00003ce0;
00002b23 : 00003efe;
00002b24 : 00003ce0;
00002b25 : 00003ce0;
00002b26 : 00003ce0;
00002b27 : 00003ce0;
00002b28 : 00003f8e;
00002b29 : 00003f76;
00002b2a : 00003f46;
00002b2b : 00004096;
00002b2c : 0000407e;
00002b2d : 00004066;
00002b2e : 0000404e;
00002b2f : 00004036;
00002b30 : 0000401e;
00002b31 : 00004006;
00002b32 : 00003fee;
00002b33 : 00003fd6;
00002b34 : 00003fbe;
00002b35 : 00003fa6;
00002b36 : 00003f5e;
00002b37 : 00003f2e;
00002b38 : 00003d16;
00002b39 : 00003e42;
00002b3a : 00003d34;
00002b3b : 00003ee6;
00002b3c : 00003eb6;
00002b3d : 00003ece;
00002b3e : 00003e56;
00002b3f : 00003e6e;
00002b40 : 00003e86;
00002b41 : 00003ce0;
00002b42 : 00003ce0;
00002b43 : 00003e9e;
00002b44 : 00004448;
00002b45 : 000043f4;
00002b46 : 0000435a;
00002b47 : 0000435a;
00002b48 : 0000435a;
00002b49 : 0000435a;
00002b4a : 000043f4;
00002b4b : 0000435a;
00002b4c : 0000435a;
00002b4d : 0000435a;
00002b4e : 0000435a;
00002b4f : 0000435a;
00002b50 : 0000435a;
00002b51 : 00004382;
00002b52 : 0000435a;
00002b53 : 0000435a;
00002b54 : 000044b0;
00002b55 : 0000435a;
00002b56 : 00004462;
00002b57 : 0000435a;
00002b58 : 0000435a;
00002b59 : 00004382;
00002b5a : 20202000;
00002b5b : 20202020;
00002b5c : 28282020;
00002b5d : 20282828;
00002b5e : 20202020;
00002b5f : 20202020;
00002b60 : 20202020;
00002b61 : 20202020;
00002b62 : 10108820;
00002b63 : 10101010;
00002b64 : 10101010;
00002b65 : 10101010;
00002b66 : 04040410;
00002b67 : 04040404;
00002b68 : 10040404;
00002b69 : 10101010;
00002b6a : 41411010;
00002b6b : 41414141;
00002b6c : 01010101;
00002b6d : 01010101;
00002b6e : 01010101;
00002b6f : 01010101;
00002b70 : 01010101;
00002b71 : 10101010;
00002b72 : 42421010;
00002b73 : 42424242;
00002b74 : 02020202;
00002b75 : 02020202;
00002b76 : 02020202;
00002b77 : 02020202;
00002b78 : 02020202;
00002b79 : 10101010;
00002b7a : 00000020;
00002b7b : 00000000;
00002b7c : 00000000;
00002b7d : 00000000;
00002b7e : 00000000;
00002b7f : 00000000;
00002b80 : 00000000;
00002b81 : 00000000;
00002b82 : 00000000;
00002b83 : 00000000;
00002b84 : 00000000;
00002b85 : 00000000;
00002b86 : 00000000;
00002b87 : 00000000;
00002b88 : 00000000;
00002b89 : 00000000;
00002b8a : 00000000;
00002b8b : 00000000;
00002b8c : 00000000;
00002b8d : 00000000;
00002b8e : 00000000;
00002b8f : 00000000;
00002b90 : 00000000;
00002b91 : 00000000;
00002b92 : 00000000;
00002b93 : 00000000;
00002b94 : 00000000;
00002b95 : 00000000;
00002b96 : 00000000;
00002b97 : 00000000;
00002b98 : 00000000;
00002b99 : 00000000;
00002b9a : 00000000;
00002b9b : 00008824;
00002b9c : 0000873c;
00002b9d : 0000871c;
00002b9e : 0000873c;
00002b9f : 00008810;
00002ba0 : 0000873c;
00002ba1 : 0000871c;
00002ba2 : 00008824;
00002ba3 : 00008824;
00002ba4 : 00008810;
00002ba5 : 0000871c;
00002ba6 : 00008748;
00002ba7 : 00008748;
00002ba8 : 00008748;
00002ba9 : 00008810;
00002baa : 02020100;
00002bab : 03030303;
00002bac : 04040404;
00002bad : 04040404;
00002bae : 05050505;
00002baf : 05050505;
00002bb0 : 05050505;
00002bb1 : 05050505;
00002bb2 : 06060606;
00002bb3 : 06060606;
00002bb4 : 06060606;
00002bb5 : 06060606;
00002bb6 : 06060606;
00002bb7 : 06060606;
00002bb8 : 06060606;
00002bb9 : 06060606;
00002bba : 07070707;
00002bbb : 07070707;
00002bbc : 07070707;
00002bbd : 07070707;
00002bbe : 07070707;
00002bbf : 07070707;
00002bc0 : 07070707;
00002bc1 : 07070707;
00002bc2 : 07070707;
00002bc3 : 07070707;
00002bc4 : 07070707;
00002bc5 : 07070707;
00002bc6 : 07070707;
00002bc7 : 07070707;
00002bc8 : 07070707;
00002bc9 : 07070707;
00002bca : 08080808;
00002bcb : 08080808;
00002bcc : 08080808;
00002bcd : 08080808;
00002bce : 08080808;
00002bcf : 08080808;
00002bd0 : 08080808;
00002bd1 : 08080808;
00002bd2 : 08080808;
00002bd3 : 08080808;
00002bd4 : 08080808;
00002bd5 : 08080808;
00002bd6 : 08080808;
00002bd7 : 08080808;
00002bd8 : 08080808;
00002bd9 : 08080808;
00002bda : 08080808;
00002bdb : 08080808;
00002bdc : 08080808;
00002bdd : 08080808;
00002bde : 08080808;
00002bdf : 08080808;
00002be0 : 08080808;
00002be1 : 08080808;
00002be2 : 08080808;
00002be3 : 08080808;
00002be4 : 08080808;
00002be5 : 08080808;
00002be6 : 08080808;
00002be7 : 08080808;
00002be8 : 08080808;
00002be9 : 08080808;
00002bea : 00000000;
00002beb : 3ff00000;
00002bec : 00000000;
00002bed : 40240000;
00002bee : eb851eb8;
00002bef : 3f9eb851;
00002bf0 : 00000000;
00002bf1 : 00000000;
00002bf2 : 80000000;
00002bf3 : 80000000;
00002bf4 : 80000008;
00002bf5 : 80000008;
00002bf6 : 80000010;
00002bf7 : 80000010;
00002bf8 : 80000018;
00002bf9 : 80000018;
00002bfa : 80000020;
00002bfb : 80000020;
00002bfc : 80000028;
00002bfd : 80000028;
00002bfe : 80000030;
00002bff : 80000030;
00002c00 : 80000038;
00002c01 : 80000038;
00002c02 : 80000040;
00002c03 : 80000040;
00002c04 : 80000048;
00002c05 : 80000048;
00002c06 : 80000050;
00002c07 : 80000050;
00002c08 : 80000058;
00002c09 : 80000058;
00002c0a : 80000060;
00002c0b : 80000060;
00002c0c : 80000068;
00002c0d : 80000068;
00002c0e : 80000070;
00002c0f : 80000070;
00002c10 : 80000078;
00002c11 : 80000078;
00002c12 : 80000080;
00002c13 : 80000080;
00002c14 : 80000088;
00002c15 : 80000088;
00002c16 : 80000090;
00002c17 : 80000090;
00002c18 : 80000098;
00002c19 : 80000098;
00002c1a : 800000a0;
00002c1b : 800000a0;
00002c1c : 800000a8;
00002c1d : 800000a8;
00002c1e : 800000b0;
00002c1f : 800000b0;
00002c20 : 800000b8;
00002c21 : 800000b8;
00002c22 : 800000c0;
00002c23 : 800000c0;
00002c24 : 800000c8;
00002c25 : 800000c8;
00002c26 : 800000d0;
00002c27 : 800000d0;
00002c28 : 800000d8;
00002c29 : 800000d8;
00002c2a : 800000e0;
00002c2b : 800000e0;
00002c2c : 800000e8;
00002c2d : 800000e8;
00002c2e : 800000f0;
00002c2f : 800000f0;
00002c30 : 800000f8;
00002c31 : 800000f8;
00002c32 : 80000100;
00002c33 : 80000100;
00002c34 : 80000108;
00002c35 : 80000108;
00002c36 : 80000110;
00002c37 : 80000110;
00002c38 : 80000118;
00002c39 : 80000118;
00002c3a : 80000120;
00002c3b : 80000120;
00002c3c : 80000128;
00002c3d : 80000128;
00002c3e : 80000130;
00002c3f : 80000130;
00002c40 : 80000138;
00002c41 : 80000138;
00002c42 : 80000140;
00002c43 : 80000140;
00002c44 : 80000148;
00002c45 : 80000148;
00002c46 : 80000150;
00002c47 : 80000150;
00002c48 : 80000158;
00002c49 : 80000158;
00002c4a : 80000160;
00002c4b : 80000160;
00002c4c : 80000168;
00002c4d : 80000168;
00002c4e : 80000170;
00002c4f : 80000170;
00002c50 : 80000178;
00002c51 : 80000178;
00002c52 : 80000180;
00002c53 : 80000180;
00002c54 : 80000188;
00002c55 : 80000188;
00002c56 : 80000190;
00002c57 : 80000190;
00002c58 : 80000198;
00002c59 : 80000198;
00002c5a : 800001a0;
00002c5b : 800001a0;
00002c5c : 800001a8;
00002c5d : 800001a8;
00002c5e : 800001b0;
00002c5f : 800001b0;
00002c60 : 800001b8;
00002c61 : 800001b8;
00002c62 : 800001c0;
00002c63 : 800001c0;
00002c64 : 800001c8;
00002c65 : 800001c8;
00002c66 : 800001d0;
00002c67 : 800001d0;
00002c68 : 800001d8;
00002c69 : 800001d8;
00002c6a : 800001e0;
00002c6b : 800001e0;
00002c6c : 800001e8;
00002c6d : 800001e8;
00002c6e : 800001f0;
00002c6f : 800001f0;
00002c70 : 800001f8;
00002c71 : 800001f8;
00002c72 : 80000200;
00002c73 : 80000200;
00002c74 : 80000208;
00002c75 : 80000208;
00002c76 : 80000210;
00002c77 : 80000210;
00002c78 : 80000218;
00002c79 : 80000218;
00002c7a : 80000220;
00002c7b : 80000220;
00002c7c : 80000228;
00002c7d : 80000228;
00002c7e : 80000230;
00002c7f : 80000230;
00002c80 : 80000238;
00002c81 : 80000238;
00002c82 : 80000240;
00002c83 : 80000240;
00002c84 : 80000248;
00002c85 : 80000248;
00002c86 : 80000250;
00002c87 : 80000250;
00002c88 : 80000258;
00002c89 : 80000258;
00002c8a : 80000260;
00002c8b : 80000260;
00002c8c : 80000268;
00002c8d : 80000268;
00002c8e : 80000270;
00002c8f : 80000270;
00002c90 : 80000278;
00002c91 : 80000278;
00002c92 : 80000280;
00002c93 : 80000280;
00002c94 : 80000288;
00002c95 : 80000288;
00002c96 : 80000290;
00002c97 : 80000290;
00002c98 : 80000298;
00002c99 : 80000298;
00002c9a : 800002a0;
00002c9b : 800002a0;
00002c9c : 800002a8;
00002c9d : 800002a8;
00002c9e : 800002b0;
00002c9f : 800002b0;
00002ca0 : 800002b8;
00002ca1 : 800002b8;
00002ca2 : 800002c0;
00002ca3 : 800002c0;
00002ca4 : 800002c8;
00002ca5 : 800002c8;
00002ca6 : 800002d0;
00002ca7 : 800002d0;
00002ca8 : 800002d8;
00002ca9 : 800002d8;
00002caa : 800002e0;
00002cab : 800002e0;
00002cac : 800002e8;
00002cad : 800002e8;
00002cae : 800002f0;
00002caf : 800002f0;
00002cb0 : 800002f8;
00002cb1 : 800002f8;
00002cb2 : 80000300;
00002cb3 : 80000300;
00002cb4 : 80000308;
00002cb5 : 80000308;
00002cb6 : 80000310;
00002cb7 : 80000310;
00002cb8 : 80000318;
00002cb9 : 80000318;
00002cba : 80000320;
00002cbb : 80000320;
00002cbc : 80000328;
00002cbd : 80000328;
00002cbe : 80000330;
00002cbf : 80000330;
00002cc0 : 80000338;
00002cc1 : 80000338;
00002cc2 : 80000340;
00002cc3 : 80000340;
00002cc4 : 80000348;
00002cc5 : 80000348;
00002cc6 : 80000350;
00002cc7 : 80000350;
00002cc8 : 80000358;
00002cc9 : 80000358;
00002cca : 80000360;
00002ccb : 80000360;
00002ccc : 80000368;
00002ccd : 80000368;
00002cce : 80000370;
00002ccf : 80000370;
00002cd0 : 80000378;
00002cd1 : 80000378;
00002cd2 : 80000380;
00002cd3 : 80000380;
00002cd4 : 80000388;
00002cd5 : 80000388;
00002cd6 : 80000390;
00002cd7 : 80000390;
00002cd8 : 80000398;
00002cd9 : 80000398;
00002cda : 800003a0;
00002cdb : 800003a0;
00002cdc : 800003a8;
00002cdd : 800003a8;
00002cde : 800003b0;
00002cdf : 800003b0;
00002ce0 : 800003b8;
00002ce1 : 800003b8;
00002ce2 : 800003c0;
00002ce3 : 800003c0;
00002ce4 : 800003c8;
00002ce5 : 800003c8;
00002ce6 : 800003d0;
00002ce7 : 800003d0;
00002ce8 : 800003d8;
00002ce9 : 800003d8;
00002cea : 800003e0;
00002ceb : 800003e0;
00002cec : 800003e8;
00002ced : 800003e8;
00002cee : 800003f0;
00002cef : 800003f0;
00002cf0 : 800003f8;
00002cf1 : 800003f8;
00002cf2 : 00000000;
00002cf3 : 800006d4;
00002cf4 : 8000073c;
00002cf5 : 800007a4;
00002cf6 : 00000000;
00002cf7 : 00000000;
00002cf8 : 00000000;
00002cf9 : 00000000;
00002cfa : 00000000;
00002cfb : 00000000;
00002cfc : 00000000;
00002cfd : 00000000;
00002cfe : 00000000;
00002cff : 00000000;
00002d00 : 00000000;
00002d01 : 00000000;
00002d02 : 00000000;
00002d03 : 00000000;
00002d04 : 00000000;
00002d05 : 00000000;
00002d06 : 00000000;
00002d07 : 00000000;
00002d08 : 00000000;
00002d09 : 00000000;
00002d0a : 00000000;
00002d0b : 00000000;
00002d0c : 00000000;
00002d0d : 00000000;
00002d0e : 00000000;
00002d0f : 00000000;
00002d10 : 00000000;
00002d11 : 00000000;
00002d12 : 00000000;
00002d13 : 00000000;
00002d14 : 00000000;
00002d15 : 00000000;
00002d16 : 00000000;
00002d17 : 00000000;
00002d18 : 00000001;
00002d19 : 00000000;
00002d1a : abcd330e;
00002d1b : e66d1234;
00002d1c : 0005deec;
00002d1d : 0000000b;
00002d1e : 00000000;
00002d1f : 00000000;
00002d20 : 00000000;
00002d21 : 00000000;
00002d22 : 00000000;
00002d23 : 00000000;
00002d24 : 00000000;
00002d25 : 00000000;
00002d26 : 00000000;
00002d27 : 00000000;
00002d28 : 00000000;
00002d29 : 00000000;
00002d2a : 00000000;
00002d2b : 00000000;
00002d2c : 00000000;
00002d2d : 00000000;
00002d2e : 00000000;
00002d2f : 00000000;
00002d30 : 00000000;
00002d31 : 00000000;
00002d32 : 00000000;
00002d33 : 00000000;
00002d34 : 00000000;
00002d35 : 00000000;
00002d36 : 00000000;
00002d37 : 00000000;
00002d38 : 00000000;
00002d39 : 00000000;
00002d3a : 00000000;
00002d3b : 00000000;
00002d3c : 00000000;
00002d3d : 00000000;
00002d3e : 00000000;
00002d3f : 00000000;
00002d40 : 00000000;
00002d41 : 00000000;
00002d42 : 00000000;
00002d43 : 00000003;
00002d44 : 800006d4;
00002d45 : 00000001;
00002d46 : 000007d0;
00002d47 : 00000066;
00002d48 : ffffffff;
00002d49 : 00020000;
00002d4a : 80000408;
END;
