memory_initialization_radix=16;
memory_initialization_vector=
f14020f3,
80010217,
ffc20213,
ff027113,
80000197,
7f018193,
000022b7,
80028293,
30029073,
00000317,
15030313,
30531073,
30401073,
0000b397,
f8c38393,
80000417,
fc440413,
80000497,
52848493,
80000517,
52450513,
80000597,
7b858593,
46814601,
47814701,
48814801,
49814901,
4a814a01,
4b814b01,
4c814c01,
4d814d01,
4e814e01,
4f814f01,
04008263,
00000797,
01c78793,
30579073,
30445073,
30046073,
10500073,
0001bff5,
00000797,
0d078793,
30579073,
30405073,
fff44737,
00872103,
07374750,
2223fff4,
a8810007,
00838b63,
00945963,
0003a783,
0391c01c,
4be30411,
5763fe94,
202300b5,
05110005,
feb54de3,
0000a417,
c4440413,
0000a497,
c3c48493,
00945963,
00042083,
000080e7,
4be30411,
1617fe94,
06130000,
000f96a6,
100f0ff0,
45010000,
00e74581,
70730006,
10733004,
05973040,
85930000,
90730465,
10733055,
24733405,
e015f140,
0000a417,
bec40413,
0000a497,
be448493,
00945963,
00042083,
000080e7,
4be30411,
2473fe94,
e011f140,
00739002,
bff51050,
10500073,
ffdff06f,
00051803,
cc221101,
40785793,
ce06ca26,
84ae8b85,
78938432,
e3d107f8,
40385713,
17938b3d,
06330047,
c84a00f7,
00787693,
03845783,
8732832a,
14068563,
01081513,
81414605,
98638942,
863e02c6,
051385ba,
c61a0284,
10efc442,
57833480,
191303c4,
48220105,
59134332,
97634109,
57831407,
1e230384,
85be02a4,
c442c61a,
43b010ef,
78934822,
433207f9,
f0087813,
0108e833,
68134942,
1c230808,
102302a4,
98030103,
57930004,
8b854078,
40f2cb91,
77934462,
44d207f8,
40f88533,
80826105,
40385713,
17938b3d,
06330047,
c84a00f7,
00787693,
03845783,
caa58732,
01081513,
81414605,
97638942,
863e02c6,
051385ba,
c6460284,
10efc442,
57832ac0,
191303c4,
48220105,
591348b2,
ebbd4109,
03845783,
02a41e23,
c64685be,
10efc442,
48223a10,
07f97793,
02a41c23,
f0087813,
40f248b2,
e8334462,
68130107,
90230808,
49420104,
853344d2,
610540f8,
06938082,
e4630210,
071300c6,
16830220,
16030024,
484c0004,
c6464c08,
10efc442,
57831a10,
191303e4,
48220105,
591348b2,
e3994109,
02a41f23,
03845783,
0693bf41,
e4630210,
071300c6,
16830220,
16030024,
484c0004,
c61a4c08,
10efc442,
57831650,
191303e4,
48220105,
59134332,
e3994109,
02a41f23,
03845783,
1e03bd6d,
71390045,
d05adc22,
da26de06,
d64ed84a,
d256d452,
cc62ce5e,
c86aca66,
5140c66e,
5e634b01,
cf6339c0,
08633805,
8c2e3a04,
4e814801,
43014881,
a02187a2,
8063439c,
43d82407,
00271603,
ff861ae3,
a0114681,
4018843a,
86a2c014,
8463ff65,
43d82207,
17030885,
76930007,
c6810017,
8b058725,
4398933a,
4314c711,
401cc394,
c018c31c,
00180793,
01079813,
41085813,
04064263,
1c130605,
07c20106,
410c5c13,
016383c1,
fb13050e,
86da0ff7,
766187a2,
f80c56e3,
4b0343d8,
0be30007,
439cf8db,
43d8cb81,
00074b03,
f8db04e3,
fbf5439c,
bfbd8b36,
83c107c2,
0ff7f693,
87a28c32,
ff0e11e3,
00289793,
41d787b3,
1493933e,
80c10103,
4d638a2a,
401c1cb0,
a9838922,
43d80007,
0049a603,
0009a683,
a223c3d0,
c39400e9,
0009a023,
0e0c4f63,
00492783,
00279783,
01878c63,
00092903,
26090b63,
00492783,
00279783,
ff8798e3,
85a6405c,
00079503,
6b1010ef,
00092903,
17e384aa,
2903fe09,
a7030004,
26830049,
27830049,
43050009,
00d9a223,
00e92223,
00f9a023,
01392023,
c46d8e9a,
46814901,
0e054e01,
47818722,
0067d563,
07854318,
8622ff65,
843a859a,
02f05063,
0015b713,
00143513,
c3058f49,
17fd8736,
421086b2,
c314cf25,
fef044e3,
00803533,
00b02733,
cb498f69,
2883cfa5,
42480044,
00289f03,
00051703,
00251f83,
01071293,
f0077813,
0182d713,
00e86733,
00e51023,
00089703,
01071813,
f0077513,
01885713,
90238f49,
546300e8,
873607ff,
86a215fd,
f3554000,
2903a821,
08630009,
27831809,
c7830049,
18e30007,
bf29fefb,
b7bd8936,
00803533,
00b037b3,
8fe9c298,
cf8986ba,
15fd8722,
f6ed4000,
00803533,
00b037b3,
893a8fe9,
f7ed86ba,
a023f51d,
00630006,
844a05de,
fc090306,
00002023,
42089002,
c69117fd,
86b28736,
862ac314,
86b2bf35,
862a8932,
f4f045e3,
8662bf15,
401cb3f1,
43dc0e85,
00178783,
933e8b85,
2403bbc5,
c8190009,
00492783,
950385a6,
10ef0007,
400054f0,
f47d84aa,
546250f2,
59b25942,
5a925a22,
4bf25b02,
4cd24c62,
4db24d42,
54d28526,
80826121,
d4594985,
4d014a81,
0b854b81,
490187a2,
01395563,
0905439c,
8da2ffe5,
843e8cce,
03205263,
001cb793,
00143693,
c39d8fd5,
197d87ea,
ad838d6e,
cb8d000d,
01a7a023,
ff2042e3,
008036b3,
019027b3,
cba18ff5,
02090063,
a503404c,
8652004d,
59633e21,
87ea04a0,
8d221cfd,
fbe94000,
bf4d8aea,
a811866a,
008036b3,
019037b3,
01a62023,
866a8ff5,
8d22cf89,
40001cfd,
36b3f665,
37b30080,
8ff50190,
866a8aea,
f6b5f7ed,
000d2023,
82634785,
098606fb,
bf918456,
000da683,
0863197d,
87ea000d,
a0238d6e,
8db601a7,
8d6ebfb5,
8db68aee,
f92044e3,
2903bf95,
0ae30004,
405cda09,
950385a6,
10ef0007,
29034430,
84aa0009,
d80910e3,
8c2ebb49,
b33d4481,
862ec819,
480187a2,
48814e81,
43014681,
8456b1ed,
4781bb39,
9002439c,
ccccd7b7,
ccd78793,
02f537b3,
a023852e,
76e10005,
08068693,
01058f13,
839105a1,
ffe78713,
00371813,
2223982a,
1e130105,
10230027,
112300d8,
9e420008,
00480793,
290f7863,
00880693,
29c6f463,
c55c78e1,
00052423,
c793c10c,
58fdfff8,
00f81323,
01181223,
7ee1cf39,
008f0893,
fffece93,
f7634581,
83130508,
7e630046,
2f8323c3,
47b30005,
078e00b6,
0075f293,
0787f793,
01ff2023,
0057e7b3,
01e52023,
00879f93,
00df2223,
058597fe,
00f69023,
01d69123,
00b70863,
08938f46,
869a008f,
fb08ede3,
a803410c,
0b630005,
d7b70408,
8793cccc,
3733ccd7,
6e1102f7,
03131e7d,
47852000,
a8218309,
00082883,
00f59123,
02088863,
078585c2,
10030313,
41cc8846,
fee7e4e3,
00c7c8b3,
70037693,
0116e6b3,
00082883,
01c6f6b3,
00d59123,
fc089ce3,
8ff64e85,
4581872a,
4f014501,
87ba0f05,
d5634681,
439c01d6,
ffe50685,
8876863a,
5263873e,
379302d0,
38930018,
e7b30017,
c39d0117,
16fd421c,
14058463,
85b2c190,
42e3863e,
38b3fed0,
27b300e0,
f7b30100,
8b6300f8,
c2ed1007,
c6221141,
00472e03,
00462883,
002e1283,
00089783,
00289383,
01079413,
f007f313,
01845793,
00f367b3,
00f89023,
000e1783,
01079313,
f007f893,
01835793,
00f8e7b3,
00fe1023,
0272d863,
187d87b2,
4318863a,
c190c185,
863e85b2,
02d05663,
00183793,
00173893,
0117e7b3,
421cdfd1,
f1f516fd,
b7cd8532,
16fd421c,
85b2fde9,
863e8532,
f8d044e3,
00e038b3,
010027b3,
00f8f7b3,
faadcb95,
a81186ae,
00e038b3,
010037b3,
f7b3c28c,
86ae00f8,
85bacf91,
4318187d,
38b3f6e5,
37b300e0,
f7b30100,
852e00f8,
f7e586ae,
06088463,
87ba0f05,
d5634681,
439c01d6,
ffe50685,
8876863a,
bfad873e,
a81186ae,
00e038b3,
010037b3,
f7b3c28c,
86ae00f8,
85bacf91,
4318187d,
38b3f6e5,
37b300e0,
f7b30100,
852e00f8,
f7e586ae,
ea0892e3,
0005a023,
03ff0b63,
17e30e86,
2023e805,
90020000,
bd758532,
0005a023,
03ff0063,
c1050e86,
4581872a,
4f014501,
0585b761,
e0b704e3,
88fa8336,
8082bbd5,
01414432,
20238082,
90020000,
86be8f2e,
b3794581,
c04a1141,
01c52903,
2c23c606,
2e230205,
04630205,
45850609,
c226c422,
3225842a,
03845583,
10ef4485,
1c234180,
55fd02a4,
3a118522,
03845583,
406010ef,
01051793,
054283c1,
dc1c8fc9,
02990763,
85224585,
558338dd,
04850384,
3e6010ef,
02a41c23,
852255fd,
558330cd,
10ef0384,
1c233d40,
1de302a4,
4422fc99,
40b24492,
45014902,
80820141,
862e7171,
086cce2a,
06e10513,
d522d706,
d14ad326,
cd52cf4e,
c95acb56,
c562c75e,
c16ac366,
3cd000ef,
10ef4505,
162335a0,
450902a1,
350010ef,
02a11723,
10ef450d,
18233460,
451102a1,
33c010ef,
4515c4aa,
334010ef,
451de111,
c6aa57b2,
34078563,
82634705,
451d6ae7,
31c010ef,
85410542,
0513e119,
c2aa7d00,
5e1000ef,
162347b6,
da2a0601,
0027f813,
0017f613,
010036b3,
0047f893,
85aa4716,
906396b2,
55330208,
c2aa02d7,
1a061863,
02080663,
02a60733,
de3a972e,
02088063,
8513a811,
55330016,
c2aa02a7,
18061863,
fe0812e3,
02a686b3,
c0ae95b6,
0017f713,
1603c719,
55e202c1,
47b636d1,
f713c8aa,
1b630027,
8b911607,
4606c799,
02c11583,
00ef4516,
47a65850,
0c079363,
a90367ad,
a983fa87,
4a05fac7,
4726c4d2,
00271793,
078697ba,
00efc4be,
44a62650,
d482d282,
4585c0bd,
f0ef1068,
5583f94f,
44050641,
282010ef,
06a11223,
106855fd,
f7eff0ef,
06415583,
26e010ef,
01051793,
054283c1,
d2be8fc9,
03448963,
10684585,
f5eff0ef,
06415583,
10ef0405,
122324c0,
55fd06a1,
f0ef1068,
5583f48f,
10ef0641,
12232380,
9be306a1,
00effc84,
00ef2110,
00ef2290,
864a2430,
842a86ce,
70ef84ae,
46e35870,
8522f605,
80ef85a6,
e1114cb0,
47a94505,
02a7d7b3,
07854726,
02f707b3,
00efc4be,
10681bd0,
00ef3b45,
00ef1d10,
842a1e90,
02c11503,
458184ae,
6d4010ef,
150385aa,
10ef02e1,
85aa6ca0,
03011503,
6c0010ef,
150385aa,
10ef0441,
67a16b60,
b0578793,
0763892a,
e9634cf5,
678906a7,
8f278793,
48f50a63,
87936795,
1b63eaf7,
652918f5,
d8c50513,
3fc040ef,
879367b9,
c23e5a47,
87936795,
c43e6087,
8793679d,
c03ea797,
47898b3e,
4ba24c12,
a0bdcc3e,
1be3dc2e,
8de3e408,
b5bde608,
02e11783,
02c11603,
451655f2,
8e5d07c2,
00ef08d4,
47b60510,
9ce38b91,
b541e607,
879367a5,
0d63a027,
67bd3ef5,
9f578793,
12f51463,
05136529,
40efdbc5,
67a538e0,
e3a78793,
6789c23e,
fd778793,
67b9c43e,
71478793,
4ba24c12,
8b3ec03e,
cc3e478d,
d541a783,
5d634c81,
66a90ef0,
67a96729,
e1468693,
e4470713,
e7878793,
c636deee,
ca3ec83a,
49814a01,
a0154a81,
d7839c8a,
8cb306cc,
87130147,
a7830019,
1993d541,
d9930107,
8a660109,
db638ace,
9c932ef9,
8db3004a,
0d8a015c,
060d8793,
8db30818,
a78300e7,
9e23fdcd,
f693fe0d,
c28d0017,
ff6dd603,
01660e63,
45324682,
10ef85d6,
d68354f0,
a783ffcd,
0685fdcd,
fedd9e23,
0027f693,
8db3ca8d,
0d8a015c,
060d8713,
0db30814,
d60300d7,
0e63ff8d,
46a20176,
85d64542,
519010ef,
ffcdd683,
fdcda783,
9e230685,
9cd6fedd,
0c8a8b91,
8793d3a5,
0818060c,
00e78cb3,
ffacd603,
25861563,
ffccd783,
1783b7b9,
9ee30301,
0793ca07,
18230660,
b94502f1,
57fd6cc1,
cc3e1cfd,
696010ef,
09b34596,
65290195,
ea850513,
4bd010ef,
3e800613,
85224681,
60ef85a6,
85aa52a0,
05136529,
10efec05,
85224a30,
27dd85a6,
6529862a,
051386ae,
10efedc5,
852248f0,
2fc985a6,
46814601,
245070ef,
02a05b63,
d541a783,
05334526,
80ef02f5,
8a2a2d30,
85228aae,
277d85a6,
86ae862a,
85d68552,
1d4070ef,
6529862a,
051386ae,
10efef45,
852244b0,
277985a6,
a60367ad,
a683fb07,
70effb47,
45632d30,
a7831a05,
45a6d541,
05136529,
85b3f4c5,
6a2902f5,
6b296aa9,
d99309c2,
10ef4109,
65294130,
f64a0593,
f7050513,
405010ef,
85936529,
0513f88a,
10eff985,
65293f70,
fb0b0593,
fb850513,
3e9010ef,
85ca6529,
fd050513,
3dd010ef,
f71347b6,
cf150017,
d541a703,
02e05b63,
09136929,
4b81fec9,
97934581,
97ae0045,
978a078a,
0667d603,
0b85854a,
3ad010ef,
d541a783,
db930bc2,
85de010b,
fcfbcfe3,
f71347b6,
cf150027,
d541a703,
22e05263,
09136929,
4b810089,
97934581,
97ae0045,
978a078a,
0687d603,
0b85854a,
36d010ef,
d541a783,
db930bc2,
85de010b,
fcfbcfe3,
8b9147b6,
a783cf8d,
5663d541,
692906f0,
02490913,
45814b81,
00459793,
078a97ae,
d603978a,
854a06a7,
10ef0b85,
a78332f0,
0bc2d541,
010bdb93,
cfe385de,
a783fcfb,
6929d541,
04090913,
45814b81,
02f05563,
00459793,
078a97ae,
d603978a,
854a0647,
10ef0b85,
a7832f70,
0bc2d541,
010bdb93,
cfe385de,
8463fcfb,
53630609,
65290d30,
12c50513,
070040ef,
00ef5552,
05130bd0,
2f2d06e1,
542a50ba,
590a549a,
4a6a49fa,
4b4a4ada,
4c2a4bba,
4d0a4c9a,
614d4501,
46928082,
85d64552,
2a1010ef,
ffccd783,
07c20785,
9e2383c1,
b9d5fefc,
bb7d5df6,
05136529,
40eff0c5,
098501e0,
6529b5b9,
05c50513,
010040ef,
478d4762,
f8f71ee3,
d541a783,
05334526,
80ef02f5,
892a0c30,
852289ae,
2b7985a6,
86ae862a,
85ce854a,
7c5060ef,
6529862a,
879386ae,
0713f88a,
0513f64a,
10ef0a45,
65292330,
fb0b0593,
0c050513,
225010ef,
30ef4529,
b7a96d30,
05136529,
30ef0c85,
bf3d7af0,
05136529,
30efd305,
67997a30,
e4778793,
67b1c23e,
e5278793,
67b5c43e,
4b078793,
4ba24c12,
8b3ec03e,
b919cc02,
05136529,
30efde85,
67a57770,
d8478793,
67b9c23e,
3c178793,
0793c03e,
c43e7470,
47918bbe,
4b024c12,
b6edcc3e,
05136529,
30efd5c5,
679174b0,
9bf78793,
6785c23e,
19978793,
678dc43e,
34078793,
8b3ec03e,
4c124785,
cc3e4ba2,
1783be75,
9ee30301,
37b79407,
87933415,
07134157,
d63e0660,
02e11823,
947ff06f,
86e38b91,
b541e407,
d2267179,
ca56d04a,
00151493,
d606797d,
69338ab2,
96260127,
32050863,
cc52ce4e,
d422c65e,
c85a8bb6,
89bac462,
86b28a2e,
87b34801,
d7034096,
07890007,
9f23974e,
9ae3fee7,
0413fed7,
86b30018,
04630097,
88220085,
4581bff9,
96934501,
96d20025,
409607b3,
00079703,
06910789,
03370733,
fee6ae23,
fef618e3,
962695a2,
01050463,
bfe10505,
00241b13,
016a0c33,
470188e2,
45014601,
87b34301,
86ba4168,
05934398,
079100a5,
00e6a6b3,
9536963a,
02c94163,
85410542,
02f88363,
439886ba,
00a50593,
a6b30791,
963a00e6,
53e39536,
9513fec9,
85410105,
91e34601,
98dafef8,
00680463,
bf550305,
10ef4581,
85aa0a20,
853388d2,
4301009b,
00131693,
87de96d6,
97034601,
98030006,
07890007,
07330689,
963a0307,
fea797e3,
00c8a023,
93220891,
fd889ce3,
47014e01,
47814601,
18134501,
9852002e,
270386ba,
48810008,
00a78313,
00e6a6b3,
97b6963a,
43630885,
07c202c9,
f96387c1,
08110288,
270386ba,
83130008,
088500a7,
00e6a6b3,
97b6963a,
fec951e3,
01031793,
f66387c1,
08110088,
86ba4601,
4601bfe9,
9e220505,
fa8563e3,
00ef853e,
85aa7ff0,
8ed68fd2,
855e4f01,
4681867e,
88f6832a,
48014e01,
00089783,
00031703,
08890805,
02e787b3,
9e3e9326,
fe8866e3,
01c62023,
06110685,
ebe30509,
0f05fc86,
9fda9ea6,
fc8f63e3,
47014e01,
47814601,
18134301,
9852002e,
270386ba,
48810008,
00a78513,
00e6a6b3,
97b6963a,
43630885,
07c202c9,
f96387c1,
08110288,
270386ba,
85130008,
088500a7,
00e6a6b3,
97b6963a,
fec951e3,
01051793,
f66387c1,
08110088,
86ba4601,
4601bfe9,
9e220305,
fa8363e3,
00ef853e,
85aa74b0,
8f5682d2,
855e4f81,
46818616,
837a8e2a,
48814e81,
00031783,
000e1703,
03090885,
02e787b3,
d8139e26,
87954027,
00f87813,
07f7f793,
02f807b3,
ede39ebe,
2023fc88,
068501d6,
05090611,
fc86e2e3,
9f260f85,
eae392da,
4e01fa8f,
46014701,
43014781,
002e1513,
86ba9552,
48014118,
00a78893,
00e6a6b3,
97b6963a,
42630805,
07c202c9,
786387c1,
05110288,
411886ba,
00a78893,
a6b30805,
963a00e6,
52e397b6,
9793fec9,
87c10108,
00887663,
46010511,
bff186ba,
03054601,
65e39e22,
853efa83,
689000ef,
46014581,
00159793,
468197d6,
0007d703,
07890685,
41370733,
fee79f23,
fe86e8e3,
95a20605,
fe8660e3,
50b25422,
49f20542,
4b424a62,
4c224bb2,
59025492,
85414ad2,
80826145,
00ef4581,
85aa63f0,
00ef4501,
85aa6370,
00ef4501,
85aa62f0,
00ef4501,
50b26270,
54920542,
4ad25902,
61458541,
11418082,
4514c422,
872e8432,
454c4150,
c6064108,
85a239a5,
40b24422,
006f0141,
11415f70,
c426c622,
e211882a,
84134605,
9871fff5,
00440393,
0b634781,
853e0808,
87330785,
070e02f7,
ff076be3,
02a502b3,
84330286,
c1590053,
84aac24a,
00150313,
00151913,
4e818f22,
8e334785,
8fbe4083,
063385fa,
08b302f6,
058900be,
41f65713,
963a8341,
82410642,
88338e19,
073300c7,
9f2300f8,
7713ff05,
07850ff7,
00e89023,
fc6799e3,
07b30e85,
932a01f5,
90e39f4a,
4912fcae,
005407b3,
c68017fd,
44329bf1,
c2840791,
a223c6dc,
44a20076,
80820141,
c24a54fd,
85260419,
b7494289,
44814281,
1141bfd1,
20efc606,
a02329e0,
a223d8a1,
4781d8b1,
32079073,
014140b2,
11418082,
57fdc606,
32079073,
27c020ef,
ac2340b2,
ae23d6a1,
0141d6b1,
a7838082,
a503d781,
a583d801,
a703d7c1,
8533d841,
b7b340a7,
8d9900a7,
80828d9d,
43907781,
46811141,
50efc606,
80ef5270,
40b23860,
80820141,
c4221141,
c606c226,
440184aa,
30441073,
31b020ef,
fc0027f3,
0807f793,
65a9eb89,
13c58593,
fff50537,
69b020ef,
6595a001,
b0058593,
05374601,
20effff5,
20ef36f0,
a8232080,
57fdd6a1,
32079073,
b0041073,
b0241073,
1073c541,
47a1b034,
32379073,
0d634785,
107306f5,
47c1b044,
32479073,
05634789,
107306f5,
0793b054,
90730200,
478d3257,
04f50c63,
b0641073,
04000793,
32679073,
03634791,
107304f5,
0793b074,
90730800,
47953277,
02f50a63,
b0841073,
10000793,
32879073,
01634799,
107302f5,
0793b094,
90732000,
479d3297,
00f50863,
b0a41073,
40000793,
32a79073,
43907781,
859365a9,
05371705,
20effff5,
65a95d90,
19858593,
7d000613,
fff50537,
5c7020ef,
80234785,
40b200f4,
44924422,
80820141,
c6061141,
65a9c422,
00050023,
1e458593,
fff50537,
59f020ef,
b0002673,
859365a9,
05372205,
20effff5,
267358d0,
65a9b020,
24858593,
fff50537,
57b020ef,
d701a783,
0e078763,
b0302673,
859365a9,
05372705,
20effff5,
a7035610,
4785d701,
0ae7ff63,
b0402673,
859365a9,
05372ac5,
20effff5,
a7035450,
4789d701,
0ae7f163,
b0502673,
859365a9,
05372d45,
20effff5,
a7035290,
478dd701,
08e7f363,
b0602673,
859365a9,
05372fc5,
20effff5,
a70350d0,
4791d701,
06e7f563,
b0702673,
859365a9,
05373245,
20effff5,
a7034f10,
4795d701,
04e7f763,
b0802673,
859365a9,
053734c5,
20effff5,
a7034d50,
4799d701,
02e7f963,
b0902673,
859365a9,
05373745,
20effff5,
a7034b90,
479dd701,
00e7fb63,
b0a02673,
859365a9,
053739c5,
20effff5,
442249d0,
65a940b2,
1e058593,
fff50537,
206f0141,
65a94890,
29858593,
fff50537,
47b020ef,
d701a783,
f00792e3,
40b24422,
859365a9,
05371e05,
0141fff5,
45f0206f,
c6061141,
649020ef,
40b2c501,
80820141,
859365a9,
05373c45,
20effff5,
90024410,
206fa001,
08136370,
4e05fff5,
766388b2,
8733170e,
074201c5,
83411141,
6f2d6fad,
13936ead,
c62201b7,
461dc426,
00777693,
810f8f93,
820f0f13,
830e8e93,
43114581,
02c00293,
01e3d793,
06c68663,
10d36163,
06c216f5,
636382c1,
078a06de,
438097f6,
07420705,
00958493,
fd638341,
83b30504,
87b300b8,
17fd4083,
007466b3,
0037b793,
b7938a8d,
b6930017,
8ff50016,
4014c7e9,
a02347a1,
405400d3,
00d3a223,
8023979e,
13930057,
769301b7,
85a60077,
01e3d793,
f8c69ee3,
97fe078a,
b75d4380,
00558493,
0304e163,
0ca5f863,
00158793,
7c634605,
443208f5,
853344a2,
458100b8,
306f0141,
66ad0630,
8693078a,
97b68406,
c24a4380,
47830705,
83b30004,
074200b8,
00f38023,
05858341,
46834791,
95c60014,
80238936,
45830125,
46910024,
00b38123,
00344583,
00b381a3,
06d78c63,
00444683,
822347a1,
468300d3,
82a30054,
468300d3,
83230064,
468300d3,
83a30074,
491200d3,
078abf81,
438097fa,
c24ab731,
00044683,
47a10585,
00d38023,
4432b74d,
063344a2,
853340b5,
014100b8,
306f4581,
45817ca0,
00158793,
64634605,
063300f5,
853340b5,
458100b8,
7b00306f,
44a24432,
80820141,
bdfd4912,
46014118,
00074783,
0693cb95,
460102c0,
16d78363,
02e00813,
17078163,
02f86363,
fd578793,
0fd7f793,
16078463,
419c41d4,
06850705,
c1d40785,
4605c19c,
8532c118,
87938082,
f793fd07,
46250ff7,
fef660e3,
07934190,
06050017,
4703c190,
05630017,
06631607,
069316d7,
0c6302e0,
071302d7,
7713fd07,
46a50ff7,
00e6fd63,
46054994,
00178713,
00c687b3,
c118c99c,
80828532,
c703c590,
07850017,
12070863,
02c00693,
4998b7c9,
c9980705,
0017c703,
cf710785,
02c00693,
0ad70f63,
0df77693,
04500613,
08c69a63,
871349d4,
460d0017,
c9d40685,
0017c683,
0813d6a5,
8e6302c0,
45d80906,
fd568693,
0fd6f693,
c5d80705,
87134605,
f6a90027,
0027c683,
00278713,
de9d4619,
07068b63,
86934d90,
f693fd06,
06050ff6,
cd904825,
00d87863,
00378713,
c1184605,
80828532,
4683863a,
07050017,
02c00893,
fd068793,
0ff7f793,
8063ced9,
73e30b16,
41dcfef8,
00260713,
97b24605,
c118c1dc,
80828532,
fd070713,
0ff77713,
f5e346a5,
49d4f4e6,
87134605,
87b30017,
c9dc00c6,
873eb5f1,
07054615,
4190b5d1,
00170793,
c1900605,
00174703,
873ef715,
b57d4615,
07934190,
06050017,
4303c190,
05630017,
0f630403,
459002d3,
fd030693,
0ff6f693,
060548a5,
ecd8fee3,
01030663,
0709c590,
bdad4605,
b5cdc590,
4611873e,
873ebd85,
07054611,
461db5a5,
461db595,
bdb90705,
4609873e,
bd990705,
4609873e,
7119bd81,
daa6dca2,
d6ced8ca,
d2d6d4d2,
ceded0da,
de86cce2,
c58384ae,
09930005,
08000301,
c802d802,
a223c626,
a4230009,
a6230009,
a8230009,
aa230009,
ac230009,
ae230009,
22230009,
24230004,
26230004,
28230004,
2a230004,
2c230004,
2e230004,
893e0004,
8bb28c2a,
8b3a8ab6,
00c10a13,
10058363,
855285ce,
17133b71,
97220025,
431c46b2,
0006c683,
c31c0785,
c626f6e5,
f8639c26,
47050384,
061387a6,
196302c0,
c70308eb,
46b30007,
04630177,
802300c7,
078500d7,
ff87e7e3,
0004c783,
00c10a13,
85cecbc5,
33b98552,
00251713,
46b29722,
c683431c,
07850006,
f6e5c31c,
0384f263,
19634785,
069306fb,
c78302c0,
c7330004,
84630157,
802300d7,
048500e4,
ff84e7e3,
400884ce,
041185ca,
85aa24b1,
04914088,
892a2491,
fe8997e3,
546650f6,
594654d6,
5a2659b6,
5b065a96,
4c664bf6,
80826109,
0007c703,
017746b3,
00c70463,
00d78023,
e7e397da,
c783ff87,
0a130004,
fbb500c1,
fb84f8e3,
02c00693,
0004c783,
0157c733,
00d78463,
00e48023,
e7e394da,
bf49ff84,
f784ebe3,
8c33b771,
eee300a4,
b749f184,
e8634795,
67ad02a7,
85078793,
953e050a,
8782411c,
d881a503,
a5038082,
8082d901,
d8c1a503,
a5038082,
8082d5c1,
d581a503,
45018082,
f7938082,
07a20ff5,
670581a1,
0313737d,
07130f03,
8fcdf0f7,
00e7f5b3,
0067f7b3,
05928391,
78f58ddd,
8893678d,
8793ccc8,
76933337,
781300f5,
f6330f05,
581300f5,
f5b30048,
06920115,
0106e6b3,
060a8189,
fe138e4d,
65950336,
0cc6f693,
8593786d,
08135555,
de93aaa8,
0e0a0026,
00b676b3,
01de6e33,
01067633,
82050686,
055e7f13,
0aae7e13,
00c6eeb3,
5e130f06,
6e33001e,
de9301cf,
ceb3008e,
6e2d01ce,
868e0e13,
96938e55,
96f2001e,
0006d683,
81210622,
1e938e35,
f6930106,
d6130ff6,
06a2018e,
f6338ed1,
f6b300e6,
82910066,
8e550612,
00f676b3,
01167633,
068a8209,
f6338ed1,
f6b300b6,
06060106,
8ed18285,
0ff6f613,
82a10622,
76b38e55,
7eb300e6,
de930066,
7613004e,
069200f5,
01d6e6b3,
06128111,
feb38e49,
f5330116,
de9300f6,
7693002e,
050a0336,
0cc67613,
01d56533,
068a8209,
76338ed1,
753300b5,
ff130105,
06060556,
f6938105,
6eb30aa6,
828500a6,
6f330f06,
d69300df,
c6b3008e,
068601e6,
d68396f2,
96130006,
8e35008e,
01061513,
0ff6f693,
01855613,
8ed106a2,
f6b38f75,
82910066,
8f550712,
77338ff9,
83090117,
8fd9078a,
00b7f533,
0107f7b3,
05068385,
80828d5d,
0ff5f793,
81a107a2,
78fd6705,
0f088893,
f0f70713,
f6b38fcd,
f7b300e7,
83910117,
8edd0692,
678d7875,
ccc80813,
33378793,
00f57613,
0f057593,
00f6f333,
f6b38191,
06120106,
82898e4d,
6333030a,
7e1300d3,
66950336,
0cc67613,
869375ed,
85935556,
5e93aaa5,
0e0a0026,
00d37633,
01de6e33,
00b37333,
53130606,
7f130013,
7e13055e,
6eb30aae,
0f060066,
001e5e13,
01cf6e33,
008ede93,
01ceceb3,
00666e33,
0313632d,
96138683,
961a001e,
00065603,
5f130e22,
4e330085,
1e9301c6,
7613010e,
de130ff6,
0622018e,
01c66633,
00e67e33,
01167633,
0e128211,
00ce6e33,
00fe7633,
010e7e33,
002e5e13,
6633060a,
7e3301c6,
8e6d00d6,
0e068205,
00ce6e33,
0ffe7613,
5e130622,
6633008e,
7eb301c6,
763300e6,
82110116,
eeb30e92,
761300ce,
7f1300ff,
fe330f0f,
5f1300fe,
feb3004f,
0612010e,
01e66633,
002ede93,
6e330e0a,
7e9301de,
76130336,
5f130cc6,
0e8a0026,
00de7633,
01eeeeb3,
00be7e33,
5e130606,
ff93001e,
fe93055e,
6f330aae,
0f8601c6,
001ede93,
008f5f13,
01dfeeb3,
01df4eb3,
01c66e33,
001e9613,
5603961a,
0e220006,
01055e93,
01c64e33,
010e1f13,
0ff67613,
018f5e13,
66330622,
7e3301c6,
763300e6,
82110116,
6e330e12,
763300ce,
7e3300fe,
5e13010e,
060a002e,
01c66633,
00d67e33,
0e068e6d,
66338205,
7e1300ce,
0e220ff6,
6e338221,
763300ce,
7e3300ee,
5e13011e,
0612004e,
01c66633,
00fefe13,
0f0efe93,
004edf13,
7eb30e12,
763300f6,
6e330106,
820901ee,
eeb30e8a,
761300ce,
7e13033e,
5f130cce,
060a002e,
00defe33,
01e66633,
00befeb3,
001ede93,
7f930e06,
76130556,
6f330aa6,
0f8601de,
5f138205,
e633008f,
463300cf,
060600cf,
5603961a,
6e330006,
0e2201de,
01c64e33,
010e1e93,
0ff67613,
018ede13,
66330622,
7e3301c6,
763300e6,
82110116,
6e330e12,
763300ce,
7e3300fe,
5e13010e,
060a002e,
01c66633,
00d67e33,
82058e6d,
6e330e06,
761300ce,
06220ffe,
008e5e13,
01c66633,
00e67eb3,
01167e33,
76138161,
5e1300f5,
0e92004e,
eeb30612,
811101ce,
00fefe33,
feb38d51,
7613010e,
de930335,
7513002e,
0e0a0cc5,
01de6e33,
060a8109,
75338e49,
7e3300de,
7f1300be,
05060556,
001e5e13,
0aa67613,
01c56eb3,
0f068205,
00cf6f33,
008ed613,
01e64633,
961a0606,
00065603,
008e9513,
13138d31,
76130105,
55130ff6,
06220183,
8f718e49,
01167633,
07128211,
8ff98f51,
01077733,
078a8309,
f5338fd9,
8fed00d7,
05068385,
80828d5d,
0ff5f793,
81a107a2,
737d6705,
0f030313,
f0f70713,
f5b38fcd,
f7b300e7,
83910067,
8ddd0592,
678d78f5,
ccc88893,
33378793,
00f57693,
0f057813,
00f5f633,
00485813,
0115f5b3,
e6b30692,
81890106,
8e4d060a,
0336fe13,
f6936595,
786d0cc6,
55558593,
aaa80813,
0026de93,
76b30e0a,
6e3300b6,
763301de,
06860106,
7f138205,
7e13055e,
eeb30aae,
0f0600c6,
001e5e13,
01cf6e33,
008ede93,
01ceceb3,
0e136e2d,
8e55868e,
001e9693,
d68396f2,
06220006,
8e358121,
01061e93,
0ff6f693,
018ed613,
8ed106a2,
00e6f633,
0066f6b3,
06128291,
76b38e55,
763300f6,
82090116,
8ed1068a,
00b6f633,
0106f6b3,
82850606,
f6138ed1,
06220ff6,
8e5582a1,
00e676b3,
00667eb3,
004ede93,
00f57613,
75130692,
e6b30f05,
811101d6,
8e490612,
0116feb3,
00f6f533,
002ede93,
03367693,
7613050a,
65330cc6,
820901d5,
8ed1068a,
00b57633,
01057533,
0556ff13,
81050606,
0aa6f693,
00a66eb3,
0f068285,
00df6f33,
008ed693,
01e6c6b3,
96f20686,
0006d683,
008e9613,
15138e35,
f6930106,
56130ff6,
06a20185,
8f758ed1,
0066f6b3,
07128291,
8ff98f55,
01177733,
078a8309,
f5338fd9,
f7b300b7,
83850107,
8d5d0506,
45018082,
48938082,
711dfff6,
41f8d893,
8d3ed86a,
011677b3,
caa6cca2,
d66ec8ca,
c6cece86,
c2d6c4d2,
dc62c0da,
0313da66,
c64204e0,
842ec43e,
8db684aa,
5363893a,
c41a00c3,
85a28526,
46814601,
488060ef,
56634781,
07b70005,
8c3d8000,
20234785,
852600f9,
85a20810,
018020ef,
4cd24c42,
84aa892e,
46814601,
85e68562,
2fc060ef,
1e050263,
67ad6b2d,
fb0b2a03,
fb4b2a83,
ab03de5e,
ab83fb87,
0413fbc7,
89a2050d,
856286d6,
865285e6,
30d050ef,
10ef0810,
865a7d30,
cc2a86de,
50efce2e,
86523ae0,
60ef86d6,
70ef4ea0,
4c422e20,
05134cd2,
8fa30305,
4601fea9,
85624681,
19fd85e6,
298060ef,
0c33fd55,
0c13413d,
87ce050c,
2e89f063,
413d0533,
04f50693,
72634719,
67332ad7,
0693013d,
8b0dfff5,
0036b693,
00173713,
0016b693,
04638f75,
08132807,
75930505,
8633ffc8,
876a00b9,
07914394,
2e230711,
1be3fed7,
0763fef6,
470302b8,
95ea0006,
00160793,
00e58023,
0087fe63,
00164703,
00260793,
00e580a3,
0087f663,
00264783,
00f58123,
5bf247a2,
0b33942a,
47b200fd,
16078863,
018da023,
17ab6963,
050d0993,
048b6063,
aa0367ad,
aa83fb07,
a01dfb47,
418060ef,
10ef0830,
84aa6e70,
4562892e,
040545f2,
200070ef,
03050513,
fea40fa3,
008b6863,
85ca8526,
86d68652,
fd346ae3,
133b7863,
000b4783,
03900693,
f7930795,
00230ff7,
f46300fb,
47b206f6,
12079663,
061387da,
80230300,
646300c7,
071318fd,
80230310,
a70300e7,
0705000d,
00eda023,
016d7463,
00cb0023,
0007c703,
03900693,
f6630b05,
061302e6,
05930310,
80230300,
a70300c7,
0705000d,
00eda023,
016d7463,
00bb0023,
0007c703,
e2e30b05,
0023fee6,
40f6000b,
44d64466,
49b64946,
4a964a26,
5c624b06,
5db25cd2,
5d42856a,
80826125,
85ca8526,
46814601,
190060ef,
08a05563,
26036b2d,
2683fb0b,
8526fb4b,
de5e85ca,
328060ef,
aa0367ad,
aa83fa87,
89aafac7,
86d68652,
cc2a842e,
60efce2e,
4c012360,
fb4b2b83,
fb0b2b03,
10055563,
85a2854e,
86de865a,
2f4060ef,
86d68652,
892284ce,
89aa1c7d,
60ef842e,
41e320a0,
47a2fe05,
ce22cc4e,
00fd0b33,
ebad47b2,
846a5bf2,
a0239b62,
7be3018d,
0023e9ab,
bf91000d,
040d07a3,
47a2b7b9,
00fd0b33,
e3a547b2,
846a4c01,
bff19b62,
061387da,
80230300,
6b6300c7,
061306fd,
80230310,
a70300c7,
0693000d,
07050390,
00eda023,
0007c703,
f0e6f7e3,
00c78023,
000da703,
a0230705,
c70300ed,
e7e30007,
bdd5fee6,
018da023,
07ab6a63,
09935bf2,
846a050d,
a023b525,
0993000d,
846a050d,
e1ab7ee3,
000d0023,
c703bdc9,
0705fff7,
0ff77713,
fee78fa3,
eae6ffe3,
b58517fd,
fff7c703,
77130705,
8fa30ff7,
f4e3fee7,
17fdeae6,
87eabf8d,
0009c703,
07850985,
fee78fa3,
ff341ae3,
47a2bb55,
00fd0b33,
d38d47b2,
000da023,
f9ab7ae3,
00235bf2,
bda5000d,
0b3347a2,
47b200fd,
a023d781,
65e3018d,
89a2ffab,
846a5bf2,
4801b345,
7175b929,
c70688aa,
c5226529,
c14ac326,
fe13dece,
83320407,
48450513,
000e0563,
85136ea9,
f3934ace,
8f130017,
7f13fff3,
f293ff0f,
0f130107,
8663030f,
9bf90002,
0f1343c1,
f6130200,
ff930027,
0f630207,
cc630e06,
f6131805,
19630047,
8ba11606,
c7814981,
099316fd,
8c630200,
47c1000f,
18f30d63,
ff830793,
0017b793,
0f938e9d,
9b630200,
07931005,
06230300,
490102f1,
10604785,
d3638e3e,
8e3a00e7,
41c684b3,
0a039963,
0a905663,
86268546,
02000593,
cc1ace3a,
c872ca7e,
c47ac63e,
20efc216,
42920bb0,
47b24f22,
4fd24e42,
47724362,
009508b3,
0e099563,
000f8863,
066346a1,
46c114d3,
0ed30863,
005034b3,
dc6314f9,
09b300e7,
854640fe,
0593864e,
20ef0300,
08b307b0,
07b30135,
05930124,
8746fff4,
0007c603,
070517fd,
fec70fa3,
fef59ae3,
00190793,
00f88833,
00905a63,
86268542,
02000593,
045020ef,
00950833,
442a40ba,
490a449a,
854259f6,
80826149,
bf314981,
856314fd,
80230009,
08850138,
000f8863,
086346a1,
46c10ad3,
06d30763,
f80291e3,
0c905c63,
85468626,
c63a85fa,
c23ec472,
7f8020ef,
009508b3,
4e224792,
54fd4732,
16fdbfb9,
02d00993,
10604781,
0265f833,
0785893e,
00f40eb3,
982a8e2e,
00084803,
0265d5b3,
ff0e8fa3,
fe6e72e3,
8023bde1,
08850138,
f20f82e3,
bf5954fd,
099316fd,
bd6102b0,
061354fd,
06930300,
80230780,
80a300c8,
088900d8,
05b3b751,
82e340b0,
47c1fa0f,
04f30463,
026347a1,
16fd02f3,
02d00993,
02000f93,
16f9bf41,
02000f93,
0693bd8d,
80230300,
088500d8,
16f9bf81,
02d00993,
02000f93,
34b3bf85,
06930050,
80230300,
14f900d8,
bd550885,
099316f5,
0f9302d0,
bf890200,
b55514fd,
de010113,
1f312623,
1f612023,
1e112e23,
1e812c23,
1e912a23,
1f212823,
20b12223,
20c12423,
20d12623,
20e12823,
20f12a23,
21012c23,
21112e23,
00054783,
20410b13,
0993ca5a,
cba10c01,
1d712e23,
22236bad,
2c231f51,
24231d81,
2a231f41,
832a1d91,
a68b8b93,
02500c13,
49254ac1,
02e00493,
09878c63,
00f98023,
00134783,
03050985,
2a03fbe5,
2a831e81,
2b831e41,
2c031dc1,
2c831d81,
80231d41,
44030009,
45010c01,
4929c429,
0f630184,
85a20124,
fff50537,
6ac010ef,
0014c403,
00148793,
84bec01d,
ff2415e3,
053745b5,
10effff5,
85a26920,
fff50537,
688010ef,
0014c403,
00148793,
019cfc79,
40f48533,
20830505,
24031fc1,
24831f81,
29031f41,
29831f01,
2b031ec1,
01131e01,
80822201,
46034781,
04130013,
07130013,
7713fe06,
e6630ff7,
070a00ea,
4318975e,
07138702,
7713fd06,
7f630ff7,
07130ce9,
5a7d02a0,
0ee60d63,
0563587d,
77130a96,
06930df6,
106304c0,
85b208d7,
00144603,
03700693,
00140c93,
fbf60713,
0ff77713,
02e6ed63,
070a66ad,
aac68693,
43189736,
e7938702,
83220017,
e793b779,
83220107,
e793b759,
83220047,
e793bfbd,
83220207,
e793bf9d,
83220087,
8466b7bd,
02500793,
00f60963,
00f98023,
00044603,
08e30985,
8023ec06,
478300c9,
09850014,
00140313,
ea0796e3,
0713bd6d,
7713fbf6,
06930ff7,
e5e30370,
66adfce6,
8693070a,
9736b8c6,
87024318,
00144603,
069345a5,
07130014,
7713fd06,
fd630ff7,
071306e5,
016302a0,
84360ae6,
bf254801,
45a54a01,
002a1693,
040596d2,
96b20686,
00044603,
fd068a13,
fd060713,
0ff77713,
fee5f2e3,
2a03b731,
4603000b,
04130023,
44630023,
0b11000a,
0a33bde5,
e7934140,
0b110107,
8ca2b5f5,
25834629,
0b11000b,
8742854e,
3e9186d2,
001cc783,
831389aa,
91e3001c,
bd01e007,
17134801,
97420028,
07060685,
c6039732,
08130006,
0713fd07,
7713fd06,
f2e30ff7,
4713fee5,
877dfff8,
78338436,
b54500e8,
000b2803,
00244603,
47130b11,
877dfff8,
00e87833,
b5610409,
06c00713,
0027e793,
88e34629,
a021f8e5,
0027e793,
25838ca2,
4629000b,
b7490b11,
28838466,
0b11000b,
66088463,
0008c703,
0ee38bc1,
98461207,
07638746,
468300e8,
07050017,
883afafd,
41180cb3,
68078163,
07905c63,
fffc8793,
7be34719,
87330af7,
177d4119,
0138e6b3,
00373713,
37138a8d,
b6930017,
8ef90016,
874e87c6,
08068ae3,
ffccf593,
01158633,
07914394,
2e230711,
1be3fed7,
87b3fef6,
86630199,
46830395,
99ae0006,
00158713,
00d98023,
01975d63,
00164703,
80a30589,
d66300e9,
47030195,
81230026,
89be00e9,
00140313,
0b4cd8e3,
419a0cb3,
8666854e,
02000593,
20efc01a,
47833920,
43020014,
95e399e6,
b9e1cc07,
8bc18466,
004b0c93,
00140313,
58078f63,
000b2683,
80234705,
5ce300d9,
1a7d1547,
00e98533,
05938652,
c01a0200,
354020ef,
00144783,
09b34302,
8b660145,
c80794e3,
8ca2b959,
b5954621,
577d8466,
00ea1563,
0017e793,
25834a21,
854e000b,
86d28742,
32654641,
00144783,
89aa0b11,
00140313,
c4079ae3,
8ca2b18d,
bd054641,
06c00713,
0407e793,
28e58263,
1da12823,
000b2303,
4f030b11,
02630003,
07133c0f,
51630630,
86b749e7,
869351eb,
36b351f6,
029302df,
67290640,
48470713,
ccccdeb7,
ccde8e93,
46214425,
4899451d,
82b38295,
96ba0256,
0006c683,
45914e15,
06d10823,
4f89480d,
405f02b3,
03d2b6b3,
9f13828d,
9f360026,
c68396ba,
0f060006,
41e28f33,
06d108a3,
47039f3a,
9f8a000f,
06ef8823,
002806b3,
02e00713,
06e68823,
00134683,
32068963,
06300713,
3ad75a63,
51eb8eb7,
51fe8e93,
03d6beb3,
00258fb3,
06400293,
88b285c6,
07136729,
0f334847,
8e2a002e,
d6138522,
02b3005e,
963a0256,
00064603,
ccccdeb7,
ccde8e93,
06cf8823,
00880413,
00780613,
40568833,
03d836b3,
0eb3828d,
cf8300d7,
9e93000e,
96f60026,
08230686,
06b307ff,
96ba40d8,
0006c703,
8823958a,
06b306e5,
0713002e,
882302e0,
468306e6,
89630023,
07132806,
51630630,
85b72ed7,
859351eb,
b5b351f5,
8fb302b6,
08130028,
88b20640,
ccccdf37,
ccdf0f13,
07136729,
0eb34847,
85220025,
0055d613,
030605b3,
4603963a,
04130006,
8823006e,
061306cf,
85b3005e,
b6b340b6,
828d03e5,
00d70833,
00084e03,
00269813,
068696c2,
07ce8823,
40d586b3,
c68396ba,
87330006,
08230028,
069306d7,
073302e0,
08230025,
468306d7,
8b630033,
07131e06,
5f630630,
85b730d7,
859351eb,
b5b351f5,
089302b6,
67290640,
48470713,
d837960a,
0813cccc,
0333ccd8,
04130024,
81950045,
031588b3,
c58395ba,
08230005,
061306b6,
85b30035,
b6b34116,
828d0305,
00d70533,
00054803,
00269513,
068696aa,
07030823,
40d586b3,
c70396ba,
960a0006,
06e60823,
ef918bc1,
5f445a63,
408a0a33,
854e8652,
02000593,
20ef99d2,
0a130b60,
854efff4,
188c8622,
20ef8d4e,
99a21820,
01445b63,
0633854e,
0593408a,
20ef0200,
09b30920,
c783014d,
2d03001c,
83131d01,
91e3001c,
bac19c07,
26036729,
0713000b,
0b114ac7,
00064683,
03a00593,
06b10923,
0046d513,
953a8abd,
450396ba,
c6830005,
8bc10006,
06a10823,
06d108a3,
00164683,
06b10aa3,
0046d513,
953a8abd,
450396ba,
c6830005,
09a30006,
0a2306a1,
468306d1,
0c230026,
d51306b1,
8abd0046,
96ba953a,
00054503,
0006c683,
06a10b23,
06d10ba3,
00364683,
06b10da3,
0046d513,
953a8abd,
c68396ba,
45030006,
0d230005,
0ca306d1,
468306a1,
0f230046,
d59306b1,
8abd0046,
96ba95ba,
0006c683,
0005c583,
06d10ea3,
06b10e23,
00564683,
0046d613,
4603963a,
8abd0006,
0fa39736,
470306c1,
00230007,
ebc908e1,
d6634cc5,
0613094c,
0593fefa,
854e0200,
10ef19bd,
99d278b0,
8666854e,
20ef188c,
09c505a0,
00244783,
00240313,
8a079ae3,
e793b0c9,
46410407,
0713b479,
93e306c0,
6729c6e5,
000b2603,
48470713,
b5cd0b11,
0713960a,
08230300,
bd9d06e6,
00288733,
03000693,
06d70823,
958ab3cd,
03000713,
06e58823,
0713b399,
08230300,
441d06e1,
45154619,
4e0d4891,
48054589,
1a7db971,
854e4cc5,
188c8666,
7e1010ef,
d3e399e6,
1a3df94c,
8652854e,
02000593,
6f1010ef,
bf8d99d2,
45a56729,
48470713,
d8d5d0e3,
ccccd5b7,
ccd58593,
02b6b5b3,
00288eb3,
853288aa,
04138622,
818d005e,
00b70833,
00084e03,
00259813,
058695c2,
07ce8823,
b3a98e8d,
4ea56729,
48470713,
caded9e3,
ccccdeb7,
ccde8e93,
03d6beb3,
00258f33,
8e4685f2,
853288aa,
04138622,
d8130078,
0eb3003e,
cf830107,
1e93000e,
98760028,
08230806,
86b307ff,
b9954106,
5e634725,
d6b70de7,
8693cccc,
36b3ccd6,
672902df,
48470713,
461d4421,
48954519,
458d4e11,
828d4809,
00269e93,
96ba9eb6,
0006cf83,
001e9693,
40df0f33,
07f10823,
be794f85,
45a56729,
48470713,
d2d5dee3,
ccccd5b7,
ccd58593,
02b6b5b3,
00260833,
04138622,
818d0035,
00b70533,
00054883,
00259513,
058695aa,
07180823,
b3298e8d,
8bc168a9,
4d488893,
4785ba79,
1f47da63,
0613854e,
0593fffa,
c01a0200,
5c5010ef,
000b2783,
430219fd,
802399d2,
098500f9,
00144783,
97638b66,
f06fee07,
d763efcf,
0a33394c,
8652419a,
0593854e,
c0460200,
591010ef,
488299d2,
fffc8a13,
6729b295,
48470713,
4619441d,
48914515,
45894e0d,
4f814805,
2823b4f5,
26231da1,
84661db1,
007b0713,
0017f693,
16fd9b61,
00072303,
00472883,
ff06f613,
00870b13,
0107f713,
03060d13,
0027ec93,
fc93c719,
ec93ffe7,
0d13002c,
851a0200,
460185c6,
c4424681,
c046c21a,
48c050ef,
43124882,
42634822,
f7931805,
8663004c,
1a7d1807,
02b00d93,
136357fd,
481900f8,
0878189c,
86420834,
85c6851a,
f0efc042,
4772b70f,
86aa4802,
c719101c,
02d00793,
02f10023,
02110793,
0006c703,
1e070e63,
859348e2,
05130016,
556302e0,
86332710,
167d40d5,
85630585,
80231cc8,
c70300e7,
0785fff5,
8023f76d,
f7930007,
4703020c,
c3990201,
14080e63,
cf094781,
87b21010,
c7031214,
07850017,
9ce3c319,
8f91fed7,
40fa0a33,
011cf713,
5663e745,
86522140,
02000593,
c03e854e,
461010ef,
9a4e4782,
0e0d8663,
01ba0023,
001a0993,
1a7d5a7d,
00f05a63,
854e863e,
c03e100c,
519010ef,
99be4782,
01405963,
8652854e,
02000593,
429010ef,
478399d2,
2d030014,
2d831d01,
03131cc1,
9b630014,
f06fd407,
2823d64f,
8ca21da1,
2823ba01,
26231da1,
bd691db1,
0407e793,
46418ca2,
f1aff06f,
1da12823,
0407e793,
b0fd8ca2,
000b2783,
8b660985,
fef98fa3,
00144783,
d0079a63,
d22ff06f,
000d8563,
01b98023,
fc930985,
99e3010c,
56e3f60c,
854ef740,
865285ea,
10efc03e,
47823ab0,
50e399d2,
863ef8f0,
100c854e,
475010ef,
99be4782,
07b7b7bd,
1a7d8000,
00f8c8b3,
02d00d93,
f793b541,
4d81008c,
e6078ce3,
0d931a7d,
b5bd0200,
54e389d2,
863ef4f0,
b7d9c03e,
019987b3,
0008c703,
08850985,
fee98fa3,
fef99ae3,
fa2ff06f,
000780a3,
020cf793,
02014703,
ea0786e3,
12070763,
87b21010,
02e00593,
04500693,
e8b70fe3,
0df77713,
08d70063,
0017c703,
f77d0785,
02e00713,
00e78023,
02014703,
000780a3,
4c81bd95,
f4079c63,
00140313,
d5404de3,
00144783,
c2079a63,
c42ff06f,
00e780a3,
fff5c703,
00a78023,
10e30789,
bd15e207,
b4151a7d,
03000593,
00b78023,
f80800e3,
02e00693,
85138642,
80a30027,
c04200d7,
2b5010ef,
07334802,
00230105,
47030007,
bd090201,
0007c683,
10078613,
c29d873e,
00174683,
c2990705,
fee61ce3,
40f70633,
00c05a63,
00178593,
00278513,
10efc03e,
478214f0,
02e00713,
00e78023,
02014703,
8ce3bbd1,
8023ee0d,
1a7901b9,
b5390985,
03000593,
00b78023,
00a780a3,
81630789,
06330208,
853e4110,
c43ac636,
c046c242,
235010ef,
46b24882,
48124722,
411507b3,
80230685,
c70300e7,
07850006,
bb95fb75,
f06f1a7d,
99badf2f,
101cb9b1,
67a9bdd5,
4dc78793,
479843d4,
0007a803,
713947dc,
ca3ac836,
ce02cc3e,
d202d002,
d602d402,
da02d802,
de02dc02,
0693c642,
47b9ffe6,
03f10713,
02d7ea63,
02c5f7b3,
86ae177d,
c783978a,
d5b300c7,
002302c5,
f5e300f7,
087cfec6,
0007c703,
c7010785,
00e50023,
00980505,
fef718e3,
00050023,
80826121,
c80027f3,
c0002573,
c80025f3,
fef59ae3,
25738082,
7513fc00,
06632005,
57e11205,
3207a073,
90734785,
9073b037,
9073b047,
9073b057,
9073b067,
9073b077,
9073b087,
9073b097,
9073b0a7,
9073b0b7,
9073b0c7,
9073b0d7,
9073b0e7,
9073b0f7,
9073b107,
9073b117,
9073b127,
9073b137,
9073b147,
9073b157,
9073b167,
9073b177,
9073b187,
9073b197,
9073b1a7,
9073b1b7,
9073b1c7,
9073b1d7,
9073b1e7,
27f3b1f7,
2573b030,
953eb040,
b05027f3,
27f3953e,
953eb060,
b07027f3,
27f3953e,
953eb080,
b09027f3,
27f3953e,
953eb0a0,
b0b027f3,
27f3953e,
953eb0c0,
b0d027f3,
27f3953e,
953eb0e0,
b0f027f3,
27f3953e,
953eb100,
b11027f3,
27f3953e,
953eb120,
b13027f3,
27f3953e,
953eb140,
b15027f3,
27f3953e,
953eb160,
b17027f3,
27f3953e,
953eb180,
b19027f3,
27f3953e,
953eb1a0,
b1b027f3,
27f3953e,
953eb1c0,
b1d027f3,
27f3953e,
953eb1e0,
b1f027f3,
8082953e,
8082557d,
c1dc6789,
80824501,
80824505,
80824501,
c2261141,
c606c04a,
892ec422,
e51184b2,
0537842a,
2fd1fff5,
0537e52d,
27f1fff6,
e11d4401,
00efa0ad,
07930510,
0713ff65,
06b3ff35,
b7930089,
37130017,
80230017,
8fd900a6,
e7910405,
fff60537,
fc941de3,
40b28426,
44228522,
49024492,
80820141,
017000ef,
ff650793,
ff350713,
008906b3,
0017b793,
00173713,
00a68023,
04058fd9,
0537fbe9,
1de3fff5,
8426fc94,
0713b7d9,
a2230580,
547ddae1,
1141bf6d,
c04ac226,
157dc606,
892e4785,
fa6384b2,
053702a7,
2f25fff6,
c4b9cd31,
844ac422,
00044583,
fff60537,
274d0405,
409407b3,
ff2798e3,
85264422,
449240b2,
01414902,
05378082,
2721fff5,
c422c515,
cc81844a,
00044583,
fff50537,
2f8d0405,
409407b3,
ff2798e3,
4422bfc1,
449240b2,
45014902,
80820141,
05800713,
dae1a223,
bf6d557d,
d941a683,
00c18713,
37b7c685,
87938000,
896380c7,
953600e7,
00f57663,
d8a1aa23,
80828536,
56fd4731,
dae1a223,
80828536,
d8e1aa23,
bfd186ba,
34011073,
c2067119,
340110f3,
c60ec406,
ca16c812,
ce1ecc1a,
d226d022,
d62ed42a,
da36d832,
de3edc3a,
c2c6c0c2,
c6cec4ca,
cad6c8d2,
cedeccda,
d2e6d0e2,
d6eed4ea,
daf6d8f2,
defedcfa,
34202573,
01855593,
01f57613,
962e060a,
dac18513,
4210962a,
000600e7,
34202573,
02054163,
0e634585,
25f300b5,
85133410,
c5830045,
898d0005,
c19115f5,
10731579,
40923415,
424241b2,
436242d2,
540243f2,
55225492,
564255b2,
576256d2,
480657f2,
49264896,
4a4649b6,
4b664ad6,
5c064bf6,
5d265c96,
5e465db6,
5f665ed6,
41225ff6,
30200073,
71390001,
fff50537,
dc22de06,
d84ada26,
d452d64e,
e5412b5d,
f14027f3,
05378b85,
c7adfff5,
e159235d,
300027f3,
00b7d713,
05378b0d,
c715fff5,
e1412b49,
34202973,
fd6347ad,
07b70327,
17f58000,
477197ca,
06f76c63,
078a672d,
c6c70713,
439c97ba,
23a58782,
65a9dd61,
52058593,
fff50537,
29732be5,
47ad3420,
fd27e7e3,
0713672d,
1793ce07,
97ba0029,
8782439c,
dd492b3d,
859365a9,
05375145,
23f9fff5,
65a9b771,
4f058593,
fff50537,
b7bd23c1,
859365a9,
053750c5,
2b4dfff5,
65a9bf85,
51c58593,
fff50537,
bf9d2355,
fff50537,
116329fd,
64294805,
7fc40413,
4050400c,
44584414,
01044783,
fff50537,
c832c62e,
cc3aca36,
00f10e23,
1c6329d9,
49853a05,
0537a80d,
6429fff5,
041321d9,
d9657fc4,
859365a9,
05375545,
2b89fff5,
a8114985,
fff50537,
1e63216d,
64294205,
7fc40413,
05374981,
2961fff5,
3e051963,
34102a73,
4050400c,
44584414,
01044783,
fff50537,
c832c62e,
cc3aca36,
00f10e23,
1b63298d,
05373805,
21a5fff5,
36051f63,
343024f3,
4050400c,
44584414,
01044783,
fff50537,
c832c62e,
cc3aca36,
00f10e23,
e10d2189,
04094a63,
06099463,
fff50537,
e93d290d,
546250f2,
594254d2,
5a2259b2,
80826121,
03000593,
fff50537,
05932951,
05370780,
2169fff5,
5a714471,
0084d7b3,
978a8bbd,
00c7c583,
fff50537,
298d1471,
ff4416e3,
fa095ae3,
fff50537,
1e6326dd,
47853405,
012797b3,
3047b073,
fa0980e3,
fff50537,
1b6326f9,
00733205,
bff51050,
fff50537,
d5592e7d,
50f25462,
594254d2,
5a2259b2,
859365a9,
05377e05,
6121fff5,
0537a181,
2e71fff5,
32051e63,
04136429,
49857fc4,
0537bdcd,
2661fff5,
ee0501e3,
859365a9,
05375b85,
2919fff5,
0537bdc9,
2e85fff5,
ec0505e3,
859365a9,
05375d45,
2efdfff5,
0537bd6d,
2ea1fff5,
ea0509e3,
859365a9,
05375e85,
26ddfff5,
0537b54d,
2681fff5,
e8050de3,
859365a9,
05376085,
26f9fff5,
0537b569,
2625fff5,
e80501e3,
859365a9,
053758c5,
2e5dfff5,
0537bd8d,
2e01fff5,
e60505e3,
859365a9,
05375a45,
2e79fff5,
0537bda9,
2ce5fff5,
e40509e3,
859365a9,
05375745,
2659fff5,
0537b589,
24c5fff5,
e2050de3,
859365a9,
05376545,
26bdfff5,
0537b52d,
24e1fff5,
e20501e3,
859365a9,
05376405,
2e99fff5,
0537bd09,
2c45fff5,
e00505e3,
859365a9,
05377645,
2e3dfff5,
0537bbed,
2c61fff5,
de0509e3,
859365a9,
053768c5,
261dfff5,
0537b3cd,
2441fff5,
dc050de3,
859365a9,
05377545,
2639fff5,
0537b3e9,
24a5fff5,
dc0501e3,
859365a9,
053767c5,
2cddfff5,
0537bb4d,
2c81fff5,
da0505e3,
859365a9,
053766c5,
2cf9fff5,
0537bb69,
2c25fff5,
d80509e3,
859365a9,
05377405,
24d9fff5,
0537b349,
2405fff5,
d6050de3,
859365a9,
05377305,
247dfff5,
0537b3ad,
2421fff5,
d60501e3,
859365a9,
05377205,
2c59fff5,
0537bb89,
2ac5fff5,
d40505e3,
859365a9,
05377105,
2cbdfff5,
0537bb2d,
2ae1fff5,
d20509e3,
859365a9,
05377005,
249dfff5,
0537b30d,
22c1fff5,
d0050de3,
859365a9,
05376f05,
24b9fff5,
0537b329,
2265fff5,
d00501e3,
859365a9,
05376e05,
2c1dfff5,
0537b9cd,
2a41fff5,
ce0505e3,
859365a9,
05376d05,
2c39fff5,
0537b9e9,
2aa5fff5,
cc0509e3,
859365a9,
05376c05,
2419fff5,
0537b1c9,
2285fff5,
ca050de3,
859365a9,
05376ac5,
22fdfff5,
0537b16d,
22a1fff5,
ca0501e3,
859365a9,
053769c5,
2ad9fff5,
0537b949,
2a05fff5,
c80505e3,
859365a9,
05376285,
2a7dfff5,
0593b9ad,
05370300,
2a49fff5,
07800593,
fff50537,
44f12261,
57b359f1,
8bbd0099,
c583978a,
053700c7,
14f1fff5,
96e32a85,
4985ff34,
65a9b1b9,
79058593,
fff50537,
b9ad2ab5,
03000593,
fff50537,
22b9d256,
07800593,
fff50537,
44f12291,
57b35af1,
8bbd009a,
c583978a,
053700c7,
14f1fff5,
96e32235,
5a92ff54,
65a9b92d,
78858593,
fff50537,
b1192a25,
859365a9,
05377b05,
222dfff5,
65a9b1c9,
79858593,
fff50537,
b9712a31,
859365a9,
05377745,
2239fff5,
65a9be9d,
54058593,
fff50537,
be752201,
859365a9,
05375245,
28cdfff5,
6789b975,
80078793,
30079073,
90734781,
27f33047,
e78df140,
85936591,
8613c1a5,
4701dac1,
02000513,
00271693,
02070793,
078a96b2,
97b2c28c,
0705c38c,
fea716e3,
0ff0000f,
87936791,
9bf1b4c7,
30579073,
07378082,
87aafff5,
00e50e63,
fff60737,
83634501,
808200e7,
47887781,
020007b7,
80828d7d,
47887781,
000207b7,
80828d7d,
00052023,
439c7781,
46810586,
02b7d7b3,
3fe00593,
00f5e763,
838da839,
fa630685,
871300f5,
9b75ffe6,
8385db6d,
eae30685,
068efef5,
17fd8ae1,
3ff7f793,
00f00737,
8e79079a,
8fd58fd1,
0017e793,
8082c11c,
9713411c,
5de300c7,
c14cfe07,
411c8082,
00f79713,
fe075de3,
75134148,
80820ff5,
0005c683,
8613c28d,
48350015,
8d6345a9,
411c00b6,
00c79713,
fe075de3,
4683c154,
06050006,
8082f6ed,
9713411c,
5de300c7,
2223fe07,
bff10105,
ce86711d,
0005c703,
d002ce02,
d402d202,
d802d602,
dc02da02,
c349de02,
c6cec8ca,
69ad692d,
caa6cca2,
8832c4d2,
842ac2d6,
00158613,
d6990913,
d1098993,
02500493,
1b634a29,
c7831e97,
46850015,
00258a93,
01278733,
00074703,
03638b0d,
8b6306d7,
87130097,
46d5f9d7,
02e6ed63,
974e070a,
87024318,
9713401c,
5de300c7,
0793fe07,
c05c0250,
c70385d6,
86130005,
fb550015,
44d64466,
49b64946,
4a964a26,
612540f6,
40188082,
00c71693,
fe06dde3,
02500713,
4018c058,
00c71693,
fe06dde3,
b7d9c05c,
02078793,
0ff7f793,
2583bf59,
46410008,
08680811,
f0efc642,
0868c9cf,
0a0010ef,
47a1469d,
8e894832,
03000593,
0b63567d,
401c00f5,
00c79713,
fe075de3,
16fdc04c,
fec699e3,
01c14683,
01d10613,
453545a9,
8e63dab5,
401c00b6,
00c79713,
fe075de3,
c0540605,
fff64683,
96e3deb1,
401cfeb6,
00c79713,
fe075de3,
bff1c048,
00082583,
00480893,
1005cc63,
08684629,
f0efc646,
48b2c24f,
01c14683,
884685d6,
0613d68d,
45a901d1,
8e634535,
401c00b6,
00c79713,
fe075de3,
c0540605,
fff64683,
8846f6ed,
401cb711,
00c79713,
fe075de3,
bff1c048,
00082683,
401c0811,
00c79713,
fe075de3,
0ff6f793,
85d6c05c,
2583bdf9,
46290008,
08680811,
f0efc642,
4683bbcf,
483201c1,
ec0682e3,
061345a9,
453501d1,
00b68f63,
9713401c,
5de300c7,
0605fe07,
4683c054,
81e3fff6,
95e3ea06,
401cfeb6,
00c79713,
fe075de3,
bfe9c048,
00082583,
c6830811,
81e30005,
4629e806,
45350585,
00c68f63,
9713401c,
5de300c7,
c054fe07,
0005c683,
81e30585,
95e3e606,
401cfec6,
00c79713,
fe075de3,
bfe9c048,
01470a63,
9693401c,
dde300c7,
c058fe06,
bd3585b2,
9693401c,
dde300c7,
47b5fe06,
b7cdc05c,
40b005b3,
9713401c,
5de300c7,
0793fe07,
c05c02d0,
7139bde1,
02810313,
861ad432,
d636ce06,
da3ed83a,
de46dc42,
3b9dc61a,
612140f2,
00008082,
4145d693,
fe010113,
7ff6f693,
00112e23,
c0168813,
01300313,
00058793,
00060893,
00050713,
05034863,
10084663,
001006b7,
fff68693,
4106d6b3,
00b6f633,
00a66633,
06061463,
00070613,
00078693,
80000737,
00f777b3,
00c8a023,
00000713,
00d8a223,
01c12083,
00070513,
00078593,
02010113,
00008067,
03300613,
07064663,
fff00613,
bed68693,
00d656b3,
00a6f633,
fa060ce3,
fff6c693,
00a6fe33,
00a6f333,
000e0613,
00058693,
0180006f,
fff6c693,
00b6f7b3,
00000613,
00078693,
00000313,
00f8a223,
0068a023,
305040ef,
01c12083,
00050713,
00058793,
00070513,
00078593,
02010113,
00008067,
00a8a023,
00b8a223,
00a12623,
00b12223,
01112423,
070000ef,
00412783,
04051c63,
00c12703,
00078693,
00078593,
00070613,
00070513,
2d0030ef,
00812883,
00050713,
00058793,
00a8a023,
00b8a223,
f31ff06f,
01c12083,
800006b7,
00b6f6b3,
00062023,
00d62223,
00070513,
00078593,
02010113,
00008067,
80000737,
00f777b3,
00000713,
efdff06f,
00b567b3,
04078e63,
80000737,
00b70733,
00153793,
00071663,
00200513,
04079463,
00159713,
00175713,
fff006b7,
00d706b3,
7fe00637,
00400513,
02c6e663,
0145d613,
7ff67613,
7ff006b7,
00300513,
00060c63,
40d70733,
00173713,
00e7f533,
00008067,
00200513,
00008067,
00050593,
d681a503,
0100006f,
00050593,
d681a503,
6b50006f,
fc010113,
02812c23,
02112e23,
00b58793,
01600713,
00050413,
08f76e63,
01000693,
06b6ec63,
059000ef,
01000693,
01800713,
00200893,
80000837,
00080813,
00e80733,
00472783,
ff870613,
44c78c63,
0047a703,
00c7a603,
0087a583,
ffc77713,
00e78733,
00472683,
00c5a623,
00f12623,
00b62423,
0016e693,
00040513,
00d72223,
005000ef,
00c12783,
03c12083,
03812403,
00878513,
04010113,
00008067,
00c00793,
00f42023,
00000513,
03c12083,
03812403,
04010113,
00008067,
ff87f693,
fe07c0e3,
fcb6eee3,
00d12623,
7b8000ef,
00c12683,
1f700793,
4cd7f663,
0096d793,
16078e63,
00400713,
42f76863,
0066d793,
03978893,
03878e13,
00389513,
80000837,
00080813,
00a80533,
00452783,
ff850513,
02f50863,
00f00313,
0140006f,
00c7a583,
34065463,
00b50e63,
00058793,
0047a703,
ffc77713,
40d70633,
fec352e3,
000e0893,
01082783,
80000e37,
008e0e13,
2dc78c63,
0047a703,
00f00593,
ffc77713,
40d70633,
46c5cc63,
01c82a23,
01c82823,
44065263,
1ff00613,
00482303,
34e66063,
ff877613,
00860613,
00c80633,
00062583,
00575513,
00100713,
00a71733,
00e36333,
ff860713,
00b7a423,
00e7a623,
00682223,
00f62023,
00f5a623,
4028d793,
00100513,
00f51533,
0aa36663,
006577b3,
02079463,
00151513,
ffc8f893,
006577b3,
00488893,
00079a63,
00151513,
006577b3,
00488893,
fe078ae3,
00f00e93,
00389f13,
01e80f33,
000f0313,
00c32703,
00088f93,
32e30a63,
00472603,
00070793,
00c72703,
ffc67613,
40d605b3,
32beca63,
fe05c2e3,
00c78633,
00462683,
0087a583,
00040513,
0016e693,
00d62223,
00e5a623,
00b72423,
00f12623,
63c000ef,
00c12783,
00878513,
e55ff06f,
20000513,
04000893,
03f00e13,
e95ff06f,
00882783,
0047a703,
ffc77313,
40d30633,
00d36663,
01062713,
1a070463,
da01a583,
d601a603,
fff00713,
00b685b3,
42e60463,
00001737,
00f70713,
00e585b3,
fffff737,
00e5f5b3,
00040513,
01012e23,
00f12c23,
00d12a23,
00612823,
00b12623,
6b8000ef,
fff00713,
00c12583,
01012303,
01412683,
01812783,
01c12803,
00050e13,
34e50663,
00678733,
34e56063,
eac18e93,
000ea603,
00c58633,
00cea023,
48a70a63,
d601af03,
fff00513,
4aaf0263,
40ee0733,
00c70733,
00eea023,
007e7f13,
3a0f0e63,
ff8e7e13,
000018b7,
008e0e13,
00888893,
00be0633,
41e885b3,
40c585b3,
01459593,
0145d593,
00040513,
03012623,
03d12423,
02f12223,
02d12023,
00612e23,
01c12c23,
01e12a23,
00c12823,
00b12623,
60c000ef,
00050713,
fff00513,
00c12583,
01012603,
01412f03,
01812e03,
01c12303,
02012683,
02412783,
02812e83,
02c12803,
44a70e63,
000ea603,
41c70733,
00b70733,
00176713,
01c82423,
00c58633,
00ee2223,
00cea023,
03078e63,
00f00513,
3e657663,
0047a583,
ff430713,
ff877713,
0015f593,
00e5e5b3,
00b7a223,
00500893,
00e785b3,
0115a223,
0115a423,
40e56a63,
004e2703,
d9c1a583,
00c5f463,
d8c1ae23,
d981a583,
00c5f463,
d8c1ac23,
000e0793,
21c0006f,
00482303,
d8dff06f,
0016e713,
00e7a223,
00d786b3,
00166613,
00d82423,
00040513,
00c6a223,
00f12623,
43c000ef,
00c12783,
03c12083,
03812403,
00878513,
04010113,
00008067,
0087a603,
00e78733,
00472683,
00b62623,
00f12623,
0016e693,
00c5a423,
00040513,
00d72223,
3fc000ef,
00c12783,
03c12083,
03812403,
00878513,
04010113,
00008067,
00c72783,
00288893,
c8f708e3,
ba1ff06f,
00975613,
00400593,
14c5fe63,
01400593,
28c5e263,
05c60513,
00351513,
05b60593,
00a80533,
00052603,
ff850513,
00c51863,
1e00006f,
00862603,
00c50863,
00462583,
ffc5f593,
feb768e3,
00c62503,
00a7a623,
00c7a423,
00f52423,
00f62623,
ca1ff06f,
01400713,
14f77063,
05400713,
24f76263,
00c6d793,
06f78893,
06e78e13,
00389513,
bc5ff06f,
001f8f93,
003ff793,
00830313,
12078863,
00c32703,
cb9ff06f,
0087a503,
0016e893,
0117a223,
00e52623,
00a72423,
00d786b3,
00d82a23,
00d82823,
0015e713,
00c78633,
01c6a623,
01c6a423,
00e6a223,
00040513,
00b62023,
00f12623,
2f4000ef,
00c12783,
00878513,
b0dff06f,
0036d893,
00868713,
a91ff06f,
00e78733,
00472683,
00f12623,
00040513,
0016e693,
00d72223,
2c0000ef,
00c12783,
00878513,
ad9ff06f,
0016e593,
00b7a223,
00d786b3,
00d82a23,
00d82823,
00166593,
00e78733,
01c6a623,
01c6a423,
00b6a223,
00040513,
00c72023,
00f12623,
27c000ef,
00c12783,
00878513,
a95ff06f,
00675613,
03960513,
00351513,
03860593,
eadff06f,
15078a63,
00882783,
0047a703,
ffc77713,
40d70633,
00d76663,
01062713,
de0700e3,
00040513,
234000ef,
a51ff06f,
05c78893,
05b78e13,
00389513,
a95ff06f,
008f2783,
fff88893,
21e79463,
0038f793,
ff8f0f13,
fe0796e3,
00482703,
fff54793,
00e7f7b3,
00f82223,
00151513,
fff50713,
bcf778e3,
00f57733,
00071a63,
00151513,
00f57733,
004f8f93,
fe070ae3,
000f8893,
b39ff06f,
01058593,
bedff06f,
4025d593,
00100713,
00b71733,
00e36333,
00682223,
e29ff06f,
00be0633,
40c005b3,
01459593,
0145d593,
00040513,
03012423,
03d12223,
02f12023,
00d12e23,
00612c23,
01c12a23,
00b12623,
00c12823,
26c000ef,
00050713,
fff00513,
00c12583,
01412e03,
01812303,
01c12683,
02012783,
02412e83,
02812803,
c6a716e3,
01012703,
00000593,
c61ff06f,
05400593,
06c5ec63,
00c75613,
06f60513,
00351513,
06e60593,
d75ff06f,
15400713,
06f76c63,
00f6d793,
07878893,
07778e13,
00389513,
97dff06f,
eac18e93,
000ea603,
00c58633,
00cea023,
b75ff06f,
01451513,
b60516e3,
00882e03,
00b305b3,
0015e713,
00ee2223,
c55ff06f,
d7c1a023,
b69ff06f,
00100793,
00fe2223,
e8dff06f,
15400593,
06c5ec63,
00f75613,
07860513,
00351513,
07760593,
cf9ff06f,
55400713,
06f76c63,
0126d793,
07d78893,
07c78e13,
00389513,
901ff06f,
ff8f0f13,
01e60733,
00000593,
b9dff06f,
00878593,
00040513,
01012a23,
01d12823,
00d12623,
694000ef,
01412803,
01012e83,
00c12683,
00882e03,
000ea603,
004e2703,
bc5ff06f,
55400593,
02c5e463,
01275613,
07d60513,
00351513,
07c60593,
c7dff06f,
3f800513,
07f00893,
07e00e13,
891ff06f,
3f800513,
07e00593,
c61ff06f,
00482783,
e15ff06f,
00008067,
00008067,
d681a783,
00050593,
0087a603,
00078513,
0740106f,
fc010113,
02812c23,
00050413,
00058513,
00b12623,
02112e23,
450000ef,
00c12583,
0000a7b7,
03442703,
00150893,
1e078793,
00100813,
02010613,
00200693,
02b12023,
02a12223,
01112e23,
02f12423,
03012623,
00c12a23,
00d12c23,
00842583,
04070e63,
00c59703,
0645a783,
00002637,
01271693,
0006ce63,
ffffe6b7,
fff68693,
00c76733,
00d7f7b3,
00e59623,
06f5a223,
01279713,
02074e63,
00040513,
01410613,
25d000ef,
02051663,
00a00513,
03c12083,
03812403,
04010113,
00008067,
00040513,
00b12623,
20d000ef,
00c12583,
f99ff06f,
fff00513,
fd9ff06f,
00050593,
d681a503,
f25ff06f,
ff010113,
00812423,
00912223,
00050493,
00058513,
00112623,
da01a223,
a4dfe0ef,
fff00793,
00f50c63,
00c12083,
00812403,
00412483,
01010113,
00008067,
da41a783,
fe0784e3,
00c12083,
00812403,
00f4a023,
00412483,
01010113,
00008067,
02a5f663,
00c587b3,
02f57263,
04060863,
00c50633,
fff7c703,
fff60613,
fff78793,
00e60023,
fec518e3,
00008067,
00f00793,
02c7e863,
00050793,
fff60693,
0e060063,
00168693,
00d786b3,
0005c703,
00178793,
00158593,
fee78fa3,
fed798e3,
00008067,
00b567b3,
0037f793,
00058893,
0a079263,
00465793,
00479813,
01050833,
fff78793,
00050713,
0005a683,
01058593,
01070713,
fed72823,
ff45a683,
fed72a23,
ff85a683,
fed72c23,
ffc5a683,
fed72e23,
fd071ce3,
00479793,
01178733,
01070593,
00f507b3,
00c67813,
01078793,
00058e13,
00f67693,
04080863,
ffc68693,
ffc6f693,
00d70733,
01470713,
41150833,
0005a303,
010588b3,
00458593,
0068a023,
fee598e3,
00468713,
01c705b3,
00f707b3,
00367613,
f2dff06f,
fff60693,
00050793,
f29ff06f,
00008067,
00068613,
f15ff06f,
00f00313,
00050713,
02c37e63,
00f77793,
0a079063,
08059263,
ff067693,
00f67613,
00e686b3,
00b72023,
00b72223,
00b72423,
00b72623,
01070713,
fed766e3,
00061463,
00008067,
40c306b3,
00269693,
00000297,
005686b3,
00c68067,
00b70723,
00b706a3,
00b70623,
00b705a3,
00b70523,
00b704a3,
00b70423,
00b703a3,
00b70323,
00b702a3,
00b70223,
00b701a3,
00b70123,
00b700a3,
00b70023,
00008067,
0ff5f593,
00859693,
00d5e5b3,
01059693,
00d5e5b3,
f6dff06f,
00279693,
00000297,
005686b3,
00008293,
fa0680e7,
00028093,
ff078793,
40f70733,
00f60633,
f6c378e3,
f3dff06f,
00a5c7b3,
0037f793,
00c508b3,
06079663,
00463613,
06061263,
00357793,
00050713,
0c079a63,
ffc8f613,
40e606b3,
02000793,
06d7c463,
00058693,
00070793,
02c77a63,
0006a803,
00478793,
00468693,
ff07ae23,
fec7e8e3,
fff60613,
40e60633,
ffc67613,
00458593,
00470713,
00c585b3,
00c70733,
01176863,
00008067,
00050713,
ff157ce3,
0005c783,
00170713,
00158593,
fef70fa3,
fee898e3,
00008067,
0005a683,
0045a283,
0085af83,
00c5af03,
0105ae83,
0145ae03,
0185a303,
01c5a803,
00d72023,
0205a683,
02470713,
fe572023,
fed72e23,
fff72223,
40e606b3,
ffe72423,
ffd72623,
ffc72823,
fe672a23,
ff072c23,
02458593,
fad7c6e3,
f45ff06f,
0005c683,
00170713,
00377793,
fed70fa3,
00158593,
f0078ee3,
0005c683,
00170713,
00377793,
fed70fa3,
00158593,
fc079ae3,
f01ff06f,
00357793,
00050713,
04079c63,
7f7f86b7,
f7f68693,
fff00593,
00072603,
00470713,
00d677b3,
00d787b3,
00c7e7b3,
00d7e7b3,
feb784e3,
ffc74683,
40a707b3,
04068463,
ffd74683,
02068c63,
ffe74503,
00a03533,
00f50533,
ffe50513,
00008067,
fa0688e3,
00074783,
00170713,
00377693,
fe0798e3,
40a70733,
fff70513,
00008067,
ffd78513,
00008067,
ffc78513,
00008067,
fe010113,
01212823,
80000937,
00812c23,
00912a23,
01312623,
00058413,
00112e23,
00050993,
00090913,
ac9ff0ef,
00892783,
00001737,
0047a483,
ffc4f493,
7ff48793,
7f078793,
40878433,
00c45413,
fff40413,
00c41413,
00e44e63,
00000593,
00098513,
b8dff0ef,
00892783,
009787b3,
02f50663,
00098513,
a81ff0ef,
01c12083,
01812403,
01412483,
01012903,
00c12983,
00000513,
02010113,
00008067,
408005b3,
00098513,
b4dff0ef,
fff00793,
04f50463,
00892683,
eac1a783,
408484b3,
0014e493,
00098513,
408787b3,
0096a223,
eaf1a623,
a29ff0ef,
01c12083,
01812403,
01412483,
01012903,
00c12983,
00100513,
02010113,
00008067,
00000593,
00098513,
af5ff0ef,
00892703,
00f00693,
40e507b3,
f6f6d4e3,
d601a603,
0017e793,
40c50533,
00f72223,
eaa1a623,
f51ff06f,
12058463,
fe010113,
00812c23,
00b12623,
00050413,
00112e23,
9b5ff0ef,
00c12583,
80000837,
00080813,
ffc5a503,
ff858713,
00882883,
ffe57793,
00f70633,
00462683,
00157313,
ffc6f693,
18c88863,
00d62223,
00d608b3,
0048a883,
0018f893,
08031a63,
ff85a303,
800005b7,
00858593,
40670733,
00872503,
006787b3,
12b50a63,
00c72303,
00652623,
00a32423,
18088c63,
0017e693,
00d72223,
00f62023,
1ff00693,
0af6e263,
ff87f693,
00868693,
00482583,
00d806b3,
0006a603,
0057d513,
00100793,
00a797b3,
00b7e7b3,
ff868593,
00c72423,
00b72623,
00f82223,
00e6a023,
00e62623,
00040513,
01812403,
01c12083,
02010113,
8e5ff06f,
02089e63,
800005b7,
00d787b3,
00858593,
00862683,
0017e893,
00f70533,
16b68063,
00c62603,
00c6a623,
00d62423,
01172223,
00f52023,
f75ff06f,
00008067,
00156513,
fea5ae23,
00f62023,
1ff00693,
f6f6f2e3,
0097d693,
00400613,
0ed66063,
0067d693,
03968593,
00359593,
03868613,
00b805b3,
0005a683,
ff858593,
00d59863,
11c0006f,
0086a683,
00d58863,
0046a603,
ffc67613,
fec7e8e3,
00c6a583,
00b72623,
00d72423,
00040513,
01812403,
01c12083,
00e5a423,
00e6a623,
02010113,
829ff06f,
0a089063,
00c62583,
00862603,
00f686b3,
0016e793,
00b62623,
00c5a423,
00f72223,
00d70733,
00d72023,
f09ff06f,
00d786b3,
02031063,
ff85a783,
40f70733,
00872603,
00f686b3,
00c72783,
00f62623,
00c7a423,
0016e613,
d641a783,
00c72223,
00e82423,
ecf6e8e3,
da01a583,
00040513,
cc5ff0ef,
ec1ff06f,
00d787b3,
eddff06f,
01400613,
02d67863,
05400613,
06d66863,
00c7d693,
06f68593,
00359593,
06e68613,
f15ff06f,
0017e693,
00d72223,
00f62023,
e85ff06f,
05c68593,
00359593,
05b68613,
ef5ff06f,
00e82a23,
00e82823,
00b72623,
00b72423,
01172223,
00f52023,
e59ff06f,
00482503,
40265613,
00100793,
00c797b3,
00a7e7b3,
00f82223,
ee9ff06f,
15400613,
00d66c63,
00f7d693,
07868593,
00359593,
07768613,
ea1ff06f,
55400613,
00d66c63,
0127d693,
07d68593,
00359593,
07c68613,
e85ff06f,
3f800593,
07e00613,
e79ff06f,
000075b7,
d4818613,
d7858593,
c0818513,
6ac0006f,
00452583,
ff010113,
00812423,
00112623,
ed418793,
00050413,
00f58463,
47c010ef,
00842583,
f3c18793,
00f58663,
00040513,
468010ef,
00c42583,
fa418793,
00f58c63,
00040513,
00812403,
00c12083,
01010113,
4480106f,
00c12083,
00812403,
01010113,
00008067,
fe010113,
000067b7,
00812c23,
8cc78793,
ed418413,
00112e23,
00912a23,
01212823,
01312623,
01412423,
daf1a423,
00800613,
00400793,
00000593,
f3018513,
00f42623,
00042023,
00042223,
00042423,
06042223,
00042823,
00042a23,
00042c23,
891ff0ef,
00006a37,
000069b7,
00006937,
000064b7,
000107b7,
108a0a13,
16498993,
1ec90913,
25048493,
00978793,
00800613,
00000593,
f9818513,
06f42a23,
03442023,
03342223,
03242423,
02942623,
00842e23,
06042423,
06042623,
06042823,
0c042623,
06042c23,
06042e23,
08042023,
825ff0ef,
000207b7,
01278793,
f3c18713,
00018513,
00800613,
00000593,
09442423,
09342623,
09242823,
08942a23,
0cf42e23,
0c042823,
0c042a23,
0c042c23,
12042a23,
0e042023,
0e042223,
0e042423,
08e42223,
fd4ff0ef,
fa418793,
0f442823,
0f342a23,
0f242c23,
0e942e23,
01c12083,
0ef42623,
01812403,
01412483,
01012903,
00c12983,
00812a03,
02010113,
00008067,
03452783,
00078463,
00008067,
000067b7,
da81a703,
8e078793,
02f52a23,
fe0716e3,
e8dff06f,
00008067,
00008067,
00862783,
22078c63,
00c59683,
fc010113,
02812c23,
03412423,
03512223,
02112e23,
0086f793,
00058413,
00050a93,
00060a13,
0a078463,
0105a783,
0a078063,
02912a23,
03212823,
03312623,
03612023,
0026f793,
000a2483,
0a078a63,
80000b37,
c00b0b13,
00000993,
00000913,
00098613,
000a8513,
1a090e63,
00090693,
012b7663,
800006b7,
c0068693,
02442783,
01c42583,
000780e7,
40a05a63,
008a2783,
00a989b3,
40a90933,
40a787b3,
00fa2423,
fc0790e3,
03412483,
03012903,
02c12983,
02012b03,
00000513,
03c12083,
03812403,
02812a03,
02412a83,
04010113,
00008067,
00040593,
000a8513,
009000ef,
26051663,
00c41683,
02912a23,
03212823,
03312623,
03612023,
0026f793,
000a2483,
f4079ae3,
01712e23,
01812c23,
0016f793,
12079863,
00042783,
80000737,
fff70c13,
00000b13,
00000993,
0e098863,
2006f713,
00842903,
00078513,
20070e63,
00090b93,
2d29e263,
4806f713,
08070c63,
01442603,
01042583,
00161713,
00c70733,
01f75913,
40b78bb3,
00e90933,
001b8793,
40195913,
013787b3,
00090613,
00f97663,
00078913,
00078613,
4006f693,
2c068463,
00060593,
000a8513,
ad9fe0ef,
30050863,
01042583,
000b8613,
00a12623,
e9cff0ef,
00c45783,
00c12703,
b7f7f793,
0807e793,
00f41623,
417907b3,
01770533,
01242a23,
00e42823,
00a42023,
00f42423,
00098913,
00098b93,
000b0593,
000b8613,
c58ff0ef,
00842703,
00042783,
41270733,
00e42423,
008a2703,
017787b3,
00f42023,
41370733,
00ea2423,
28070263,
00c41683,
0004ab03,
0044a983,
00848493,
f05ff06f,
0004a983,
0044a903,
00848493,
e31ff06f,
00000513,
00008067,
00000b13,
00000b93,
00000513,
00000c13,
060b0e63,
08050663,
000b8793,
000b0993,
0167f463,
00078993,
01442683,
00842903,
00042503,
01042783,
01268933,
00a7f463,
09394063,
1ad9c063,
02442783,
01c42583,
000c0613,
000a8513,
000780e7,
00050913,
08a05463,
412b8bb3,
00100513,
160b8263,
008a2783,
412787b3,
00fa2423,
1c078c63,
412b0b33,
012c0c33,
f80b16e3,
0044ab03,
00048793,
00848493,
fe0b0ae3,
0007ac03,
000b0613,
00a00593,
000c0513,
75c000ef,
18050c63,
00150513,
41850bb3,
f5dff06f,
000c0593,
00090613,
b38ff0ef,
00042783,
00040593,
000a8513,
012787b3,
00f42023,
2f4010ef,
f80500e3,
00c41783,
01c12b83,
01812c03,
03412483,
03012903,
02c12983,
02012b03,
0407e793,
00f41623,
fff00513,
d6dff06f,
01042703,
06f76263,
01442583,
04b9ee63,
00098913,
013c7463,
000c0913,
00090513,
601030ef,
02442783,
01c42583,
40a906b3,
000b0613,
000a8513,
000780e7,
f8a05ce3,
00050913,
008a2783,
412989b3,
412787b3,
00fa2423,
0e078663,
00c41683,
00042783,
012b0b33,
d71ff06f,
0129f463,
00098913,
00078513,
00090613,
000b0593,
a70ff0ef,
00042783,
00842703,
012787b3,
41270733,
00f42023,
00e42423,
fa0716e3,
00040593,
000a8513,
21c010ef,
f8050ee3,
f29ff06f,
00098913,
00098b93,
dd5ff06f,
00040593,
000a8513,
1fc010ef,
e8050ae3,
f09ff06f,
00098613,
000c0593,
a14ff0ef,
00842703,
00042783,
00098913,
41370733,
013787b3,
00e42423,
00f42023,
e59ff06f,
000a8513,
02d000ef,
00050713,
d60512e3,
01042583,
000a8513,
eb4ff0ef,
00c45783,
00c00713,
01c12b83,
01812c03,
00eaa023,
f7f7f793,
eb1ff06f,
001b0793,
00078b93,
dcdff06f,
01c12b83,
01812c03,
c0dff06f,
00c41783,
e91ff06f,
00c00793,
00faa023,
01c12b83,
00c41783,
01812c03,
e79ff06f,
fd010113,
03212023,
01312e23,
01412c23,
01512a23,
01612823,
01712623,
02112623,
02812423,
02912223,
00060a93,
00050b13,
00058b93,
00000a13,
00100993,
fff00913,
004aa483,
fff48493,
0204ca63,
008aa403,
00c45783,
00f9fe63,
00e41783,
00040593,
000b0513,
01278663,
000b80e7,
00aa6a33,
fff48493,
06840413,
fd249ce3,
000aaa83,
fc0a90e3,
02c12083,
02812403,
02412483,
02012903,
01c12983,
01412a83,
01012b03,
00c12b83,
000a0513,
01812a03,
03010113,
00008067,
00050713,
00050663,
03452783,
04078463,
00862783,
0ff5f693,
fff78793,
00f62423,
0007da63,
01862503,
02a7c263,
ff668793,
00078e63,
00062783,
0ff5f513,
00178713,
00e62023,
00d78023,
00008067,
00070513,
1cc0006f,
fe010113,
00c12623,
00b12423,
00112e23,
00a12223,
9f5ff0ef,
00c12603,
00812583,
00412703,
00862783,
0ff5f693,
fff78793,
00f62423,
0007da63,
01862503,
02a7c663,
ff668793,
02078263,
00062783,
0ff5f513,
00178713,
00e62023,
00d78023,
01c12083,
02010113,
00008067,
01c12083,
00070513,
02010113,
1540006f,
ff010113,
00812423,
00058413,
00e59583,
00112623,
55c000ef,
02054063,
05042783,
00c12083,
00a787b3,
04f42823,
00812403,
01010113,
00008067,
00c45783,
fffff737,
fff70713,
00e7f7b3,
00c12083,
00f41623,
00812403,
01010113,
00008067,
00c59783,
fe010113,
00068313,
00112e23,
1007f693,
00058713,
00060893,
00050813,
02069863,
fffff6b7,
fff68693,
01c12083,
00d7f7b3,
00e71583,
00f71623,
00030693,
00088613,
00080513,
02010113,
5300006f,
00e59583,
00c12423,
00200693,
00000613,
00612623,
00e12023,
00a12223,
440000ef,
00012703,
00c12303,
00812883,
00c71783,
00412803,
fa1ff06f,
ff010113,
00812423,
00058413,
00e59583,
00112623,
410000ef,
fff00713,
00c41783,
02e50263,
00001737,
00e7e7b3,
00c12083,
04a42823,
00f41623,
00812403,
01010113,
00008067,
80050713,
80070713,
00e7f7b3,
00c12083,
00f41623,
00812403,
01010113,
00008067,
00e59583,
3600006f,
fe010113,
00812c23,
00912a23,
00112e23,
00050493,
00058413,
00050663,
03452783,
12078263,
01862703,
00c61783,
00e62423,
0087f713,
08070663,
01062703,
08070263,
01279693,
06462703,
000025b7,
0a06d063,
01271793,
0c07c263,
00062703,
01062783,
01462683,
40f707b3,
0ad7dc63,
00178793,
00862683,
00170593,
00b62023,
fff68693,
00d62423,
00870023,
01462703,
0ff47413,
06f70c63,
ff640793,
00079863,
00c65783,
0017f793,
06079263,
01c12083,
00040513,
01812403,
01412483,
02010113,
00008067,
00060593,
00048513,
00c12623,
088000ef,
04051463,
00c12603,
000025b7,
00c61783,
06462703,
01279693,
f606c4e3,
ffffe6b7,
fff68693,
00b7e7b3,
00d77733,
00f61623,
06e62223,
f4dff06f,
00060593,
00048513,
575000ef,
f8050ae3,
fff00413,
f8dff06f,
00060593,
00048513,
00c12623,
559000ef,
fe0514e3,
00c12603,
00100793,
00062703,
f31ff06f,
00c12623,
ef8ff0ef,
00c12603,
ed5ff06f,
d681a703,
fe010113,
00112e23,
00050613,
00058793,
00070663,
03472683,
10068a63,
00c79703,
00877693,
02068e63,
0107a683,
04068a63,
00c79703,
00177613,
06060e63,
0147a603,
0007a423,
00000513,
40c00633,
00c7ac23,
08068063,
01c12083,
02010113,
00008067,
01077693,
0e068263,
00477693,
06069e63,
0107a683,
00876713,
00e79623,
fa069ae3,
00c7a703,
20000593,
28077713,
fab702e3,
00060513,
00078593,
00f12423,
4fd000ef,
00812783,
00c79703,
0107a683,
00177613,
f80616e3,
00277613,
00000593,
00061463,
0147a583,
00b7a423,
00000513,
f80694e3,
08077693,
f80680e3,
04076713,
00e79623,
fff00513,
f71ff06f,
0307a583,
02058663,
04078693,
02d58063,
00060513,
00f12623,
00c12423,
930ff0ef,
00c12783,
00812603,
00c79703,
0207a823,
0107a683,
fdb77713,
0007a223,
00d7a023,
f4dff06f,
00a12423,
00070513,
00b12623,
db0ff0ef,
00c12783,
00812603,
ed9ff06f,
00900693,
04076713,
00d62023,
00e79623,
fff00513,
ef9ff06f,
00357793,
0ff5f713,
02078063,
08060863,
00054783,
fff60613,
08e78063,
00150513,
00357793,
fe0794e3,
00300813,
04c87863,
0ff5f593,
00859793,
00b785b3,
01059793,
feff0337,
808088b7,
00f585b3,
eff30313,
08088893,
00052783,
00f5c7b3,
006786b3,
fff7c793,
00f6f7b3,
0117f7b3,
00079a63,
ffc60613,
00450513,
fcc86ee3,
02060063,
00c50633,
00c0006f,
00150513,
00c50863,
00054783,
fee79ae3,
00008067,
00000513,
00008067,
ff010113,
00812423,
00912223,
00050493,
00058513,
00112623,
da01a223,
c14fd0ef,
fff00793,
00f50c63,
00c12083,
00812403,
00412483,
01010113,
00008067,
da41a783,
fe0784e3,
00c12083,
00812403,
00f4a023,
00412483,
01010113,
00008067,
ff010113,
00058793,
00812423,
00912223,
00060593,
00050493,
00068613,
00078513,
00112623,
da01a223,
bbcfd0ef,
fff00793,
00f50c63,
00c12083,
00812403,
00412483,
01010113,
00008067,
da41a783,
fe0784e3,
00c12083,
00812403,
00f4a023,
00412483,
01010113,
00008067,
ff010113,
00058793,
00812423,
00912223,
00060593,
00050493,
00068613,
00078513,
00112623,
da01a223,
b58fd0ef,
fff00793,
00f50c63,
00c12083,
00812403,
00412483,
01010113,
00008067,
da41a783,
fe0784e3,
00c12083,
00812403,
00f4a023,
00412483,
01010113,
00008067,
ff010113,
00058793,
00812423,
00912223,
00060593,
00050493,
00068613,
00078513,
00112623,
da01a223,
b8afd0ef,
fff00793,
00f50c63,
00c12083,
00812403,
00412483,
01010113,
00008067,
da41a783,
fe0784e3,
00c12083,
00812403,
00f4a023,
00412483,
01010113,
00008067,
1e058863,
fe010113,
00812c23,
00912a23,
00058413,
00112e23,
00050493,
00c12023,
849fe0ef,
00012583,
01600713,
00b58793,
12f77863,
ff87f793,
00078693,
01f7d713,
1eb7e463,
1e071263,
ffc42603,
ff840813,
ffc67713,
12d75863,
80000e37,
000e0e13,
008e2883,
00e80333,
00432503,
1e688063,
ffe57893,
011308b3,
0048a883,
0018f893,
14089a63,
ffc57513,
00a708b3,
0ed8d263,
00167613,
02061463,
ff842e83,
41d80eb3,
004ea603,
ffc67613,
00c50533,
00e508b3,
32d8d463,
00c708b3,
28d8dc63,
00048513,
00e12423,
01012223,
00f12023,
f21fd0ef,
00012783,
00412803,
00812703,
00050693,
44050863,
ffc42603,
ff850593,
ffe67613,
00c80633,
22b60463,
ffc70613,
02400793,
2cc7e263,
01300713,
22c76263,
00050793,
00040713,
00072603,
00c7a023,
00472603,
00c7a223,
00872703,
00e7a423,
00040593,
00048513,
00d12023,
d65fe0ef,
00048513,
f2cfe0ef,
00012683,
01c12083,
01812403,
01412483,
00068513,
02010113,
00008067,
01000693,
00068793,
00000713,
ed5ff06f,
00c32683,
00832603,
00088713,
00d62623,
00c6a423,
00482683,
40f70533,
00f00593,
0016f693,
00e80633,
06a5e063,
00d766b3,
00d82223,
00462783,
0017e793,
00f62223,
00048513,
eb8fe0ef,
00040693,
01c12083,
01812403,
01412483,
00068513,
02010113,
00008067,
00167613,
ee0612e3,
ff842e83,
41d80eb3,
004ea603,
ffc67613,
ec9ff06f,
00060593,
df9fd06f,
00d7e6b3,
00d82223,
00f805b3,
00156513,
00a5a223,
00462783,
00858593,
00048513,
0017e793,
00f62223,
c7dfe0ef,
f8dff06f,
00c00793,
00f4a023,
00000693,
01c12083,
01812403,
01412483,
00068513,
02010113,
00008067,
ffc57513,
00e508b3,
01078313,
2468da63,
00167613,
e4061ee3,
ff842e83,
41d80eb3,
004ea603,
ffc67613,
00c50533,
00e508b3,
e268cce3,
00cea683,
008ea583,
ffc70613,
02400713,
00d5a623,
00b6a423,
008e8693,
2ec76263,
01300593,
00068713,
02c5f263,
00042583,
01b00713,
00bea423,
00442583,
00bea623,
30c76a63,
00840413,
010e8713,
00042603,
00c72023,
00442603,
00c72223,
00842603,
00c72423,
00fe8633,
40f88733,
00ce2423,
00176713,
00e62223,
004ea703,
00048513,
00d12023,
00177713,
00f767b3,
00fea223,
d5cfe0ef,
00012683,
ea5ff06f,
ffc52683,
ffc6f693,
00d70733,
e5dff06f,
00042583,
01b00713,
00b52023,
00442583,
00b52223,
10c76e63,
00840713,
00850793,
dc9ff06f,
00cea683,
008ea583,
ffc70613,
02400513,
00d5a623,
00b6a423,
008e8693,
10c56863,
01300593,
00068713,
02c5f263,
00042583,
01b00713,
00bea423,
00442583,
00bea623,
18c76063,
00840413,
010e8713,
00042603,
00c72023,
00442603,
00c72223,
00842603,
00c72423,
00068413,
00088713,
000e8813,
dc5ff06f,
00040593,
00a12023,
df4fe0ef,
00012683,
d59ff06f,
00c32683,
00832583,
ffc70613,
02400513,
00d5a623,
00b6a423,
00cea703,
008ea683,
008e8813,
00e6a623,
00d72423,
0cc56e63,
01300693,
00080713,
02c6f263,
00042683,
01b00713,
00dea423,
00442683,
00dea623,
12c76a63,
00840413,
010e8713,
00042683,
00d72023,
00442683,
00d72223,
00842683,
00d72423,
00080413,
00088713,
000e8813,
d2dff06f,
00842703,
00e52423,
00c42703,
00e52623,
0cf60a63,
01040713,
01050793,
c9dff06f,
00068513,
00040593,
01d12623,
00f12423,
01112223,
00d12023,
d2cfe0ef,
00c12e83,
00812783,
00412883,
00012683,
f0dff06f,
00f80833,
40f88733,
010e2423,
00176713,
00e82223,
ffc42703,
00048513,
00177713,
00f767b3,
fef42e23,
b98fe0ef,
00040693,
ce1ff06f,
00080513,
00040593,
01d12623,
00f12423,
01112223,
01012023,
cc8fe0ef,
00012803,
00412883,
00812783,
00c12e83,
f41ff06f,
00842703,
00eea823,
00c42703,
00eeaa23,
08a60c63,
01040413,
018e8713,
e71ff06f,
00048513,
b38fe0ef,
00000693,
cf9ff06f,
01042603,
01840713,
01850793,
00c52823,
01442603,
00c52a23,
bbdff06f,
00842683,
02400713,
00dea823,
00c42683,
00deaa23,
08e60463,
01040413,
018e8713,
eb9ff06f,
00068513,
00040593,
01d12623,
00f12423,
01112223,
00d12023,
c28fe0ef,
800007b7,
00078e13,
00c12e83,
00812783,
00412883,
00012683,
d31ff06f,
01042603,
020e8713,
01840413,
00ceac23,
ffc42603,
00ceae23,
dcdff06f,
00842583,
02400713,
00bea823,
00c42583,
00beaa23,
02e60663,
01040413,
018e8713,
cd9ff06f,
01042683,
020e8713,
01840413,
00deac23,
ffc42683,
00deae23,
e25ff06f,
01042603,
020e8713,
01840413,
00ceac23,
ffc42603,
00ceae23,
ca1ff06f,
ff010113,
00112623,
01212023,
02058863,
00812423,
00912223,
00058413,
00050493,
00050663,
03452783,
0c078c63,
00c41783,
02079263,
00812403,
00412483,
00c12083,
00000913,
00090513,
00012903,
01010113,
00008067,
00040593,
00048513,
0ac000ef,
02c42783,
00050913,
00078a63,
01c42583,
00048513,
000780e7,
06054463,
00c45783,
0807f793,
06079663,
03042583,
00058c63,
04040793,
00f58663,
00048513,
fd0fe0ef,
02042823,
04442583,
00058863,
00048513,
fbcfe0ef,
04042223,
c8dfe0ef,
00041623,
c89fe0ef,
00c12083,
00812403,
00412483,
00090513,
00012903,
01010113,
00008067,
00c45783,
fff00913,
0807f793,
f8078ee3,
01042583,
00048513,
f74fe0ef,
f8dff06f,
c21fe0ef,
f29ff06f,
00c59703,
fe010113,
00812c23,
01312623,
00112e23,
00877793,
00058413,
00050993,
12079263,
000017b7,
80078793,
0045a683,
00f767b3,
00f59623,
18d05c63,
02842803,
0e080663,
00912a23,
01371693,
0009a483,
0009a023,
1806ca63,
01c42583,
00000613,
00100693,
00098513,
000800e7,
fff00793,
00050613,
1af50c63,
00c41783,
02842803,
0047f793,
00078e63,
00442703,
03042783,
40e60633,
00078663,
03c42783,
40f60633,
01c42583,
00000693,
00098513,
000800e7,
fff00713,
00c41783,
12e51c63,
0009a683,
01d00713,
18d76263,
20400737,
00170713,
00d75733,
00177713,
16070863,
01042683,
fffff737,
7ff70713,
00e7f733,
00e41623,
00042223,
00d42023,
01379713,
00075663,
0009a783,
10078863,
03042583,
0099a023,
10058a63,
04040793,
00f58663,
00098513,
e44fe0ef,
01412483,
02042823,
01c12083,
01812403,
00c12983,
00000513,
02010113,
00008067,
01212823,
0105a903,
08090a63,
00912a23,
0005a483,
00377713,
0125a023,
412484b3,
00000793,
00071463,
0145a783,
00f42423,
00904863,
0640006f,
00a90933,
04905e63,
02442783,
01c42583,
00048693,
00090613,
00098513,
000780e7,
40a484b3,
fca04ee3,
00c45783,
01012903,
0407e793,
01c12083,
00f41623,
01812403,
01412483,
00c12983,
fff00513,
02010113,
00008067,
03c5a683,
e6d044e3,
f55ff06f,
01412483,
01012903,
f49ff06f,
05042603,
e95ff06f,
01042683,
fffff737,
7ff70713,
00e7f733,
00e41623,
00042223,
00d42023,
01379713,
ee075ce3,
03042583,
04a42823,
0099a023,
ee059ae3,
01412483,
f05ff06f,
0009a783,
e40784e3,
fe378713,
00070c63,
fea78793,
00078863,
00c45783,
0407e793,
f65ff06f,
0099a023,
01412483,
ed5ff06f,
00050793,
00050663,
03452703,
00070e63,
00c59703,
00071663,
00000513,
00008067,
00078513,
d81ff06f,
fe010113,
00b12623,
00112e23,
00a12423,
985fe0ef,
00c12583,
00812783,
00c59703,
00070a63,
01c12083,
00078513,
02010113,
d4dff06f,
01c12083,
00000513,
02010113,
00008067,
00c59783,
0027f713,
00070e63,
04358793,
00100713,
00f5a023,
00f5a823,
00e5aa23,
00008067,
00058713,
00e59583,
f8010113,
06812c23,
06112e23,
00050413,
0805ce63,
01810613,
00e12423,
130000ef,
00812703,
08054263,
40000593,
00040513,
06912a23,
00e12423,
01c12483,
d84fd0ef,
00812703,
00c71783,
0c050263,
40000693,
0807e793,
00d72a23,
40c4d693,
00f71623,
00a72023,
00a72823,
00f6f693,
00200613,
0cc69663,
00e71583,
00040513,
00e12423,
130000ef,
00812703,
00c71783,
0a050863,
ffc7f793,
000016b7,
07412483,
0017e793,
80068693,
0500006f,
00c71783,
0807f793,
0017b793,
40f007b3,
3c07f593,
04058593,
00040513,
00e12623,
00b12423,
cf4fd0ef,
00c12703,
00812583,
00c71783,
02050a63,
0807e793,
00a72023,
00a72823,
00b72a23,
00000693,
00d7e7b3,
00f71623,
07c12083,
07812403,
08010113,
00008067,
07412483,
2007f693,
fe0694e3,
ffc7f793,
04370693,
0027e793,
00100613,
00f71623,
00d72023,
00d72823,
00c72a23,
fc5ff06f,
000016b7,
07412483,
80068693,
fadff06f,
ff010113,
00058793,
00812423,
00912223,
00060593,
00050493,
00078513,
00112623,
da01a223,
f04fc0ef,
fff00793,
00f50c63,
00c12083,
00812403,
00412483,
01010113,
00008067,
da41a783,
fe0784e3,
00c12083,
00812403,
00f4a023,
00412483,
01010113,
00008067,
ff010113,
00812423,
00912223,
00050493,
00058513,
00112623,
da01a223,
eb0fc0ef,
fff00793,
00f50c63,
00c12083,
00812403,
00412483,
01010113,
00008067,
da41a783,
fe0784e3,
00c12083,
00812403,
00f4a023,
00412483,
01010113,
00008067,
fd010113,
01512a23,
02112623,
02812423,
02912223,
03212023,
01312e23,
01412c23,
01612823,
01712623,
01812423,
01912223,
00050a93,
38069463,
0000b7b7,
00060993,
00050493,
ea878793,
16c5f463,
00010737,
00068a13,
00058c13,
12e67863,
10063713,
00173713,
00371713,
00e656b3,
00d787b3,
0007c783,
00e787b3,
02000713,
00e78e63,
40f70733,
00e59c33,
00fad7b3,
00e619b3,
0187ec33,
00ea94b3,
0109db13,
000b0593,
01099b93,
000c0513,
798020ef,
010bdb93,
00050593,
00050913,
000b8513,
758020ef,
00050413,
000b0593,
000c0513,
7bc020ef,
01051513,
0104d693,
00a6e6b3,
0086fa63,
00d986b3,
0086f463,
0b36fa63,
fff90913,
40868433,
000b0593,
00040513,
744020ef,
00050593,
00050a93,
000b8513,
708020ef,
00050b93,
000b0593,
00040513,
76c020ef,
01049493,
01051513,
0104d493,
00a4e4b3,
0174fa63,
009984b3,
0174f463,
0734f663,
fffa8a93,
01091793,
0157e7b3,
02c12083,
02812403,
02412483,
02012903,
01c12983,
01412a83,
01012b03,
00c12b83,
00812c03,
00412c83,
000a0593,
00078513,
01812a03,
03010113,
00008067,
010006b7,
01800713,
ecd67ce3,
01000713,
ed1ff06f,
ffe90913,
013686b3,
f4dff06f,
ffea8a93,
f99ff06f,
00000713,
00060c63,
00010737,
0ee67463,
10063713,
00173713,
00371713,
00e656b3,
00d787b3,
0007c783,
00e787b3,
02000713,
0ce79c63,
40c58433,
00100a13,
0109da93,
000a8593,
01099b13,
00040513,
644020ef,
010b5b13,
00050593,
00050913,
000b0513,
604020ef,
00050b93,
000a8593,
00040513,
668020ef,
01051513,
0104d693,
00a6e6b3,
0176fa63,
00d986b3,
0176f463,
1736f663,
fff90913,
41768433,
000a8593,
00040513,
5f0020ef,
00050593,
00050b93,
000b0513,
5b4020ef,
00050b13,
000a8593,
00040513,
618020ef,
01049493,
01051513,
0104d493,
00a4e4b3,
0164fa63,
009984b3,
0164f463,
1334f263,
fffb8b93,
01091793,
0177e7b3,
eadff06f,
010006b7,
01800713,
f2d670e3,
01000713,
f19ff06f,
40f70733,
00e619b3,
00f5d433,
0109db13,
00e595b3,
00fad7b3,
00b7ea33,
01099b93,
000b0593,
00040513,
00ea94b3,
010bdb93,
558020ef,
00050593,
00050913,
000b8513,
51c020ef,
00050a93,
000b0593,
00040513,
580020ef,
01051513,
010a5693,
00a6e6b3,
0156fa63,
00d986b3,
0156f463,
0736f663,
fff90913,
41568433,
000b0593,
00040513,
508020ef,
00050593,
00050a93,
000b8513,
4cc020ef,
00050b93,
000b0593,
00040513,
530020ef,
010a1793,
01051513,
0107d793,
00a7e7b3,
0177fa63,
00f987b3,
0177f463,
0337f263,
fffa8a93,
01091913,
41778433,
01596a33,
e61ff06f,
ffe90913,
013686b3,
f95ff06f,
ffea8a93,
013787b3,
fddff06f,
ffe90913,
013686b3,
e95ff06f,
ffeb8b93,
ee1ff06f,
1ed5e663,
000107b7,
04f6f463,
1006b713,
00173713,
00371713,
0000b7b7,
00e6d533,
ea878793,
00a787b3,
0007c783,
02000b13,
00e787b3,
03679863,
00cab7b3,
0017b793,
00b6b6b3,
00d7e7b3,
00000a13,
d45ff06f,
010007b7,
01800713,
fcf6f0e3,
01000713,
fb9ff06f,
40fb0b33,
00f65bb3,
016696b3,
00dbebb3,
00f5d4b3,
010bdc93,
00fad7b3,
016595b3,
00b7ea33,
010b9c13,
000c8593,
00048513,
016619b3,
010c5c13,
3e8020ef,
00050593,
00050413,
000c0513,
3ac020ef,
00050913,
000c8593,
00048513,
410020ef,
01051513,
010a5713,
00a76733,
01277a63,
00eb8733,
01277463,
0f777e63,
fff40413,
412704b3,
000c8593,
00048513,
398020ef,
00050593,
00050913,
000c0513,
35c020ef,
00050c13,
000c8593,
00048513,
3c0020ef,
010a1793,
01051513,
0107d793,
00a7e7b3,
0187fa63,
00fb87b3,
0187f463,
0b77fa63,
fff90913,
01099313,
01041413,
01035313,
01091513,
418788b3,
01055513,
012467b3,
00030593,
304020ef,
00050813,
01091513,
01055513,
0109d593,
2f0020ef,
00050713,
00030593,
0107d513,
2e0020ef,
00050313,
0109d593,
0107d513,
2d0020ef,
01085693,
00670733,
00e686b3,
0066f663,
00010737,
00e50533,
0106d613,
00a60633,
02c8e063,
01081813,
01069693,
01085813,
016a9733,
010686b3,
e8d772e3,
e8c890e3,
fff78793,
e79ff06f,
ffe40413,
01770733,
f05ff06f,
ffe90913,
017787b3,
f4dff06f,
00000a13,
00000793,
b9dff06f,
00100737,
fe010113,
fff70713,
00b777b3,
0146d893,
00d77733,
00812c23,
0145d413,
00371713,
01d65813,
01212823,
7ff47413,
01f5d913,
00379793,
01d55593,
7ff8f893,
00112e23,
00912a23,
01312623,
01f6d693,
00f5e7b3,
00e86833,
00351513,
00361613,
41140733,
7ff00593,
30d91463,
10e05263,
02089c63,
00c86733,
02070463,
fff40713,
00071e63,
00c50633,
010787b3,
00a63533,
00a787b3,
00100413,
0600006f,
00b41c63,
00050613,
1d80006f,
feb40ce3,
008006b7,
00d86833,
03800693,
0ae6c663,
01f00693,
02000893,
06e6c863,
40e888b3,
011816b3,
00e655b3,
011618b3,
00b6e6b3,
011038b3,
0116e6b3,
00e85733,
00a68633,
00f70733,
00d636b3,
00d707b3,
00879713,
22075663,
00140413,
7ff00713,
60e40863,
ff800737,
fff70713,
00e7f7b3,
00165713,
00167613,
00c76733,
01f79613,
00e66633,
0017d793,
1f80006f,
fe070693,
00d856b3,
00000593,
01170863,
04000593,
40e585b3,
00b815b3,
00c5e5b3,
00b035b3,
00b6e6b3,
00000713,
f89ff06f,
00c866b3,
00d036b3,
ff1ff06f,
0c070263,
40888733,
02041263,
00a7e6b3,
00068863,
fff70693,
ee068ee3,
02b71063,
00080793,
00070413,
0e40006f,
58b88663,
008006b7,
00d7e7b3,
00070693,
03800713,
06d74c63,
01f00713,
02000313,
02d74e63,
40d30333,
00679733,
00d555b3,
00651333,
00b76733,
00603333,
00676733,
00d7d6b3,
00c70633,
010686b3,
00e63733,
00e687b3,
00088413,
f05ff06f,
fe068713,
00e7d733,
00000593,
00668863,
04000593,
40d585b3,
00b795b3,
00a5e5b3,
00b035b3,
00b76733,
00000693,
fbdff06f,
00a7e733,
00e03733,
ff1ff06f,
00140713,
7fe77693,
0c069263,
00a7e733,
0a041463,
4a070863,
00c86733,
4a070863,
00c50633,
010787b3,
00a63533,
00a787b3,
00879713,
32075a63,
ff800737,
fff70713,
00e7f7b3,
00100413,
01d79713,
00365613,
7ff00693,
00c76733,
0037d793,
00d41e63,
00f76733,
00000793,
00070863,
000807b7,
00000713,
00000913,
7ff47413,
00c79793,
00c7d793,
01441413,
01f91593,
00f46433,
01c12083,
00b467b3,
01812403,
01412483,
01012903,
00c12983,
00070513,
00078593,
02010113,
00008067,
40070e63,
00c86833,
2c081c63,
00050613,
4100006f,
40b70a63,
00c50633,
00a63533,
010787b3,
00a787b3,
01f79693,
00165613,
00c6e633,
0017d793,
00070413,
00767713,
02070063,
00f67713,
00400693,
00d70a63,
00d60733,
00c736b3,
00d787b3,
00070613,
00879713,
f20756e3,
00140413,
7ff00713,
3ae40e63,
ff800737,
fff70713,
00e7f7b3,
f11ff06f,
0ee05063,
08089863,
00c86733,
d20702e3,
fff40713,
00071e63,
40c50633,
410787b3,
00c53533,
40a787b3,
00100413,
04c0006f,
d0b400e3,
03800693,
08e6ce63,
01f00693,
02000893,
06e6c063,
40e888b3,
011816b3,
00e655b3,
011618b3,
00b6e6b3,
011038b3,
0116e6b3,
00e85733,
40d50633,
40e78733,
00c53533,
40a707b3,
00879713,
f2075ee3,
008004b7,
fff48493,
0097f4b3,
00060993,
2140006f,
c8b40ee3,
008006b7,
00d86833,
f95ff06f,
fe070693,
00d856b3,
00000593,
01170863,
04000593,
40e585b3,
00b815b3,
00c5e5b3,
00b035b3,
00b6e6b3,
00000713,
f99ff06f,
00c866b3,
00d036b3,
ff1ff06f,
0e070663,
40888333,
04041263,
00a7e733,
02070663,
fff30713,
02071063,
40a60533,
00a63733,
40f807b3,
00050613,
40e787b3,
00068913,
f15ff06f,
02b31263,
00068913,
00080793,
00030413,
de5ff06f,
28b88463,
00800737,
00e7e7b3,
00030713,
03800593,
08e5c063,
01f00593,
02000e13,
04e5c263,
40ee0e33,
01c795b3,
00e55333,
01c51e33,
0065e5b3,
01c03e33,
01c5e5b3,
00e7d733,
40b605b3,
00b637b3,
40e80733,
00058613,
40f707b3,
00088413,
00068913,
eedff06f,
fe070593,
00b7d5b3,
00000313,
01c70863,
04000313,
40e30333,
00679333,
00a36333,
00603333,
0065e5b3,
00000713,
fb5ff06f,
00a7e5b3,
00b035b3,
ff1ff06f,
00140713,
7fe77713,
0a071063,
00a7e8b3,
00c86733,
06041863,
00089a63,
00080793,
02071e63,
00000913,
1b40006f,
18070c63,
40c505b3,
00b538b3,
41078733,
41170733,
00871893,
0208d663,
40a60533,
00a63733,
40f807b3,
00050613,
40e787b3,
00068913,
00f66733,
1a070063,
00000413,
d81ff06f,
00e5e633,
18060263,
00070793,
00058613,
fe1ff06f,
00089e63,
00068913,
14071063,
00000913,
004007b7,
00000613,
1340006f,
d0070ee3,
fedff06f,
40c50733,
00e535b3,
410784b3,
40b484b3,
00849593,
00070993,
0605de63,
40a609b3,
40f804b3,
01363633,
40c484b3,
00068913,
06048e63,
00048513,
595010ef,
ff850713,
02000793,
40e787b3,
00e494b3,
00f9d7b3,
0097e7b3,
00e99633,
0a874463,
40870733,
00170513,
01f00693,
02000593,
06a6c263,
40a585b3,
00b79733,
00a656b3,
00b615b3,
00d76733,
00b035b3,
00b76633,
00a7d7b3,
f29ff06f,
00976633,
f8061ce3,
00000913,
00000793,
00000413,
bf1ff06f,
00098513,
51d010ef,
01850713,
01f00793,
f8e7d2e3,
ff850793,
00f997b3,
00000613,
f8dff06f,
fe170713,
00e7d733,
00000693,
00b50863,
04000693,
40a686b3,
00d796b3,
00d666b3,
00d036b3,
00d76633,
00000793,
ebdff06f,
40e40433,
ff800737,
fff70713,
00e7f7b3,
c35ff06f,
00080793,
ea1ff06f,
00050613,
e99ff06f,
00080793,
00058413,
b6dff06f,
00070413,
00000793,
00000613,
b5dff06f,
00068913,
00080793,
00088413,
b4dff06f,
00000913,
00000793,
b41ff06f,
00000793,
00000613,
f41ff06f,
fb010113,
03512a23,
0145da93,
04812423,
05212023,
03312e23,
03412c23,
03712623,
00c59413,
04112623,
04912223,
03612823,
03812423,
03912223,
03a12023,
01b12e23,
7ffafa93,
00050913,
00060b93,
00068a13,
00c45413,
01f5d993,
0a0a8063,
7ff00793,
10fa8063,
01d55c93,
00341413,
008cecb3,
008007b7,
00fcecb3,
00351493,
c01a8a93,
00000b13,
014a5793,
00ca1413,
7ff7f793,
00c45413,
01fa5a13,
0e078e63,
7ff00713,
16e78263,
00341413,
01dbd713,
00876733,
00800437,
00876433,
003b9593,
c0178793,
00000713,
40fa8ab3,
002b1793,
00e7e7b3,
fff78793,
00e00693,
0149c933,
14f6ec63,
0000b6b7,
00279793,
e6c68693,
00d787b3,
0007a783,
00078067,
00a46cb3,
060c8c63,
04040063,
00040513,
35d010ef,
00050793,
ff550713,
01d00c93,
ff878693,
40ec8cb3,
00d41433,
01995cb3,
008cecb3,
00d91433,
c0d00a93,
40fa8ab3,
00040493,
f45ff06f,
325010ef,
01550713,
01c00693,
02050793,
fce6d2e3,
ff850513,
00a91cb3,
fd5ff06f,
00a46cb3,
020c9063,
00000493,
00200b13,
f15ff06f,
00000493,
00000a93,
00100b13,
f05ff06f,
00050493,
00040c93,
00300b13,
ef5ff06f,
017465b3,
08058063,
04040263,
00040513,
2c1010ef,
00050693,
ff550793,
01d00713,
ff868613,
40f70733,
00c41433,
00ebd733,
00876733,
00cb9433,
c0d00793,
00040593,
40d787b3,
00070413,
ee5ff06f,
000b8513,
281010ef,
01550793,
01c00713,
02050693,
faf75ee3,
ff850713,
00eb9733,
fcdff06f,
017465b3,
02059063,
00000413,
00200713,
eb1ff06f,
00000413,
00000793,
00100713,
ea1ff06f,
000b8593,
00300713,
e95ff06f,
01946663,
408c9a63,
40b4e863,
01fc9713,
0014d793,
01f49c13,
001cdc93,
00f764b3,
00841793,
0185db13,
00fb6b33,
0107dd13,
010b1793,
0107d793,
00859b93,
000c8513,
000d0593,
00f12623,
0c5010ef,
00050593,
00050a13,
010b1513,
01055513,
085010ef,
00050993,
000d0593,
000c8513,
0e9010ef,
01051513,
0104d793,
00a7e7b3,
0137fa63,
00fb07b3,
0167e463,
3937ee63,
fffa0a13,
413789b3,
000d0593,
00098513,
071010ef,
00050593,
00050413,
010b1513,
01055513,
031010ef,
00050c93,
000d0593,
00098513,
095010ef,
01049993,
01051513,
0109d993,
00a9e9b3,
0199fa63,
013b09b3,
0199f463,
3569f863,
fff40413,
010a1513,
00856733,
010b9693,
0106d693,
01071513,
419989b3,
010bdd93,
01055513,
00d12623,
00068593,
7d0010ef,
00050813,
01071513,
01055513,
000d8593,
7bc010ef,
010b9593,
00050793,
0105d593,
01075513,
7a8010ef,
00050893,
000d8593,
01075513,
798010ef,
01085a13,
011787b3,
00fa0a33,
011a7663,
000107b7,
00f50533,
010a5793,
01081813,
010a1a13,
01085813,
00a78533,
010a0a33,
00a9e663,
2aa99e63,
2b4c7c63,
017c07b3,
0187b6b3,
01668633,
00c989b3,
fff70413,
00078c13,
013b6663,
02069463,
033b1263,
00a9e663,
01351e63,
0147fc63,
00fb8c33,
017c37b3,
016787b3,
ffe70413,
00f989b3,
414c0a33,
40a989b3,
014c37b3,
40f989b3,
fff00593,
193b0263,
000d0593,
00098513,
720010ef,
00050593,
00050493,
010b1513,
01055513,
6e0010ef,
00050c13,
000d0593,
00098513,
744010ef,
01051513,
010a5713,
00a76733,
01877a63,
00eb0733,
01676463,
21876c63,
fff48493,
418709b3,
000d0593,
00098513,
6cc010ef,
00050593,
00050c13,
010b1513,
01055513,
68c010ef,
00050c93,
000d0593,
00098513,
6f0010ef,
010a1793,
01051513,
0107d793,
00a7e7b3,
0197fa63,
00fb07b3,
0197f463,
1d67f663,
fffc0c13,
01049713,
01876733,
01071513,
010b9593,
419787b3,
01055513,
0105d593,
638010ef,
00050813,
01071513,
01055513,
000d8593,
624010ef,
010b9593,
00050893,
0105d593,
01075513,
610010ef,
00050313,
000d8593,
01075513,
600010ef,
01085693,
006888b3,
011686b3,
0066f663,
00010637,
00c50533,
0106d613,
01081813,
01069693,
01085813,
00a60533,
010686b3,
00a7e663,
04a79463,
14068063,
00fb0633,
fff70593,
00060793,
03666463,
00a66663,
02a61463,
00dbfe63,
ffe70593,
001b9713,
017737b3,
016787b3,
00f607b3,
00070b93,
00db9463,
00a78663,
00058713,
00176593,
3ffa8793,
12f05e63,
0075f713,
02070063,
00f5f713,
00400693,
00d70a63,
00d58733,
00b736b3,
00d40433,
00070593,
00741713,
00075a63,
ff0007b7,
fff78793,
00f47433,
400a8793,
7fe00713,
1cf74263,
01d41713,
0035d593,
00b76733,
00345413,
00c41413,
00c45413,
01479793,
04c12083,
0087e7b3,
04812403,
01f91913,
04412483,
03c12983,
03812a03,
03412a83,
03012b03,
02c12b83,
02812c03,
02412c83,
02012d03,
01c12d83,
0127e5b3,
00070513,
04012903,
05010113,
00008067,
fffa8a93,
00000c13,
c01ff06f,
ffea0a13,
016787b3,
c65ff06f,
ffe40413,
016989b3,
cb1ff06f,
00070413,
d8dff06f,
ffe48493,
01670733,
de9ff06f,
ffec0c13,
016787b3,
e35ff06f,
00000b93,
00070593,
ef1ff06f,
000a0913,
00070b13,
00200793,
0efb0e63,
00300793,
0efb0063,
00100793,
eefb10e3,
00000413,
00000713,
08c0006f,
00098913,
000c8413,
00048593,
fd1ff06f,
08078063,
fc900713,
fce7cee3,
fe200713,
06e7cc63,
00100713,
40f70733,
41ea8a93,
00e5d7b3,
015595b3,
00b035b3,
01541ab3,
0155e5b3,
00b7e7b3,
00e45433,
0077f713,
02070063,
00f7f713,
00400693,
00d70a63,
00d78733,
00f736b3,
00d40433,
00070793,
00841713,
06074c63,
01d41713,
0037d793,
00f76733,
00345413,
00000793,
ea1ff06f,
00100713,
f99ff06f,
fe100613,
40f60733,
00e45733,
00000693,
00c78663,
43ea8a93,
015416b3,
00b6e6b3,
00d036b3,
00d767b3,
00000413,
f89ff06f,
00080437,
00000713,
7ff00793,
00000913,
e55ff06f,
00000413,
00000713,
7ff00793,
e45ff06f,
00000413,
00000713,
00100793,
e35ff06f,
001007b7,
0145d813,
fff78793,
0146d313,
7ff87813,
7ff00e93,
00b7f733,
00050893,
01f5df93,
00d7f7b3,
7ff37313,
01f6df13,
01d81863,
00a76e33,
00100513,
040e1263,
01d31863,
00c7e7b3,
00100513,
02079a63,
00b6c6b3,
00169693,
02069263,
03161063,
00000513,
01ef8e63,
00100513,
00081a63,
01176733,
00e03533,
00008067,
00100513,
00008067,
0145d893,
00100737,
fff70713,
0146d813,
7ff8f893,
7ff00793,
00b77333,
7ff87813,
00d77733,
01f5d593,
01f6d693,
02f88063,
7ff00e13,
00080793,
03c81463,
00c76e33,
020e0063,
ffe00793,
0100006f,
00a36e33,
ffe00793,
fc0e0ee3,
00078513,
00008067,
00000e13,
00089663,
00a36e33,
001e3e13,
04081863,
00c76eb3,
000e0a63,
fc0e8ee3,
00169793,
fff78793,
fd1ff06f,
020e9c63,
40b005b3,
0015e793,
fc1ff06f,
ff08c2e3,
fe6768e3,
00a67463,
fee304e3,
00c56663,
00000793,
fae372e3,
00159793,
fc9ff06f,
fc0e10e3,
fcb696e3,
fd185ae3,
40d006b3,
0016e793,
f85ff06f,
0145d893,
00100737,
fff70713,
0146d813,
7ff8f893,
7ff00793,
00b77333,
7ff87813,
00d77733,
01f5d593,
01f6d693,
02f88063,
7ff00e13,
00080793,
03c81463,
00c76e33,
020e0063,
00200793,
0100006f,
00a36e33,
00200793,
fc0e0ee3,
00078513,
00008067,
00000e13,
00089663,
00a36e33,
001e3e13,
04081863,
00c76eb3,
000e0a63,
fc0e8ee3,
00169793,
fff78793,
fd1ff06f,
020e9c63,
40b005b3,
0015e793,
fc1ff06f,
ff08c2e3,
fe6768e3,
00a67463,
fee304e3,
00c56663,
00000793,
fae372e3,
00159793,
fc9ff06f,
fc0e10e3,
fcb696e3,
fd185ae3,
40d006b3,
0016e793,
f85ff06f,
fd010113,
01312e23,
0145d993,
02812423,
02912223,
01412c23,
01512a23,
01712623,
00c59493,
02112623,
03212023,
01612823,
7ff9f993,
00050413,
00060b93,
00068a13,
00c4d493,
01f5da93,
0c098263,
7ff00793,
12f98463,
00349493,
01d55793,
0097e7b3,
008004b7,
0097e4b3,
00351913,
c0198993,
00000b13,
014a5793,
00ca1413,
7ff7f793,
00c45413,
01fa5a13,
12078063,
7ff00713,
18e78463,
00341413,
01dbd713,
00876733,
00800437,
00876433,
003b9593,
c0178793,
00000693,
00f989b3,
002b1793,
00d7e7b3,
00a00713,
00198893,
1af74263,
00200613,
014ac833,
00100713,
16f64863,
fff78793,
1af76663,
00068b13,
00200793,
58fb0863,
00300793,
56fb0e63,
00100793,
40fb1063,
00000413,
00000713,
5180006f,
00a4e933,
06090e63,
04048263,
00048513,
150010ef,
00050713,
ff550693,
01d00793,
ff870613,
40d787b3,
00c494b3,
00f457b3,
0097e7b3,
00c414b3,
c0d00993,
00048913,
40e989b3,
00078493,
f1dff06f,
114010ef,
01550693,
01c00793,
02050713,
fcd7d0e3,
ff850793,
00f417b3,
fd1ff06f,
00a4e933,
02091063,
00000493,
00200b13,
eedff06f,
00000493,
00000993,
00100b13,
eddff06f,
00050913,
00300b13,
ed1ff06f,
017465b3,
08058063,
04040263,
00040513,
0b4010ef,
00050693,
ff550793,
01d00713,
ff868613,
40f70733,
00c41433,
00ebd733,
00876733,
00cb9433,
c0d00793,
00040593,
40d787b3,
00070413,
ec1ff06f,
000b8513,
074010ef,
01550793,
01c00713,
02050693,
faf75ee3,
ff850713,
00eb9733,
fcdff06f,
017465b3,
02059063,
00000413,
00200693,
e8dff06f,
00000413,
00000793,
00100693,
e7dff06f,
000b8593,
00300693,
e71ff06f,
00f717b3,
5307f713,
02071863,
2407f613,
40061463,
0887f793,
02078663,
000a0813,
e7dff06f,
00f00713,
40e78063,
00b00713,
000a8813,
fee784e3,
00048413,
00090593,
e61ff06f,
01095793,
01059f13,
01091913,
01095913,
010f5f13,
0105de93,
00090513,
000f0593,
671000ef,
00050e13,
000e8593,
00090513,
661000ef,
00050f93,
000f0593,
00078513,
651000ef,
00050293,
000e8593,
00078513,
641000ef,
010e5313,
005f8fb3,
01f30333,
00050713,
00537663,
000106b7,
00d50733,
010e1e13,
01035393,
010e5e13,
01031313,
01c30333,
01045e13,
01041413,
01045413,
00090513,
00040593,
5f9000ef,
00050293,
000e0593,
00090513,
5e9000ef,
00050f93,
00040593,
00078513,
5d9000ef,
00050913,
000e0593,
00078513,
5c9000ef,
0102d793,
012f8fb3,
01f787b3,
0127f663,
000106b7,
00d50533,
01029293,
0107d593,
0102d293,
0104d913,
01079793,
01049493,
005787b3,
0104d493,
00a58fb3,
00f383b3,
00048513,
000f0593,
57d000ef,
00050293,
000e8593,
00048513,
56d000ef,
00050a13,
000f0593,
00090513,
55d000ef,
00050f13,
000e8593,
00090513,
54d000ef,
0102d613,
01ea0a33,
01460633,
01e67663,
000106b7,
00d50533,
01029293,
01065593,
0102d293,
01061613,
00a58eb3,
00560f33,
00048513,
00040593,
511000ef,
00050293,
000e0593,
00048513,
501000ef,
00050493,
00040593,
00090513,
4f1000ef,
00050413,
000e0593,
00090513,
4e1000ef,
0102d613,
008484b3,
00960633,
00050e13,
00867663,
000106b7,
00d50e33,
01029293,
01061693,
0102d293,
00770733,
005686b3,
01f685b3,
00f737b3,
00f587b3,
00d5b6b3,
00b7b5b3,
00b6e6b3,
01065613,
00c686b3,
01e70633,
01d785b3,
00e63733,
00e58733,
00f5b7b3,
00b735b3,
00b7e7b3,
00961593,
00d787b3,
0065e5b3,
01c787b3,
00b035b3,
01765613,
00979793,
01775413,
00c5e5b3,
00971713,
00e5e5b3,
00779713,
0087e433,
0c075063,
0015d793,
0015f593,
00b7e7b3,
01f41593,
00b7e5b3,
00145413,
3ff88793,
0af05463,
0075f713,
02070063,
00f5f713,
00400693,
00d70a63,
00d58733,
00b736b3,
00d40433,
00070593,
00741713,
00075a63,
ff0007b7,
fff78793,
00f47433,
40088793,
7fe00713,
12f74c63,
01d41713,
0035d593,
00b76733,
00345413,
00c41413,
00c45413,
01479793,
02c12083,
0087e7b3,
02812403,
01f81813,
02412483,
02012903,
01c12983,
01812a03,
01412a83,
01012b03,
00c12b83,
00070513,
0107e5b3,
03010113,
00008067,
00098893,
f59ff06f,
08078063,
fc900713,
b4e7c8e3,
fe200713,
06e7cc63,
00100713,
40f70733,
41e88893,
011597b3,
00f037b3,
011418b3,
00e5d6b3,
0117e7b3,
00d7e7b3,
00e45433,
0077f713,
02070063,
00f7f713,
00400693,
00d70a63,
00d78733,
00f736b3,
00d40433,
00070793,
00841713,
08074063,
01d41713,
0037d793,
00f76733,
00345413,
00000793,
f35ff06f,
00100713,
f99ff06f,
fe100613,
40f60733,
00e45733,
00000693,
00c78663,
43e88893,
011416b3,
00d5e5b3,
00b035b3,
00b767b3,
00000413,
f89ff06f,
00080437,
7ff00793,
00000813,
eedff06f,
00080437,
00000713,
fedff06f,
00000413,
00000713,
7ff00793,
ed1ff06f,
00000413,
00000713,
00100793,
ec1ff06f,
00100837,
fff80813,
fe010113,
00b877b3,
0145d713,
00d87833,
0146d893,
00912a23,
00379793,
7ff77493,
01d55713,
01212823,
00f767b3,
01f5d913,
01d65713,
00381813,
00112e23,
00812c23,
01312623,
7ff8f893,
7ff00593,
00351513,
01f6d693,
01076733,
00361613,
00b89663,
00c765b3,
00059463,
0016c693,
41148833,
7ff00593,
31269463,
11005263,
02089c63,
00c766b3,
02068463,
fff48813,
00081e63,
00c50633,
00e787b3,
00a63533,
00a787b3,
00100493,
0600006f,
00b49c63,
00050613,
1d80006f,
feb48ce3,
008006b7,
00d76733,
03800693,
0b06c663,
01f00693,
02000893,
0706c863,
410888b3,
011716b3,
010655b3,
011618b3,
00b6e6b3,
011038b3,
0116e6b3,
01075833,
00a68633,
00f80833,
00d636b3,
00d807b3,
00879713,
22075663,
00148493,
7ff00713,
60e48863,
ff800737,
fff70713,
00e7f7b3,
00165713,
00167613,
00c76733,
01f79613,
00e66633,
0017d793,
1f80006f,
fe080693,
00d756b3,
00000593,
01180863,
04000593,
410585b3,
00b715b3,
00c5e5b3,
00b035b3,
00b6e6b3,
00000813,
f89ff06f,
00c766b3,
00d036b3,
ff1ff06f,
0c080263,
409886b3,
02049263,
00a7e833,
00080863,
fff68813,
ee080ee3,
02b69063,
00070793,
00068493,
0e40006f,
58b88663,
008005b7,
00b7e7b3,
00068813,
03800693,
0706cc63,
01f00693,
02000313,
0306ce63,
41030333,
006796b3,
010555b3,
00651333,
00b6e6b3,
00603333,
0066e6b3,
0107d833,
00c68633,
00e80833,
00d636b3,
00d807b3,
00088493,
f05ff06f,
fe080693,
00d7d6b3,
00000593,
00680863,
04000593,
410585b3,
00b795b3,
00a5e5b3,
00b035b3,
00b6e6b3,
00000813,
fbdff06f,
00a7e6b3,
00d036b3,
ff1ff06f,
00148693,
7fe6f813,
0c081263,
00a7e6b3,
0a049463,
4a068863,
00c766b3,
4a068863,
00c50633,
00e787b3,
00a63533,
00a787b3,
00879713,
32075a63,
ff800737,
fff70713,
00e7f7b3,
00100493,
01d79693,
00365613,
7ff00713,
00c6e6b3,
0037d793,
00e49e63,
00f6e6b3,
00000793,
00068863,
000807b7,
00000693,
00000913,
7ff4f713,
00c79793,
01c12083,
01812403,
00c7d793,
01471713,
01f91593,
00f76733,
00b767b3,
01412483,
01012903,
00c12983,
00068513,
00078593,
02010113,
00008067,
40068e63,
00c76733,
2c071c63,
00050613,
4100006f,
40b68a63,
00c50633,
00e787b3,
00a63533,
00a787b3,
01f79713,
00165613,
00c76633,
0017d793,
00068493,
00767713,
02070063,
00f67713,
00400693,
00d70a63,
00d60733,
00c736b3,
00d787b3,
00070613,
00879713,
f20756e3,
00148493,
7ff00713,
3ae48e63,
ff800737,
fff70713,
00e7f7b3,
f11ff06f,
0f005063,
08089863,
00c766b3,
d20682e3,
fff48813,
00081e63,
40c50633,
40e787b3,
00c53533,
40a787b3,
00100493,
04c0006f,
d0b480e3,
03800693,
0906ce63,
01f00693,
02000893,
0706c063,
410888b3,
011716b3,
010655b3,
011618b3,
00b6e6b3,
011038b3,
0116e6b3,
01075833,
40d50633,
41078833,
00c53533,
40a807b3,
00879713,
f2075ee3,
00800437,
fff40413,
0087f433,
00060993,
2140006f,
c8b48ee3,
008006b7,
00d76733,
f95ff06f,
fe080693,
00d756b3,
00000593,
01180863,
04000593,
410585b3,
00b715b3,
00c5e5b3,
00b035b3,
00b6e6b3,
00000813,
f99ff06f,
00c766b3,
00d036b3,
ff1ff06f,
0e080663,
40988333,
04049263,
00a7e833,
02080663,
fff30813,
02081063,
40a60533,
00a635b3,
40f707b3,
00050613,
40b787b3,
00068913,
f15ff06f,
02b31263,
00068913,
00070793,
00030493,
de5ff06f,
28b88463,
008005b7,
00b7e7b3,
00030813,
03800593,
0905c063,
01f00593,
02000e13,
0505c263,
410e0e33,
01c795b3,
01055333,
01c51e33,
0065e5b3,
01c03e33,
01c5e5b3,
0107d833,
40b605b3,
00b637b3,
41070833,
00058613,
40f807b3,
00088493,
00068913,
eedff06f,
fe080593,
00b7d5b3,
00000313,
01c80863,
04000313,
41030333,
00679333,
00a36333,
00603333,
0065e5b3,
00000813,
fb5ff06f,
00a7e5b3,
00b035b3,
ff1ff06f,
00148813,
7fe87813,
0a081063,
00c76833,
00a7e8b3,
06049863,
00089a63,
00070793,
02081e63,
00000913,
1b40006f,
18080c63,
40c50833,
010538b3,
40e785b3,
411585b3,
00859893,
0208d663,
40a60533,
00a635b3,
40f707b3,
00050613,
40b787b3,
00068913,
00f66733,
1a070063,
00000493,
d81ff06f,
00b86633,
18060263,
00058793,
00080613,
fe1ff06f,
00089e63,
00068913,
14081063,
00000913,
004007b7,
00000613,
1340006f,
d0080ee3,
fedff06f,
40c505b3,
00b53833,
40e78433,
41040433,
00841813,
00058993,
06085e63,
40a609b3,
40f70433,
01363633,
40c40433,
00068913,
06040e63,
00040513,
5a0000ef,
ff850713,
02000793,
40e787b3,
00e41433,
00f9d7b3,
0087e7b3,
00e99633,
0a974463,
40970733,
00170513,
01f00693,
02000593,
06a6c263,
40a585b3,
00b79733,
00a656b3,
00b615b3,
00d76733,
00b035b3,
00b76633,
00a7d7b3,
f29ff06f,
0085e633,
f8061ce3,
00000913,
00000793,
00000493,
bf1ff06f,
00098513,
528000ef,
01850713,
01f00793,
f8e7d2e3,
ff850793,
00f997b3,
00000613,
f8dff06f,
fe170713,
00e7d733,
00000693,
00b50863,
04000693,
40a686b3,
00d796b3,
00d666b3,
00d036b3,
00d76633,
00000793,
ebdff06f,
40e484b3,
ff800737,
fff70713,
00e7f7b3,
c35ff06f,
00070793,
ea1ff06f,
00050613,
e99ff06f,
00070793,
00058493,
b6dff06f,
00068493,
00000793,
00000613,
b5dff06f,
00068913,
00070793,
00088493,
b4dff06f,
00000913,
00000793,
b41ff06f,
00000793,
00000613,
f41ff06f,
0145d713,
001006b7,
fff68793,
7ff77713,
3fe00613,
00b7f7b3,
01f5d593,
04e65c63,
41d00613,
00e65a63,
80000537,
fff50513,
00a58533,
00008067,
00d7e7b3,
41300693,
02e6d463,
bed70693,
00d797b3,
43300693,
40e68733,
00e55533,
00a7e533,
00058e63,
40a00533,
00008067,
40e686b3,
00d7d533,
fedff06f,
00000513,
00008067,
0145d713,
00100837,
fff80793,
7ff77713,
3fe00693,
00b7f7b3,
00050613,
01f5d593,
04e6d863,
41f00693,
40b686b3,
fff58513,
04d75263,
00000513,
02059e63,
41300693,
0107e7b3,
02e6d063,
bed70693,
00d797b3,
43300693,
40e68733,
00e65633,
00c7e533,
00008067,
40e686b3,
00d7d533,
00008067,
00000513,
00008067,
ff010113,
00812423,
00112623,
00050413,
06050063,
368000ef,
41e00713,
00a00793,
40a70733,
02a7ce63,
00b00793,
40a787b3,
01550513,
00f457b3,
00a41433,
00c12083,
00040513,
00812403,
00c79793,
01471713,
00c7d793,
00f765b3,
01010113,
00008067,
ff550513,
00a417b3,
00000413,
fd1ff06f,
00000793,
00000713,
fc5ff06f,
fe010113,
00112e23,
00812c23,
00912a23,
01212823,
01312623,
01412423,
00b56733,
18070263,
00050913,
00058493,
00058413,
0a058e63,
00058513,
2c8000ef,
43e00a13,
00a00793,
00050993,
40aa0a33,
10a7c463,
00700793,
12a7c263,
03850613,
00048593,
00090513,
260000ef,
00b56533,
00800613,
00a034b3,
00040593,
41360633,
00090513,
208000ef,
00a4e7b3,
00058413,
ff800737,
fff70713,
00e47433,
0077f713,
02070e63,
00f7f713,
00400693,
02d70863,
00d78733,
00f736b3,
00d40433,
00070793,
00841713,
00075c63,
ff800737,
fff70713,
43f00a13,
00e47433,
413a0a33,
01d41713,
0037d793,
00f76733,
00345413,
0380006f,
214000ef,
02050993,
43e00a13,
02a00793,
413a0a33,
0737c463,
02b00413,
ff598713,
41340433,
00e494b3,
00895433,
00946433,
00e91733,
00c41413,
014a1a13,
00c45413,
008a65b3,
01c12083,
01812403,
01412483,
01012903,
00c12983,
00812a03,
00070513,
02010113,
00008067,
00b00793,
00090713,
faf514e3,
43300a13,
fbdff06f,
ff550413,
00000713,
00891433,
fadff06f,
00800713,
00090793,
f0e506e3,
02800413,
ff850713,
40a40433,
00895433,
00e494b3,
00946433,
00e917b3,
eedff06f,
00000413,
00000a13,
f75ff06f,
00050613,
00000513,
0015f693,
00068463,
00c50533,
0015d593,
00161613,
fe0596e3,
00008067,
06054063,
0605c663,
00058613,
00050593,
fff00513,
02060c63,
00100693,
00b67a63,
00c05863,
00161613,
00169693,
feb66ae3,
00000513,
00c5e663,
40c585b3,
00d56533,
0016d693,
00165613,
fe0696e3,
00008067,
00008293,
fb5ff0ef,
00058513,
00028067,
40a00533,
00b04863,
40b005b3,
f9dff06f,
40b005b3,
00008293,
f91ff0ef,
40a00533,
00028067,
00008293,
0005ca63,
00054c63,
f79ff0ef,
00058513,
00028067,
40b005b3,
fe0558e3,
40a00533,
f61ff0ef,
40b00533,
00028067,
00060e63,
01f00793,
00c7dc63,
fe060613,
00c5d533,
00000713,
00070593,
00008067,
02000793,
40c787b3,
00c5d733,
00c55533,
00f595b3,
00a5e533,
fe1ff06f,
00060e63,
01f00793,
00c7dc63,
fe060613,
00c515b3,
00000713,
00070513,
00008067,
02000793,
40c787b3,
00c51733,
00c595b3,
00f55533,
00b565b3,
fe1ff06f,
000107b7,
02f57a63,
10053793,
0017b793,
00379793,
0000b737,
00f55533,
ea870713,
00a70733,
00074503,
02000693,
40f686b3,
40a68533,
00008067,
01000737,
01800793,
fce57ae3,
01000793,
fcdff06f,
70206b36,
6f667265,
6e616d72,
72206563,
70206e75,
6d617261,
72657465,
6f662073,
6f632072,
616d6572,
002e6b72,
76206b36,
64696c61,
6f697461,
7572206e,
6170206e,
656d6172,
73726574,
726f6620,
726f6320,
72616d65,
00002e6b,
00000000,
666f7250,
20656c69,
656e6567,
69746172,
72206e6f,
70206e75,
6d617261,
72657465,
6f662073,
6f632072,
616d6572,
002e6b72,
70204b32,
6f667265,
6e616d72,
72206563,
70206e75,
6d617261,
72657465,
6f662073,
6f632072,
616d6572,
002e6b72,
76204b32,
64696c61,
6f697461,
7572206e,
6170206e,
656d6172,
73726574,
726f6620,
726f6320,
72616d65,
00002e6b,
5d75255b,
4f525245,
6c202152,
20747369,
20637263,
30257830,
2d207834,
6f687320,
20646c75,
30206562,
34302578,
00000a78,
5d75255b,
4f525245,
6d202152,
69727461,
72632078,
78302063,
78343025,
73202d20,
6c756f68,
65622064,
25783020,
0a783430,
00000000,
5d75255b,
4f525245,
73202152,
65746174,
63726320,
25783020,
20783430,
6873202d,
646c756f,
20656220,
30257830,
000a7834,
65726f43,
6b72614d,
7a695320,
20202065,
25203a20,
000a756c,
61746f54,
6974206c,
20736b63,
20202020,
25203a20,
6b20756c,
0000000a,
61746f54,
6974206c,
2820656d,
73636573,
25203a29,
00000a66,
72657449,
6f697461,
532f736e,
20206365,
25203a20,
00000a66,
4f525245,
4d202152,
20747375,
63657865,
20657475,
20726f66,
6c207461,
74736165,
20303120,
73636573,
726f6620,
76206120,
64696c61,
73657220,
21746c75,
00000000,
72657449,
6f697461,
2020736e,
20202020,
25203a20,
000a756c,
31434347,
2e322e35,
00000030,
706d6f43,
72656c69,
72657620,
6e6f6973,
25203a20,
00000a73,
20656553,
656b614d,
656c6966,
00000000,
706d6f43,
72656c69,
616c6620,
20207367,
25203a20,
00000a73,
54415453,
00004349,
6f6d654d,
6c207972,
7461636f,
206e6f69,
25203a20,
00000a73,
64656573,
20637263,
20202020,
20202020,
30203a20,
34302578,
00000a78,
5d64255b,
6c637263,
20747369,
20202020,
203a2020,
30257830,
000a7834,
5d64255b,
6d637263,
69727461,
20202078,
203a2020,
30257830,
000a7834,
5d64255b,
73637263,
65746174,
20202020,
203a2020,
30257830,
000a7834,
5d64255b,
66637263,
6c616e69,
20202020,
203a2020,
30257830,
000a7834,
72726f43,
20746365,
7265706f,
6f697461,
6176206e,
6164696c,
2e646574,
65655320,
41455220,
2e454d44,
6620646d,
7220726f,
61206e75,
7220646e,
726f7065,
676e6974,
6c757220,
002e7365,
65726f43,
6b72614d,
302e3120,
25203a20,
202f2066,
25207325,
00000073,
25202f20,
00000073,
6e6e6143,
7620746f,
64696c61,
20657461,
7265706f,
6f697461,
6f66206e,
68742072,
20657365,
64656573,
6c617620,
2c736575,
656c7020,
20657361,
706d6f63,
20657261,
68746977,
73657220,
73746c75,
206e6f20,
6e6b2061,
206e776f,
74616c70,
6d726f66,
0000002e,
6f727245,
64207372,
63657465,
00646574,
4f525245,
4e202152,
5043206f,
61622055,
63206573,
746e756f,
20737265,
69617661,
6c62616c,
5a282065,
746e6369,
0a212972,
00000000,
524f454e,
3a323356,
6f725020,
73736563,
7220726f,
696e6e75,
6120676e,
75252074,
0a7a4820,
00000000,
524f454e,
3a323356,
65784520,
69747563,
6320676e,
6d65726f,
206b7261,
20752528,
72657469,
6f697461,
2e29736e,
69685420,
616d2073,
61742079,
7320656b,
20656d6f,
656d6974,
0a2e2e2e,
0000000a,
4f454e0a,
32335652,
6148203a,
61776472,
50206572,
6f667265,
6e616d72,
4d206563,
74696e6f,
2073726f,
776f6c28,
726f7720,
6f207364,
29796c6e,
0000000a,
41203e20,
76697463,
6c632065,
206b636f,
6c637963,
20207365,
20202020,
3a202020,
0a752520,
00000000,
52203e20,
72697465,
69206465,
7274736e,
69746375,
20736e6f,
20202020,
3a202020,
0a752520,
00000000,
43203e20,
72706d6f,
65737365,
6e692064,
75727473,
6f697463,
2020736e,
3a202020,
0a752520,
00000000,
48206f6e,
20734d50,
69617661,
6c62616c,
00000a65,
49203e20,
7274736e,
6964202e,
74617073,
77206863,
20746961,
6c637963,
3a207365,
0a752520,
00000000,
41203e20,
7720554c,
20746961,
6c637963,
20207365,
20202020,
20202020,
3a202020,
0a752520,
00000000,
42203e20,
636e6172,
6e692068,
75727473,
6f697463,
2020736e,
20202020,
3a202020,
0a752520,
00000000,
43203e20,
72746e6f,
66206c6f,
20776f6c,
6e617274,
72656673,
20202073,
3a202020,
0a752520,
00000000,
4c203e20,
2064616f,
74736e69,
74637572,
736e6f69,
20202020,
20202020,
3a202020,
0a752520,
00000000,
53203e20,
65726f74,
736e6920,
63757274,
6e6f6974,
20202073,
20202020,
3a202020,
0a752520,
00000000,
4c203e20,
2f64616f,
726f7473,
61772065,
63207469,
656c6379,
20202073,
3a202020,
0a752520,
00000000,
6c6c614d,
6620636f,
656c6961,
000a2164,
332e3054,
46312d65,
00000000,
542e542d,
71542b2b,
00000000,
2e335431,
7a346534,
00000000,
302e3433,
5e542d65,
00000000,
30352e35,
332b6530,
00000000,
32312e2d,
322d6533,
00000000,
6537382d,
3233382b,
00000000,
362e302b,
32312d65,
00000000,
352e3533,
30303434,
00000000,
3332312e,
30303534,
00000000,
3031312d,
3030372e,
00000000,
362e302b,
30303434,
00000000,
32313035,
00000000,
34333231,
00000000,
3437382d,
00000000,
3232312b,
00000000,
33323130,
37363534,
62613938,
66656463,
6a696867,
6e6d6c6b,
7271706f,
76757473,
7a797877,
00000000,
33323130,
37363534,
42413938,
46454443,
4a494847,
4e4d4c4b,
5251504f,
56555453,
5a595857,
00000000,
4c554e3c,
00003e4c,
33323130,
37363534,
62613938,
66656463,
00000000,
3b315b1b,
3c6d3133,
524f454e,
2d323356,
2d455452,
494e4150,
00203e43,
7570635b,
00007c31,
7570635b,
00007c30,
00205d4d,
00205d55,
74736e49,
74637572,
206e6f69,
65636361,
66207373,
746c7561,
00000000,
656c6c49,
206c6167,
74736e69,
74637572,
006e6f69,
74736e49,
74637572,
206e6f69,
72646461,
20737365,
6173696d,
6e67696c,
00006465,
69766e45,
6d6e6f72,
20746e65,
61657262,
696f706b,
0000746e,
64616f4c,
64646120,
73736572,
73696d20,
67696c61,
0064656e,
64616f4c,
63636120,
20737365,
6c756166,
00000074,
726f7453,
64612065,
73657264,
696d2073,
696c6173,
64656e67,
00000000,
726f7453,
63612065,
73736563,
75616620,
0000746c,
69766e45,
6d6e6f72,
20746e65,
6c6c6163,
6f726620,
2d55206d,
65646f6d,
00000000,
69766e45,
6d6e6f72,
20746e65,
6c6c6163,
6f726620,
2d4d206d,
65646f6d,
00000000,
6863614d,
20656e69,
74666f73,
65726177,
51524920,
00000000,
6863614d,
20656e69,
656d6974,
52492072,
00000051,
6863614d,
20656e69,
65747865,
6c616e72,
51524920,
00000000,
51524946,
2820302d,
29445754,
00000000,
51524946,
2820312d,
29534643,
00000000,
51524946,
2820322d,
54524155,
00002930,
51524946,
2820332d,
54524155,
00002931,
51524946,
2820342d,
65736572,
64657672,
00000029,
51524946,
2820352d,
43415254,
00295245,
51524946,
2820362d,
29495053,
00000000,
51524946,
2820372d,
29495754,
00000000,
51524946,
2820382d,
4f495047,
00000029,
51524946,
2820392d,
4c4f454e,
00294445,
51524946,
2030312d,
414d4428,
00000029,
51524946,
2031312d,
49445328,
00000029,
51524946,
2032312d,
54504728,
0029524d,
51524946,
2033312d,
454e4f28,
45524957,
00000029,
51524946,
2034312d,
494c5328,
00294b4e,
51524946,
2035312d,
4e525428,
00002947,
6e6b6e55,
206e776f,
70617274,
75616320,
00206573,
50454d20,
00003d43,
56544d20,
003d4c41,
73694420,
696c6261,
4920676e,
73205152,
6372756f,
00000065,
54414620,
20214c41,
746c6148,
20676e69,
20555043,
454e2f3c,
3356524f,
54522d32,
41502d45,
3e43494e,
6d305b1b,
0000000a,
4e2f3c20,
56524f45,
522d3233,
502d4554,
43494e41,
5b1b0a3e,
00006d30,
33323130,
37363534,
42413938,
46454443,
00000000,
0000a3d4,
0000a3e0,
0000a3ec,
0000a3f8,
0000a404,
0000a410,
0000a41c,
0000a428,
0000a434,
0000a440,
0000a44c,
0000a458,
0000a464,
0000a46c,
0000a474,
0000a47c,
00001e2e,
00001e16,
00001e1c,
00001e22,
00001e28,
00001e10,
80050000,
000a800f,
001e801b,
80110014,
00368033,
8039003c,
802d0028,
00228027,
00668063,
8069006c,
807d0078,
00728077,
80550050,
005a805f,
004e804b,
80410044,
00c680c3,
80c900cc,
80dd00d8,
00d280d7,
80f500f0,
00fa80ff,
00ee80eb,
80e100e4,
80a500a0,
00aa80af,
00be80bb,
80b100b4,
00968093,
8099009c,
808d0088,
00828087,
01868183,
8189018c,
819d0198,
01928197,
81b501b0,
01ba81bf,
01ae81ab,
81a101a4,
81e501e0,
01ea81ef,
01fe81fb,
81f101f4,
01d681d3,
81d901dc,
81cd01c8,
01c281c7,
81450140,
014a814f,
015e815b,
81510154,
01768173,
8179017c,
816d0168,
01628167,
01268123,
8129012c,
813d0138,
01328137,
81150110,
011a811f,
010e810b,
81010104,
03068303,
8309030c,
831d0318,
03128317,
83350330,
033a833f,
032e832b,
83210324,
83650360,
036a836f,
037e837b,
83710374,
03568353,
8359035c,
834d0348,
03428347,
83c503c0,
03ca83cf,
03de83db,
83d103d4,
03f683f3,
83f903fc,
83ed03e8,
03e283e7,
03a683a3,
83a903ac,
83bd03b8,
03b283b7,
83950390,
039a839f,
038e838b,
83810384,
82850280,
028a828f,
029e829b,
82910294,
02b682b3,
82b902bc,
82ad02a8,
02a282a7,
02e682e3,
82e902ec,
82fd02f8,
02f282f7,
82d502d0,
02da82df,
02ce82cb,
82c102c4,
02468243,
8249024c,
825d0258,
02528257,
82750270,
027a827f,
026e826b,
82610264,
82250220,
022a822f,
023e823b,
82310234,
02168213,
8219021c,
820d0208,
02028207,
00002c9a,
00002c2a,
00002c2a,
00002c92,
00002c2a,
00002c2a,
00002c2a,
00002c2a,
00002c2a,
00002c2a,
00002c2a,
00002c8a,
00002c2a,
00002c82,
00002c2a,
00002c2a,
00002c7a,
00002f2c,
00002ca2,
00002ca2,
00002ca2,
00002ca2,
00002ca2,
00002ca2,
00002ca2,
00002ca2,
00002ca2,
00002ca2,
00002ca2,
00002ca2,
00002ca2,
00002ca2,
00002ca2,
00002ca2,
00002ca2,
00002ca2,
00002ca2,
00002ca2,
00002ca2,
00002ca2,
000032c6,
00002ca2,
00002ca2,
00002ca2,
00002ca2,
00002ca2,
00002ca2,
00002ca2,
00002ca2,
000032ce,
00002ca2,
00002eb0,
00002dc0,
00002ca2,
000034c6,
00002ca2,
00002ca2,
00002dc0,
00002ca2,
00002ca2,
00002ca2,
00002ca2,
00002ca2,
00002ef4,
00002ef8,
00002ca2,
00002ca2,
00002de0,
00002ca2,
00002d58,
00002ca2,
00002ca2,
00002f28,
00003644,
00002ca4,
00002ca4,
00002ca4,
00002ca4,
00002ca4,
00002ca4,
00002ca4,
00002ca4,
00002ca4,
00002ca4,
00002ca4,
00002ca4,
00002ca4,
00002ca4,
00002ca4,
00002ca4,
00002ca4,
00002ca4,
00002ca4,
00002ca4,
00002ca4,
00002ca4,
00003638,
00002ca4,
00002ca4,
00002ca4,
00002ca4,
00002ca4,
00002ca4,
00002ca4,
00002ca4,
00003626,
00002ca4,
00002eb2,
00002dd0,
00002ca4,
0000362e,
00002ca4,
00002ca4,
00002dd0,
00002ca4,
00002ca4,
00002ca4,
00002ca4,
00002ca4,
00002ef2,
00002efa,
00002ca4,
00002ca4,
00002de2,
00002ca4,
00002d56,
00002ca4,
00002ca4,
00002f26,
000040ae,
00003ce0,
00003ce0,
00003ce0,
00003f16,
00003ce0,
00003ce0,
00003ce0,
00003efe,
00003ce0,
00003ce0,
00003ce0,
00003ce0,
00003f8e,
00003f76,
00003f46,
00004096,
0000407e,
00004066,
0000404e,
00004036,
0000401e,
00004006,
00003fee,
00003fd6,
00003fbe,
00003fa6,
00003f5e,
00003f2e,
00003d16,
00003e42,
00003d34,
00003ee6,
00003eb6,
00003ece,
00003e56,
00003e6e,
00003e86,
00003ce0,
00003ce0,
00003e9e,
00004448,
000043f4,
0000435a,
0000435a,
0000435a,
0000435a,
000043f4,
0000435a,
0000435a,
0000435a,
0000435a,
0000435a,
0000435a,
00004382,
0000435a,
0000435a,
000044b0,
0000435a,
00004462,
0000435a,
0000435a,
00004382,
20202000,
20202020,
28282020,
20282828,
20202020,
20202020,
20202020,
20202020,
10108820,
10101010,
10101010,
10101010,
04040410,
04040404,
10040404,
10101010,
41411010,
41414141,
01010101,
01010101,
01010101,
01010101,
01010101,
10101010,
42421010,
42424242,
02020202,
02020202,
02020202,
02020202,
02020202,
10101010,
00000020,
00000000,
00000000,
00000000,
00000000,
00000000,
00000000,
00000000,
00000000,
00000000,
00000000,
00000000,
00000000,
00000000,
00000000,
00000000,
00000000,
00000000,
00000000,
00000000,
00000000,
00000000,
00000000,
00000000,
00000000,
00000000,
00000000,
00000000,
00000000,
00000000,
00000000,
00000000,
00000000,
00008824,
0000873c,
0000871c,
0000873c,
00008810,
0000873c,
0000871c,
00008824,
00008824,
00008810,
0000871c,
00008748,
00008748,
00008748,
00008810,
02020100,
03030303,
04040404,
04040404,
05050505,
05050505,
05050505,
05050505,
06060606,
06060606,
06060606,
06060606,
06060606,
06060606,
06060606,
06060606,
07070707,
07070707,
07070707,
07070707,
07070707,
07070707,
07070707,
07070707,
07070707,
07070707,
07070707,
07070707,
07070707,
07070707,
07070707,
07070707,
08080808,
08080808,
08080808,
08080808,
08080808,
08080808,
08080808,
08080808,
08080808,
08080808,
08080808,
08080808,
08080808,
08080808,
08080808,
08080808,
08080808,
08080808,
08080808,
08080808,
08080808,
08080808,
08080808,
08080808,
08080808,
08080808,
08080808,
08080808,
08080808,
08080808,
08080808,
08080808,
00000000,
3ff00000,
00000000,
40240000,
eb851eb8,
3f9eb851,
00000000,
00000000,
80000000,
80000000,
80000008,
80000008,
80000010,
80000010,
80000018,
80000018,
80000020,
80000020,
80000028,
80000028,
80000030,
80000030,
80000038,
80000038,
80000040,
80000040,
80000048,
80000048,
80000050,
80000050,
80000058,
80000058,
80000060,
80000060,
80000068,
80000068,
80000070,
80000070,
80000078,
80000078,
80000080,
80000080,
80000088,
80000088,
80000090,
80000090,
80000098,
80000098,
800000a0,
800000a0,
800000a8,
800000a8,
800000b0,
800000b0,
800000b8,
800000b8,
800000c0,
800000c0,
800000c8,
800000c8,
800000d0,
800000d0,
800000d8,
800000d8,
800000e0,
800000e0,
800000e8,
800000e8,
800000f0,
800000f0,
800000f8,
800000f8,
80000100,
80000100,
80000108,
80000108,
80000110,
80000110,
80000118,
80000118,
80000120,
80000120,
80000128,
80000128,
80000130,
80000130,
80000138,
80000138,
80000140,
80000140,
80000148,
80000148,
80000150,
80000150,
80000158,
80000158,
80000160,
80000160,
80000168,
80000168,
80000170,
80000170,
80000178,
80000178,
80000180,
80000180,
80000188,
80000188,
80000190,
80000190,
80000198,
80000198,
800001a0,
800001a0,
800001a8,
800001a8,
800001b0,
800001b0,
800001b8,
800001b8,
800001c0,
800001c0,
800001c8,
800001c8,
800001d0,
800001d0,
800001d8,
800001d8,
800001e0,
800001e0,
800001e8,
800001e8,
800001f0,
800001f0,
800001f8,
800001f8,
80000200,
80000200,
80000208,
80000208,
80000210,
80000210,
80000218,
80000218,
80000220,
80000220,
80000228,
80000228,
80000230,
80000230,
80000238,
80000238,
80000240,
80000240,
80000248,
80000248,
80000250,
80000250,
80000258,
80000258,
80000260,
80000260,
80000268,
80000268,
80000270,
80000270,
80000278,
80000278,
80000280,
80000280,
80000288,
80000288,
80000290,
80000290,
80000298,
80000298,
800002a0,
800002a0,
800002a8,
800002a8,
800002b0,
800002b0,
800002b8,
800002b8,
800002c0,
800002c0,
800002c8,
800002c8,
800002d0,
800002d0,
800002d8,
800002d8,
800002e0,
800002e0,
800002e8,
800002e8,
800002f0,
800002f0,
800002f8,
800002f8,
80000300,
80000300,
80000308,
80000308,
80000310,
80000310,
80000318,
80000318,
80000320,
80000320,
80000328,
80000328,
80000330,
80000330,
80000338,
80000338,
80000340,
80000340,
80000348,
80000348,
80000350,
80000350,
80000358,
80000358,
80000360,
80000360,
80000368,
80000368,
80000370,
80000370,
80000378,
80000378,
80000380,
80000380,
80000388,
80000388,
80000390,
80000390,
80000398,
80000398,
800003a0,
800003a0,
800003a8,
800003a8,
800003b0,
800003b0,
800003b8,
800003b8,
800003c0,
800003c0,
800003c8,
800003c8,
800003d0,
800003d0,
800003d8,
800003d8,
800003e0,
800003e0,
800003e8,
800003e8,
800003f0,
800003f0,
800003f8,
800003f8,
00000000,
800006d4,
8000073c,
800007a4,
00000000,
00000000,
00000000,
00000000,
00000000,
00000000,
00000000,
00000000,
00000000,
00000000,
00000000,
00000000,
00000000,
00000000,
00000000,
00000000,
00000000,
00000000,
00000000,
00000000,
00000000,
00000000,
00000000,
00000000,
00000000,
00000000,
00000000,
00000000,
00000000,
00000000,
00000000,
00000000,
00000000,
00000000,
00000001,
00000000,
abcd330e,
e66d1234,
0005deec,
0000000b,
00000000,
00000000,
00000000,
00000000,
00000000,
00000000,
00000000,
00000000,
00000000,
00000000,
00000000,
00000000,
00000000,
00000000,
00000000,
00000000,
00000000,
00000000,
00000000,
00000000,
00000000,
00000000,
00000000,
00000000,
00000000,
00000000,
00000000,
00000000,
00000000,
00000000,
00000000,
00000000,
00000000,
00000000,
00000000,
00000000,
00000000,
00000003,
800006d4,
00000001,
000007d0,
00000066,
ffffffff,
00020000,
80000408;
